session_id,participant_id,topic_id,topic_preference,model_size,model_name,personality_context_enabled,style_name,topic_prompt,topic_embedding_json,total_turns,human_turns,agent_turns,total_words,total_tokens,coherence,windowed_coherence,topic_consistency,novelty,turn_balance,token_balance,question_rate,engagement_score,updated_at
00a64c26-fc04-4f39-9cd3-2f7ae316dba5,P-2644CBC033,T6,low,small,google/gemma-3-4b-it,1,Neutral Engagement Agent,"You receive an online order, but the delivery arrives much later than expected. How do you typically react?","[-0.0411, 0.0411, 0.0411, 0.0411, -0.0411, -0.0411, 0.0411, -0.082199, 0.0, -0.0411, 0.0, -0.0411, 0.082199, 0.0, -0.0411, 0.0, 0.0411, -0.082199, 0.0, 0.0, -0.0411, 0.0, 0.0, 0.0, 0.0, 0.0, -0.0411, -0.0411, 0.0, 0.0411, 0.0, -0.0411, 0.0, 0.082199, 0.082199, 0.0, -0.0411, 0.0411, 0.0, 0.0411, 0.0411, -0.082199, 0.0411, 0.082199, 0.0, -0.0411, 0.0, -0.0411, 0.0411, 0.0, 0.0, 0.0, -0.0411, -0.0411, 0.082199, 0.0, 0.0, 0.0411, 0.0, 0.0, 0.0, 0.0411, -0.0411, 0.0, 0.0, 0.0, -0.082199, 0.0, 0.0, 0.0, -0.0411, -0.0411, 0.0411, 0.0411, 0.0, -0.123299, 0.082199, 0.0411, 0.082199, -0.123299, 0.0, 0.082199, 0.0, -0.0411, -0.0411, -0.123299, 0.0, -0.082199, 0.0411, -0.082199, 0.0, 0.0, -0.0411, 0.0, 0.0411, 0.0411, 0.0411, 0.0, 0.0411, 0.0, 0.0, -0.082199, -0.0411, 0.0411, 0.0411, 0.0, 0.0, 0.0, 0.0, 0.0, 0.082199, 0.0411, -0.0411, 0.0411, 0.0, 0.0411, 0.082199, 0.0, 0.0, 0.0411, 0.0411, -0.0411, 0.0, 0.0411, 0.0411, 0.0411, -0.0411, -0.0411, -0.082199, 0.0, 0.082199, 0.0411, 0.0, 0.082199, 0.0411, 0.0411, -0.0411, -0.082199, 0.0, 0.0411, -0.0411, 0.0, 0.0, -0.0411, -0.164399, 0.0, 0.0411, -0.0411, 0.082199, 0.082199, -0.0411, 0.082199, -0.0411, 0.0411, -0.0411, 0.123299, -0.123299, 0.0, 0.123299, -0.0411, -0.082199, -0.123299, 0.0, 0.0, -0.123299, 0.0, 0.0, -0.0411, 0.0, -0.0411, -0.0411, 0.0, -0.0411, 0.0411, -0.0411, -0.0411, -0.0411, 0.0, 0.0, 0.0, 0.0411, -0.0411, 0.0, 0.0, 0.0, 0.0411, 0.123299, 0.082199, 0.0, 0.0, 0.0, 0.0411, 0.123299, 0.0, -0.082199, 0.082199, -0.0411, 0.0411, 0.0, 0.082199, 0.0, 0.0, 0.0, 0.0411, 0.082199, 0.0, -0.082199, 0.0, 0.0411, -0.123299, -0.082199, 0.0, 0.0, 0.0, 0.0411, 0.123299, 0.0, -0.0411, 0.0411, 0.0, 0.0, 0.0411, 0.0, -0.082199, 0.0, 0.0, 0.082199, 0.164399, -0.123299, -0.0411, 0.0, 0.0, 0.0, 0.0, -0.082199, 0.0, 0.0, 0.0, 0.0, 0.0, 0.082199, 0.0411, 0.0, 0.0, 0.0411, -0.0411, 0.0, -0.0411, 0.0, 0.0, 0.0, -0.0411, 0.0, 0.0411, 0.0411, -0.0411, 0.0, -0.082199, 0.123299, 0.0, -0.0411, 0.0, 0.0, 0.0, 0.082199, -0.082199, 0.0411, 0.0, 0.0411, 0.123299, 0.0411, -0.0411, -0.0411, 0.0, 0.0, -0.0411, 0.0, -0.0411, -0.0411, 0.0, 0.0, -0.082199, 0.0, -0.123299, 0.0, 0.082199, -0.082199, 0.0, 0.0411, 0.0411, 0.0, 0.0, 0.0, 0.082199, 0.0411, 0.0411, 0.082199, 0.0, -0.123299, 0.0, 0.0, 0.0, -0.082199, 0.082199, 0.0, -0.0411, -0.0411, 0.0, -0.0411, -0.123299, 0.0411, -0.0411, -0.123299, 0.0, 0.0, -0.082199, 0.0, 0.0, 0.0, 0.0, -0.0411, -0.0411, -0.0411, 0.0411, -0.0411, 0.123299, 0.0, 0.0, 0.0, -0.0411, 0.0411, 0.0, 0.0411, 0.0, -0.123299, -0.0411, -0.082199, 0.0, -0.0411, -0.0411, -0.0411, -0.0411, -0.0411, 0.0411, 0.0, 0.0411, 0.0, 0.0411, 0.0411, -0.082199, 0.0411, 0.082199, 0.0, 0.0411, 0.0, -0.0411, -0.082199, 0.0, -0.082199, 0.0, 0.0411, -0.0411, 0.0411, 0.0411, 0.0411, 0.0, -0.0411, 0.0, -0.082199, -0.082199, 0.0411, -0.0411, 0.0, 0.0, 0.0411, -0.0411, 0.0, 0.0, -0.0411, 0.0411, 0.0411, 0.0411, -0.0411, -0.0411]",12,6,6,74,95,0.5264,0.524,0.4828,0.4736,1.0,0.3014,0.0833,0.4858,2026-09-20T10:53:53
04969173-57b0-46e0-80c9-6ff29d139147,P-2644CBC033,T1,high,medium,google/gemma-4-31b-it,0,Neutral Engagement Agent,"You are at a supermarket in Greece, choosing cheese. You notice both branded options and supermarket own brands. What factors do you consider before deciding?","[0.031311, -0.062622, 0.031311, -0.031311, 0.0, 0.031311, 0.031311, -0.031311, 0.031311, -0.031311, -0.031311, -0.062622, 0.125245, 0.031311, -0.062622, 0.0, -0.031311, 0.031311, -0.031311, -0.031311, 0.031311, 0.031311, -0.093934, -0.031311, -0.031311, -0.031311, 0.0, 0.0, 0.0, 0.031311, 0.0, 0.031311, -0.031311, 0.125245, 0.093934, -0.031311, 0.062622, 0.031311, 0.031311, -0.031311, 0.062622, 0.0, 0.062622, 0.031311, 0.031311, 0.0, 0.0, -0.062622, -0.031311, 0.031311, 0.062622, 0.031311, 0.0, 0.0, 0.0, 0.031311, 0.0, -0.031311, 0.0, -0.031311, -0.031311, 0.031311, 0.062622, 0.0, -0.031311, -0.031311, 0.031311, -0.062622, -0.031311, 0.0, 0.031311, 0.031311, 0.0, -0.031311, 0.031311, 0.031311, 0.0, 0.062622, 0.0, 0.062622, 0.0, 0.093934, 0.0, -0.093934, 0.031311, -0.093934, 0.031311, -0.156556, 0.031311, -0.156556, 0.031311, 0.093934, -0.031311, 0.062622, -0.031311, -0.031311, 0.062622, 0.0, 0.062622, -0.031311, 0.031311, 0.062622, 0.0, -0.031311, 0.062622, -0.062622, -0.031311, -0.031311, 0.031311, 0.0, 0.062622, -0.093934, 0.0, 0.0, -0.062622, 0.031311, -0.031311, -0.031311, -0.093934, 0.0, 0.093934, 0.031311, 0.031311, 0.0, 0.0, 0.031311, -0.031311, -0.031311, -0.031311, 0.062622, 0.0, -0.031311, -0.031311, 0.125245, 0.0, -0.062622, 0.0, 0.0, -0.093934, 0.031311, 0.0, 0.031311, -0.093934, -0.062622, -0.031311, -0.031311, 0.0, 0.0, 0.0, 0.031311, 0.0, -0.062622, -0.062622, 0.0, -0.031311, 0.031311, 0.062622, 0.031311, 0.093934, 0.031311, -0.093934, 0.0, -0.031311, 0.031311, 0.031311, 0.031311, 0.0, 0.031311, 0.0, -0.125245, 0.031311, -0.031311, -0.031311, 0.125245, 0.0, 0.031311, -0.031311, 0.0, 0.031311, 0.125245, -0.031311, 0.0, 0.0, 0.0, 0.0, -0.031311, 0.093934, 0.062622, 0.062622, -0.062622, 0.0, 0.031311, 0.093934, 0.031311, -0.062622, -0.031311, 0.031311, 0.0, 0.0, 0.031311, 0.0, -0.031311, 0.093934, 0.0, -0.031311, 0.0, 0.062622, -0.031311, -0.062622, -0.062622, 0.0, 0.093934, -0.062622, 0.0, 0.031311, -0.031311, -0.031311, 0.031311, -0.062622, 0.062622, 0.062622, 0.0, 0.0, -0.093934, 0.062622, -0.062622, 0.0, 0.219179, -0.125245, 0.031311, -0.031311, 0.031311, 0.031311, 0.062622, 0.187867, -0.031311, 0.031311, -0.062622, -0.062622, -0.031311, 0.0, -0.062622, 0.0, 0.125245, 0.031311, -0.093934, 0.0, 0.031311, 0.031311, 0.0, 0.0, -0.031311, 0.0, -0.062622, -0.062622, 0.031311, -0.062622, -0.031311, -0.031311, 0.093934, -0.031311, 0.062622, 0.031311, 0.031311, 0.062622, -0.125245, -0.062622, -0.031311, -0.031311, 0.093934, 0.0, 0.062622, 0.0, 0.0, 0.0, -0.062622, 0.0, 0.031311, -0.062622, 0.062622, 0.0, 0.0, 0.0, 0.0, -0.031311, 0.031311, -0.031311, 0.031311, -0.031311, 0.0, -0.031311, 0.0, -0.031311, -0.031311, 0.0, 0.0, 0.062622, -0.062622, -0.093934, 0.0, 0.031311, 0.0, 0.0, 0.062622, 0.031311, -0.031311, -0.062622, 0.062622, 0.062622, 0.0, 0.0, -0.093934, -0.062622, -0.031311, 0.0, 0.0, 0.031311, 0.0, 0.031311, 0.0, 0.0, 0.0, 0.031311, 0.031311, -0.093934, 0.062622, -0.031311, 0.031311, 0.0, 0.093934, -0.062622, 0.031311, 0.0, 0.062622, 0.0, -0.093934, 0.0, 0.031311, 0.062622, 0.0, 0.031311, 0.0, 0.031311, 0.0, -0.062622, 0.0, 0.093934, -0.031311, 0.0, 0.0, -0.093934, 0.062622, 0.0, 0.0, -0.031311, -0.031311, 0.031311, 0.031311, -0.062622, 0.031311, 0.031311, 0.031311, 0.031311, -0.031311, 0.0, 0.0, -0.062622, 0.0, 0.0, -0.187867, 0.031311, 0.0, 0.062622, 0.093934, 0.031311, 0.0, -0.031311, -0.062622, 0.031311, 0.031311, 0.031311, 0.031311, 0.031311, -0.031311]",12,6,6,201,261,0.5638,0.596,0.5315,0.4362,1.0,0.9624,0.1667,0.5143,2026-09-20T12:21:36
1f7346ec-536a-473c-a8e3-93814bcf208a,P-2644CBC033,T6,low,medium,google/gemma-4-31b-it,1,Neutral Engagement Agent,"You receive an online order, but the delivery arrives much later than expected. How do you typically react?","[-0.0411, 0.0411, 0.0411, 0.0411, -0.0411, -0.0411, 0.0411, -0.082199, 0.0, -0.0411, 0.0, -0.0411, 0.082199, 0.0, -0.0411, 0.0, 0.0411, -0.082199, 0.0, 0.0, -0.0411, 0.0, 0.0, 0.0, 0.0, 0.0, -0.0411, -0.0411, 0.0, 0.0411, 0.0, -0.0411, 0.0, 0.082199, 0.082199, 0.0, -0.0411, 0.0411, 0.0, 0.0411, 0.0411, -0.082199, 0.0411, 0.082199, 0.0, -0.0411, 0.0, -0.0411, 0.0411, 0.0, 0.0, 0.0, -0.0411, -0.0411, 0.082199, 0.0, 0.0, 0.0411, 0.0, 0.0, 0.0, 0.0411, -0.0411, 0.0, 0.0, 0.0, -0.082199, 0.0, 0.0, 0.0, -0.0411, -0.0411, 0.0411, 0.0411, 0.0, -0.123299, 0.082199, 0.0411, 0.082199, -0.123299, 0.0, 0.082199, 0.0, -0.0411, -0.0411, -0.123299, 0.0, -0.082199, 0.0411, -0.082199, 0.0, 0.0, -0.0411, 0.0, 0.0411, 0.0411, 0.0411, 0.0, 0.0411, 0.0, 0.0, -0.082199, -0.0411, 0.0411, 0.0411, 0.0, 0.0, 0.0, 0.0, 0.0, 0.082199, 0.0411, -0.0411, 0.0411, 0.0, 0.0411, 0.082199, 0.0, 0.0, 0.0411, 0.0411, -0.0411, 0.0, 0.0411, 0.0411, 0.0411, -0.0411, -0.0411, -0.082199, 0.0, 0.082199, 0.0411, 0.0, 0.082199, 0.0411, 0.0411, -0.0411, -0.082199, 0.0, 0.0411, -0.0411, 0.0, 0.0, -0.0411, -0.164399, 0.0, 0.0411, -0.0411, 0.082199, 0.082199, -0.0411, 0.082199, -0.0411, 0.0411, -0.0411, 0.123299, -0.123299, 0.0, 0.123299, -0.0411, -0.082199, -0.123299, 0.0, 0.0, -0.123299, 0.0, 0.0, -0.0411, 0.0, -0.0411, -0.0411, 0.0, -0.0411, 0.0411, -0.0411, -0.0411, -0.0411, 0.0, 0.0, 0.0, 0.0411, -0.0411, 0.0, 0.0, 0.0, 0.0411, 0.123299, 0.082199, 0.0, 0.0, 0.0, 0.0411, 0.123299, 0.0, -0.082199, 0.082199, -0.0411, 0.0411, 0.0, 0.082199, 0.0, 0.0, 0.0, 0.0411, 0.082199, 0.0, -0.082199, 0.0, 0.0411, -0.123299, -0.082199, 0.0, 0.0, 0.0, 0.0411, 0.123299, 0.0, -0.0411, 0.0411, 0.0, 0.0, 0.0411, 0.0, -0.082199, 0.0, 0.0, 0.082199, 0.164399, -0.123299, -0.0411, 0.0, 0.0, 0.0, 0.0, -0.082199, 0.0, 0.0, 0.0, 0.0, 0.0, 0.082199, 0.0411, 0.0, 0.0, 0.0411, -0.0411, 0.0, -0.0411, 0.0, 0.0, 0.0, -0.0411, 0.0, 0.0411, 0.0411, -0.0411, 0.0, -0.082199, 0.123299, 0.0, -0.0411, 0.0, 0.0, 0.0, 0.082199, -0.082199, 0.0411, 0.0, 0.0411, 0.123299, 0.0411, -0.0411, -0.0411, 0.0, 0.0, -0.0411, 0.0, -0.0411, -0.0411, 0.0, 0.0, -0.082199, 0.0, -0.123299, 0.0, 0.082199, -0.082199, 0.0, 0.0411, 0.0411, 0.0, 0.0, 0.0, 0.082199, 0.0411, 0.0411, 0.082199, 0.0, -0.123299, 0.0, 0.0, 0.0, -0.082199, 0.082199, 0.0, -0.0411, -0.0411, 0.0, -0.0411, -0.123299, 0.0411, -0.0411, -0.123299, 0.0, 0.0, -0.082199, 0.0, 0.0, 0.0, 0.0, -0.0411, -0.0411, -0.0411, 0.0411, -0.0411, 0.123299, 0.0, 0.0, 0.0, -0.0411, 0.0411, 0.0, 0.0411, 0.0, -0.123299, -0.0411, -0.082199, 0.0, -0.0411, -0.0411, -0.0411, -0.0411, -0.0411, 0.0411, 0.0, 0.0411, 0.0, 0.0411, 0.0411, -0.082199, 0.0411, 0.082199, 0.0, 0.0411, 0.0, -0.0411, -0.082199, 0.0, -0.082199, 0.0, 0.0411, -0.0411, 0.0411, 0.0411, 0.0411, 0.0, -0.0411, 0.0, -0.082199, -0.082199, 0.0411, -0.0411, 0.0, 0.0, 0.0411, -0.0411, 0.0, 0.0, -0.0411, 0.0411, 0.0411, 0.0411, -0.0411, -0.0411]",12,6,6,171,222,0.5615,0.5795,0.5328,0.4385,1.0,0.8974,0.0833,0.5018,2026-09-20T12:39:24
225665bf-980c-4c4a-92af-deb7fc8eb20b,P-2644CBC033,T1,high,medium,google/gemma-4-31b-it,1,Neutral Engagement Agent,"You are at a supermarket in Greece, choosing cheese. You notice both branded options and supermarket own brands. What factors do you consider before deciding?","[0.031311, -0.062622, 0.031311, -0.031311, 0.0, 0.031311, 0.031311, -0.031311, 0.031311, -0.031311, -0.031311, -0.062622, 0.125245, 0.031311, -0.062622, 0.0, -0.031311, 0.031311, -0.031311, -0.031311, 0.031311, 0.031311, -0.093934, -0.031311, -0.031311, -0.031311, 0.0, 0.0, 0.0, 0.031311, 0.0, 0.031311, -0.031311, 0.125245, 0.093934, -0.031311, 0.062622, 0.031311, 0.031311, -0.031311, 0.062622, 0.0, 0.062622, 0.031311, 0.031311, 0.0, 0.0, -0.062622, -0.031311, 0.031311, 0.062622, 0.031311, 0.0, 0.0, 0.0, 0.031311, 0.0, -0.031311, 0.0, -0.031311, -0.031311, 0.031311, 0.062622, 0.0, -0.031311, -0.031311, 0.031311, -0.062622, -0.031311, 0.0, 0.031311, 0.031311, 0.0, -0.031311, 0.031311, 0.031311, 0.0, 0.062622, 0.0, 0.062622, 0.0, 0.093934, 0.0, -0.093934, 0.031311, -0.093934, 0.031311, -0.156556, 0.031311, -0.156556, 0.031311, 0.093934, -0.031311, 0.062622, -0.031311, -0.031311, 0.062622, 0.0, 0.062622, -0.031311, 0.031311, 0.062622, 0.0, -0.031311, 0.062622, -0.062622, -0.031311, -0.031311, 0.031311, 0.0, 0.062622, -0.093934, 0.0, 0.0, -0.062622, 0.031311, -0.031311, -0.031311, -0.093934, 0.0, 0.093934, 0.031311, 0.031311, 0.0, 0.0, 0.031311, -0.031311, -0.031311, -0.031311, 0.062622, 0.0, -0.031311, -0.031311, 0.125245, 0.0, -0.062622, 0.0, 0.0, -0.093934, 0.031311, 0.0, 0.031311, -0.093934, -0.062622, -0.031311, -0.031311, 0.0, 0.0, 0.0, 0.031311, 0.0, -0.062622, -0.062622, 0.0, -0.031311, 0.031311, 0.062622, 0.031311, 0.093934, 0.031311, -0.093934, 0.0, -0.031311, 0.031311, 0.031311, 0.031311, 0.0, 0.031311, 0.0, -0.125245, 0.031311, -0.031311, -0.031311, 0.125245, 0.0, 0.031311, -0.031311, 0.0, 0.031311, 0.125245, -0.031311, 0.0, 0.0, 0.0, 0.0, -0.031311, 0.093934, 0.062622, 0.062622, -0.062622, 0.0, 0.031311, 0.093934, 0.031311, -0.062622, -0.031311, 0.031311, 0.0, 0.0, 0.031311, 0.0, -0.031311, 0.093934, 0.0, -0.031311, 0.0, 0.062622, -0.031311, -0.062622, -0.062622, 0.0, 0.093934, -0.062622, 0.0, 0.031311, -0.031311, -0.031311, 0.031311, -0.062622, 0.062622, 0.062622, 0.0, 0.0, -0.093934, 0.062622, -0.062622, 0.0, 0.219179, -0.125245, 0.031311, -0.031311, 0.031311, 0.031311, 0.062622, 0.187867, -0.031311, 0.031311, -0.062622, -0.062622, -0.031311, 0.0, -0.062622, 0.0, 0.125245, 0.031311, -0.093934, 0.0, 0.031311, 0.031311, 0.0, 0.0, -0.031311, 0.0, -0.062622, -0.062622, 0.031311, -0.062622, -0.031311, -0.031311, 0.093934, -0.031311, 0.062622, 0.031311, 0.031311, 0.062622, -0.125245, -0.062622, -0.031311, -0.031311, 0.093934, 0.0, 0.062622, 0.0, 0.0, 0.0, -0.062622, 0.0, 0.031311, -0.062622, 0.062622, 0.0, 0.0, 0.0, 0.0, -0.031311, 0.031311, -0.031311, 0.031311, -0.031311, 0.0, -0.031311, 0.0, -0.031311, -0.031311, 0.0, 0.0, 0.062622, -0.062622, -0.093934, 0.0, 0.031311, 0.0, 0.0, 0.062622, 0.031311, -0.031311, -0.062622, 0.062622, 0.062622, 0.0, 0.0, -0.093934, -0.062622, -0.031311, 0.0, 0.0, 0.031311, 0.0, 0.031311, 0.0, 0.0, 0.0, 0.031311, 0.031311, -0.093934, 0.062622, -0.031311, 0.031311, 0.0, 0.093934, -0.062622, 0.031311, 0.0, 0.062622, 0.0, -0.093934, 0.0, 0.031311, 0.062622, 0.0, 0.031311, 0.0, 0.031311, 0.0, -0.062622, 0.0, 0.093934, -0.031311, 0.0, 0.0, -0.093934, 0.062622, 0.0, 0.0, -0.031311, -0.031311, 0.031311, 0.031311, -0.062622, 0.031311, 0.031311, 0.031311, 0.031311, -0.031311, 0.0, 0.0, -0.062622, 0.0, 0.0, -0.187867, 0.031311, 0.0, 0.062622, 0.093934, 0.031311, 0.0, -0.031311, -0.062622, 0.031311, 0.031311, 0.031311, 0.031311, 0.031311, -0.031311]",12,6,6,165,214,0.567,0.618,0.5304,0.433,1.0,0.8291,0.0,0.4893,2026-09-20T12:01:31
363ee90b-c22d-482b-96ba-00bc8c863d8c,P-2644CBC033,T6,low,medium,google/gemma-4-31b-it,1,Neutral Engagement Agent,"You receive an online order, but the package does not contain the exact items you purchased. How do you typically handle the situation?","[-0.031342, 0.0, 0.062684, 0.031342, -0.031342, 0.0, 0.031342, -0.062684, 0.062684, 0.0, 0.0, 0.031342, 0.125368, 0.0, -0.031342, 0.0, 0.062684, 0.0, 0.0, 0.031342, -0.031342, 0.0, 0.031342, 0.062684, 0.0, 0.0, 0.031342, -0.031342, -0.062684, 0.0, 0.0, 0.0, 0.0, 0.094026, 0.094026, 0.031342, -0.031342, 0.062684, 0.0, 0.031342, 0.062684, -0.062684, 0.062684, 0.062684, 0.062684, -0.031342, 0.0, -0.031342, 0.125368, 0.031342, 0.0, 0.0, 0.0, -0.062684, 0.0, 0.0, 0.0, -0.031342, 0.0, 0.0, -0.031342, -0.062684, -0.031342, 0.0, 0.0, -0.031342, -0.125368, 0.0, 0.0, 0.031342, -0.031342, -0.094026, 0.0, 0.0, -0.031342, -0.094026, 0.094026, 0.125368, -0.031342, -0.094026, 0.0, 0.125368, 0.031342, -0.031342, 0.0, -0.094026, -0.125368, -0.15671, 0.062684, -0.031342, 0.0, -0.031342, -0.031342, 0.0, 0.0, 0.062684, 0.0, 0.0, 0.031342, -0.062684, 0.0, 0.031342, 0.0, 0.031342, 0.031342, -0.031342, 0.031342, 0.031342, 0.062684, 0.0, 0.062684, 0.031342, 0.0, 0.0, -0.031342, 0.0, 0.094026, -0.031342, -0.062684, 0.0, -0.031342, 0.031342, 0.0, 0.0, 0.0, 0.031342, 0.0, -0.031342, 0.0, 0.0, 0.125368, 0.031342, -0.062684, 0.094026, 0.031342, 0.031342, 0.0, -0.062684, 0.0, 0.0, 0.0, 0.0, 0.0, -0.031342, -0.031342, 0.0, 0.031342, 0.0, 0.062684, 0.0, 0.0, 0.125368, 0.031342, 0.031342, 0.0, 0.094026, 0.0, -0.031342, 0.125368, 0.031342, -0.094026, -0.031342, 0.0, 0.0, -0.062684, 0.0, -0.031342, 0.0, -0.062684, -0.031342, 0.031342, 0.0, -0.062684, 0.094026, -0.031342, 0.094026, -0.031342, 0.031342, -0.031342, 0.0, 0.062684, -0.031342, 0.0, -0.031342, 0.0, 0.094026, 0.094026, 0.094026, -0.062684, 0.0, 0.031342, 0.031342, 0.188052, 0.0, -0.094026, 0.031342, 0.0, -0.031342, 0.031342, 0.0, 0.0, -0.031342, 0.0, 0.0, 0.094026, 0.031342, -0.031342, 0.0, 0.031342, -0.094026, 0.0, 0.0, 0.0, -0.094026, 0.0, 0.062684, -0.031342, 0.0, 0.125368, 0.0, 0.0, 0.062684, -0.062684, -0.094026, 0.062684, 0.0, 0.094026, 0.094026, -0.125368, 0.031342, -0.125368, 0.0, -0.062684, -0.031342, 0.0, 0.0, 0.0, -0.062684, 0.0, 0.0, 0.094026, -0.031342, -0.031342, 0.062684, 0.031342, 0.031342, -0.031342, 0.031342, 0.0, 0.0, -0.031342, 0.0, -0.031342, 0.062684, 0.0, -0.031342, 0.0, -0.094026, -0.062684, 0.125368, -0.062684, 0.0, -0.031342, -0.031342, 0.031342, 0.0, 0.031342, -0.031342, 0.031342, 0.094026, 0.062684, -0.125368, 0.0, -0.031342, -0.031342, -0.094026, -0.062684, 0.031342, 0.0, 0.0, 0.0, 0.062684, -0.062684, -0.062684, 0.0, 0.094026, -0.031342, 0.0, 0.031342, 0.0, 0.0, 0.031342, 0.031342, 0.031342, 0.0, 0.031342, 0.031342, -0.031342, -0.031342, 0.031342, 0.0, 0.031342, -0.031342, -0.031342, 0.0, 0.0, -0.062684, 0.0, 0.062684, 0.031342, 0.0, -0.062684, -0.094026, -0.031342, -0.031342, -0.031342, -0.062684, 0.0, 0.0, 0.0, -0.031342, -0.062684, -0.062684, 0.0, 0.0, 0.15671, -0.031342, 0.0, 0.0, 0.0, 0.031342, -0.031342, 0.0, -0.031342, 0.031342, -0.031342, -0.031342, 0.031342, -0.031342, -0.062684, 0.031342, -0.031342, -0.125368, 0.031342, -0.031342, 0.031342, 0.0, 0.062684, 0.0, 0.0, -0.062684, 0.094026, 0.0, 0.062684, 0.031342, -0.062684, 0.0, -0.031342, -0.062684, -0.031342, 0.062684, 0.0, 0.0, 0.031342, 0.125368, 0.031342, 0.0, -0.031342, -0.094026, -0.125368, 0.031342, -0.094026, 0.031342, 0.0, 0.031342, -0.031342, 0.062684, 0.031342, 0.031342, 0.062684, 0.0, -0.031342, 0.0, -0.031342]",12,6,6,195,254,0.5622,0.5886,0.5848,0.4378,1.0,0.8143,0.0833,0.5149,2026-09-20T12:34:44
463daf07-f190-44ac-ba19-9fa7dc808f32,P-2644CBC033,T1,high,medium,google/gemma-4-31b-it,0,Neutral Engagement Agent,"You are at a supermarket in Greece, choosing lentils. You notice both branded options and supermarket own brands. What factors do you consider before deciding?","[0.061142, -0.061142, 0.030571, -0.061142, 0.0, 0.030571, 0.030571, 0.0, 0.030571, -0.030571, 0.0, -0.061142, 0.122284, 0.030571, -0.061142, 0.0, -0.030571, 0.030571, -0.030571, -0.030571, 0.030571, 0.0, -0.091713, -0.030571, -0.030571, -0.030571, 0.030571, 0.0, 0.0, 0.030571, 0.0, 0.0, -0.030571, 0.122284, 0.091713, -0.030571, 0.061142, 0.030571, 0.030571, -0.030571, 0.061142, 0.0, 0.061142, 0.030571, 0.030571, 0.0, 0.0, -0.061142, -0.030571, 0.030571, 0.061142, 0.030571, 0.0, 0.0, 0.0, 0.030571, 0.0, -0.030571, 0.0, -0.030571, -0.030571, 0.030571, 0.061142, 0.0, -0.061142, -0.030571, 0.030571, -0.061142, -0.030571, 0.0, 0.030571, 0.030571, 0.0, -0.030571, 0.030571, 0.030571, 0.0, 0.061142, 0.0, 0.061142, 0.0, 0.091713, 0.0, -0.091713, 0.030571, -0.091713, 0.030571, -0.152854, 0.030571, -0.122284, 0.0, 0.091713, -0.061142, 0.061142, 0.0, -0.030571, 0.061142, 0.0, 0.061142, -0.030571, 0.030571, 0.061142, 0.0, 0.0, 0.061142, -0.061142, -0.030571, -0.030571, 0.030571, 0.0, 0.061142, -0.091713, 0.0, 0.0, -0.091713, 0.030571, -0.030571, -0.030571, -0.091713, 0.0, 0.152854, 0.0, 0.030571, 0.0, 0.0, 0.030571, -0.061142, -0.030571, -0.030571, 0.061142, 0.0, -0.030571, 0.0, 0.122284, 0.0, -0.091713, 0.0, 0.0, -0.091713, 0.030571, 0.0, 0.030571, -0.091713, -0.061142, -0.030571, 0.0, 0.0, 0.0, 0.0, 0.030571, 0.0, -0.061142, -0.061142, 0.0, -0.030571, 0.030571, 0.061142, 0.030571, 0.122284, 0.030571, -0.091713, 0.0, -0.030571, 0.030571, 0.030571, 0.030571, 0.0, 0.030571, 0.0, -0.122284, 0.030571, -0.030571, -0.030571, 0.122284, 0.0, 0.030571, -0.030571, 0.0, 0.0, 0.122284, -0.030571, 0.0, 0.0, 0.0, 0.0, -0.030571, 0.122284, 0.091713, 0.061142, -0.061142, 0.0, 0.030571, 0.091713, 0.030571, -0.061142, -0.030571, 0.030571, -0.030571, 0.0, 0.030571, 0.0, -0.030571, 0.091713, 0.0, -0.030571, 0.0, 0.061142, -0.030571, -0.061142, -0.061142, 0.0, 0.091713, -0.061142, 0.0, 0.030571, -0.030571, -0.030571, 0.030571, -0.061142, 0.061142, 0.061142, 0.0, 0.0, -0.030571, 0.030571, -0.061142, -0.030571, 0.213996, -0.122284, 0.030571, -0.030571, 0.030571, 0.0, 0.091713, 0.183425, -0.030571, 0.030571, -0.061142, -0.061142, -0.030571, 0.0, -0.061142, 0.0, 0.122284, 0.030571, -0.091713, 0.0, 0.0, 0.0, 0.0, 0.0, -0.030571, 0.0, -0.061142, -0.061142, 0.030571, -0.061142, -0.061142, -0.030571, 0.091713, -0.030571, 0.061142, 0.0, 0.0, 0.0, -0.122284, -0.061142, -0.030571, -0.030571, 0.091713, 0.0, 0.091713, 0.0, 0.0, 0.0, -0.061142, 0.0, 0.030571, -0.061142, 0.091713, 0.0, 0.0, 0.030571, 0.0, -0.030571, 0.030571, -0.030571, 0.030571, -0.030571, 0.0, -0.030571, 0.0, -0.030571, -0.030571, 0.0, 0.0, 0.030571, -0.061142, -0.091713, 0.0, 0.030571, 0.0, 0.0, 0.061142, 0.0, -0.030571, -0.030571, 0.061142, 0.030571, 0.0, 0.030571, -0.091713, -0.061142, -0.030571, 0.0, 0.0, 0.030571, 0.0, 0.030571, 0.0, 0.0, 0.030571, 0.061142, 0.030571, -0.091713, 0.061142, -0.030571, 0.030571, 0.0, 0.091713, -0.061142, 0.030571, 0.0, 0.030571, 0.0, -0.091713, 0.0, 0.030571, 0.061142, 0.0, 0.030571, 0.0, 0.030571, 0.0, -0.061142, 0.0, 0.152854, -0.030571, -0.030571, 0.0, -0.091713, 0.061142, 0.0, 0.0, -0.030571, -0.030571, 0.030571, 0.030571, -0.030571, 0.030571, 0.030571, 0.030571, 0.030571, -0.030571, 0.0, 0.0, -0.061142, 0.0, 0.0, -0.183425, 0.030571, 0.0, 0.061142, 0.091713, 0.061142, 0.0, -0.030571, -0.061142, 0.030571, 0.0, 0.030571, 0.030571, 0.030571, -0.030571]",12,6,6,169,221,0.5968,0.6123,0.544,0.4032,1.0,0.9558,0.0833,0.5082,2026-09-20T12:15:25
61420b66-ab8c-42f6-a586-b30c56896e1b,P-2644CBC033,T6,low,small,google/gemma-3-4b-it,0,Neutral Engagement Agent,"You receive an online order, but the delivery arrives much later than expected. How do you typically react?","[-0.0411, 0.0411, 0.0411, 0.0411, -0.0411, -0.0411, 0.0411, -0.082199, 0.0, -0.0411, 0.0, -0.0411, 0.082199, 0.0, -0.0411, 0.0, 0.0411, -0.082199, 0.0, 0.0, -0.0411, 0.0, 0.0, 0.0, 0.0, 0.0, -0.0411, -0.0411, 0.0, 0.0411, 0.0, -0.0411, 0.0, 0.082199, 0.082199, 0.0, -0.0411, 0.0411, 0.0, 0.0411, 0.0411, -0.082199, 0.0411, 0.082199, 0.0, -0.0411, 0.0, -0.0411, 0.0411, 0.0, 0.0, 0.0, -0.0411, -0.0411, 0.082199, 0.0, 0.0, 0.0411, 0.0, 0.0, 0.0, 0.0411, -0.0411, 0.0, 0.0, 0.0, -0.082199, 0.0, 0.0, 0.0, -0.0411, -0.0411, 0.0411, 0.0411, 0.0, -0.123299, 0.082199, 0.0411, 0.082199, -0.123299, 0.0, 0.082199, 0.0, -0.0411, -0.0411, -0.123299, 0.0, -0.082199, 0.0411, -0.082199, 0.0, 0.0, -0.0411, 0.0, 0.0411, 0.0411, 0.0411, 0.0, 0.0411, 0.0, 0.0, -0.082199, -0.0411, 0.0411, 0.0411, 0.0, 0.0, 0.0, 0.0, 0.0, 0.082199, 0.0411, -0.0411, 0.0411, 0.0, 0.0411, 0.082199, 0.0, 0.0, 0.0411, 0.0411, -0.0411, 0.0, 0.0411, 0.0411, 0.0411, -0.0411, -0.0411, -0.082199, 0.0, 0.082199, 0.0411, 0.0, 0.082199, 0.0411, 0.0411, -0.0411, -0.082199, 0.0, 0.0411, -0.0411, 0.0, 0.0, -0.0411, -0.164399, 0.0, 0.0411, -0.0411, 0.082199, 0.082199, -0.0411, 0.082199, -0.0411, 0.0411, -0.0411, 0.123299, -0.123299, 0.0, 0.123299, -0.0411, -0.082199, -0.123299, 0.0, 0.0, -0.123299, 0.0, 0.0, -0.0411, 0.0, -0.0411, -0.0411, 0.0, -0.0411, 0.0411, -0.0411, -0.0411, -0.0411, 0.0, 0.0, 0.0, 0.0411, -0.0411, 0.0, 0.0, 0.0, 0.0411, 0.123299, 0.082199, 0.0, 0.0, 0.0, 0.0411, 0.123299, 0.0, -0.082199, 0.082199, -0.0411, 0.0411, 0.0, 0.082199, 0.0, 0.0, 0.0, 0.0411, 0.082199, 0.0, -0.082199, 0.0, 0.0411, -0.123299, -0.082199, 0.0, 0.0, 0.0, 0.0411, 0.123299, 0.0, -0.0411, 0.0411, 0.0, 0.0, 0.0411, 0.0, -0.082199, 0.0, 0.0, 0.082199, 0.164399, -0.123299, -0.0411, 0.0, 0.0, 0.0, 0.0, -0.082199, 0.0, 0.0, 0.0, 0.0, 0.0, 0.082199, 0.0411, 0.0, 0.0, 0.0411, -0.0411, 0.0, -0.0411, 0.0, 0.0, 0.0, -0.0411, 0.0, 0.0411, 0.0411, -0.0411, 0.0, -0.082199, 0.123299, 0.0, -0.0411, 0.0, 0.0, 0.0, 0.082199, -0.082199, 0.0411, 0.0, 0.0411, 0.123299, 0.0411, -0.0411, -0.0411, 0.0, 0.0, -0.0411, 0.0, -0.0411, -0.0411, 0.0, 0.0, -0.082199, 0.0, -0.123299, 0.0, 0.082199, -0.082199, 0.0, 0.0411, 0.0411, 0.0, 0.0, 0.0, 0.082199, 0.0411, 0.0411, 0.082199, 0.0, -0.123299, 0.0, 0.0, 0.0, -0.082199, 0.082199, 0.0, -0.0411, -0.0411, 0.0, -0.0411, -0.123299, 0.0411, -0.0411, -0.123299, 0.0, 0.0, -0.082199, 0.0, 0.0, 0.0, 0.0, -0.0411, -0.0411, -0.0411, 0.0411, -0.0411, 0.123299, 0.0, 0.0, 0.0, -0.0411, 0.0411, 0.0, 0.0411, 0.0, -0.123299, -0.0411, -0.082199, 0.0, -0.0411, -0.0411, -0.0411, -0.0411, -0.0411, 0.0411, 0.0, 0.0411, 0.0, 0.0411, 0.0411, -0.082199, 0.0411, 0.082199, 0.0, 0.0411, 0.0, -0.0411, -0.082199, 0.0, -0.082199, 0.0, 0.0411, -0.0411, 0.0411, 0.0411, 0.0411, 0.0, -0.0411, 0.0, -0.082199, -0.082199, 0.0411, -0.0411, 0.0, 0.0, 0.0411, -0.0411, 0.0, 0.0, -0.0411, 0.0411, 0.0411, 0.0411, -0.0411, -0.0411]",12,6,6,78,101,0.5134,0.5285,0.5009,0.4866,1.0,0.2317,0.25,0.5141,2026-09-20T11:39:46
743d061d-c428-40fa-83e5-c102eed04fc3,P-2644CBC033,T1,high,small,google/gemma-3-4b-it,0,Neutral Engagement Agent,"You are at a supermarket in Greece, choosing lentils. You notice both branded options and supermarket own brands. What factors do you consider before deciding?","[0.061142, -0.061142, 0.030571, -0.061142, 0.0, 0.030571, 0.030571, 0.0, 0.030571, -0.030571, 0.0, -0.061142, 0.122284, 0.030571, -0.061142, 0.0, -0.030571, 0.030571, -0.030571, -0.030571, 0.030571, 0.0, -0.091713, -0.030571, -0.030571, -0.030571, 0.030571, 0.0, 0.0, 0.030571, 0.0, 0.0, -0.030571, 0.122284, 0.091713, -0.030571, 0.061142, 0.030571, 0.030571, -0.030571, 0.061142, 0.0, 0.061142, 0.030571, 0.030571, 0.0, 0.0, -0.061142, -0.030571, 0.030571, 0.061142, 0.030571, 0.0, 0.0, 0.0, 0.030571, 0.0, -0.030571, 0.0, -0.030571, -0.030571, 0.030571, 0.061142, 0.0, -0.061142, -0.030571, 0.030571, -0.061142, -0.030571, 0.0, 0.030571, 0.030571, 0.0, -0.030571, 0.030571, 0.030571, 0.0, 0.061142, 0.0, 0.061142, 0.0, 0.091713, 0.0, -0.091713, 0.030571, -0.091713, 0.030571, -0.152854, 0.030571, -0.122284, 0.0, 0.091713, -0.061142, 0.061142, 0.0, -0.030571, 0.061142, 0.0, 0.061142, -0.030571, 0.030571, 0.061142, 0.0, 0.0, 0.061142, -0.061142, -0.030571, -0.030571, 0.030571, 0.0, 0.061142, -0.091713, 0.0, 0.0, -0.091713, 0.030571, -0.030571, -0.030571, -0.091713, 0.0, 0.152854, 0.0, 0.030571, 0.0, 0.0, 0.030571, -0.061142, -0.030571, -0.030571, 0.061142, 0.0, -0.030571, 0.0, 0.122284, 0.0, -0.091713, 0.0, 0.0, -0.091713, 0.030571, 0.0, 0.030571, -0.091713, -0.061142, -0.030571, 0.0, 0.0, 0.0, 0.0, 0.030571, 0.0, -0.061142, -0.061142, 0.0, -0.030571, 0.030571, 0.061142, 0.030571, 0.122284, 0.030571, -0.091713, 0.0, -0.030571, 0.030571, 0.030571, 0.030571, 0.0, 0.030571, 0.0, -0.122284, 0.030571, -0.030571, -0.030571, 0.122284, 0.0, 0.030571, -0.030571, 0.0, 0.0, 0.122284, -0.030571, 0.0, 0.0, 0.0, 0.0, -0.030571, 0.122284, 0.091713, 0.061142, -0.061142, 0.0, 0.030571, 0.091713, 0.030571, -0.061142, -0.030571, 0.030571, -0.030571, 0.0, 0.030571, 0.0, -0.030571, 0.091713, 0.0, -0.030571, 0.0, 0.061142, -0.030571, -0.061142, -0.061142, 0.0, 0.091713, -0.061142, 0.0, 0.030571, -0.030571, -0.030571, 0.030571, -0.061142, 0.061142, 0.061142, 0.0, 0.0, -0.030571, 0.030571, -0.061142, -0.030571, 0.213996, -0.122284, 0.030571, -0.030571, 0.030571, 0.0, 0.091713, 0.183425, -0.030571, 0.030571, -0.061142, -0.061142, -0.030571, 0.0, -0.061142, 0.0, 0.122284, 0.030571, -0.091713, 0.0, 0.0, 0.0, 0.0, 0.0, -0.030571, 0.0, -0.061142, -0.061142, 0.030571, -0.061142, -0.061142, -0.030571, 0.091713, -0.030571, 0.061142, 0.0, 0.0, 0.0, -0.122284, -0.061142, -0.030571, -0.030571, 0.091713, 0.0, 0.091713, 0.0, 0.0, 0.0, -0.061142, 0.0, 0.030571, -0.061142, 0.091713, 0.0, 0.0, 0.030571, 0.0, -0.030571, 0.030571, -0.030571, 0.030571, -0.030571, 0.0, -0.030571, 0.0, -0.030571, -0.030571, 0.0, 0.0, 0.030571, -0.061142, -0.091713, 0.0, 0.030571, 0.0, 0.0, 0.061142, 0.0, -0.030571, -0.030571, 0.061142, 0.030571, 0.0, 0.030571, -0.091713, -0.061142, -0.030571, 0.0, 0.0, 0.030571, 0.0, 0.030571, 0.0, 0.0, 0.030571, 0.061142, 0.030571, -0.091713, 0.061142, -0.030571, 0.030571, 0.0, 0.091713, -0.061142, 0.030571, 0.0, 0.030571, 0.0, -0.091713, 0.0, 0.030571, 0.061142, 0.0, 0.030571, 0.0, 0.030571, 0.0, -0.061142, 0.0, 0.152854, -0.030571, -0.030571, 0.0, -0.091713, 0.061142, 0.0, 0.0, -0.030571, -0.030571, 0.030571, 0.030571, -0.030571, 0.030571, 0.030571, 0.030571, 0.030571, -0.030571, 0.0, 0.0, -0.061142, 0.0, 0.0, -0.183425, 0.030571, 0.0, 0.061142, 0.091713, 0.061142, 0.0, -0.030571, -0.061142, 0.030571, 0.0, 0.030571, 0.030571, 0.030571, -0.030571]",12,6,6,61,79,0.5207,0.5297,0.5154,0.4793,1.0,0.3621,0.1667,0.5059,2026-09-20T11:47:01
7a82e6e2-20d8-44ca-8355-698c78760fd1,P-2644CBC033,T6,low,medium,google/gemma-4-31b-it,0,Neutral Engagement Agent,"You receive an online order, but the package does not contain the exact items you purchased. How do you typically handle the situation?","[-0.031342, 0.0, 0.062684, 0.031342, -0.031342, 0.0, 0.031342, -0.062684, 0.062684, 0.0, 0.0, 0.031342, 0.125368, 0.0, -0.031342, 0.0, 0.062684, 0.0, 0.0, 0.031342, -0.031342, 0.0, 0.031342, 0.062684, 0.0, 0.0, 0.031342, -0.031342, -0.062684, 0.0, 0.0, 0.0, 0.0, 0.094026, 0.094026, 0.031342, -0.031342, 0.062684, 0.0, 0.031342, 0.062684, -0.062684, 0.062684, 0.062684, 0.062684, -0.031342, 0.0, -0.031342, 0.125368, 0.031342, 0.0, 0.0, 0.0, -0.062684, 0.0, 0.0, 0.0, -0.031342, 0.0, 0.0, -0.031342, -0.062684, -0.031342, 0.0, 0.0, -0.031342, -0.125368, 0.0, 0.0, 0.031342, -0.031342, -0.094026, 0.0, 0.0, -0.031342, -0.094026, 0.094026, 0.125368, -0.031342, -0.094026, 0.0, 0.125368, 0.031342, -0.031342, 0.0, -0.094026, -0.125368, -0.15671, 0.062684, -0.031342, 0.0, -0.031342, -0.031342, 0.0, 0.0, 0.062684, 0.0, 0.0, 0.031342, -0.062684, 0.0, 0.031342, 0.0, 0.031342, 0.031342, -0.031342, 0.031342, 0.031342, 0.062684, 0.0, 0.062684, 0.031342, 0.0, 0.0, -0.031342, 0.0, 0.094026, -0.031342, -0.062684, 0.0, -0.031342, 0.031342, 0.0, 0.0, 0.0, 0.031342, 0.0, -0.031342, 0.0, 0.0, 0.125368, 0.031342, -0.062684, 0.094026, 0.031342, 0.031342, 0.0, -0.062684, 0.0, 0.0, 0.0, 0.0, 0.0, -0.031342, -0.031342, 0.0, 0.031342, 0.0, 0.062684, 0.0, 0.0, 0.125368, 0.031342, 0.031342, 0.0, 0.094026, 0.0, -0.031342, 0.125368, 0.031342, -0.094026, -0.031342, 0.0, 0.0, -0.062684, 0.0, -0.031342, 0.0, -0.062684, -0.031342, 0.031342, 0.0, -0.062684, 0.094026, -0.031342, 0.094026, -0.031342, 0.031342, -0.031342, 0.0, 0.062684, -0.031342, 0.0, -0.031342, 0.0, 0.094026, 0.094026, 0.094026, -0.062684, 0.0, 0.031342, 0.031342, 0.188052, 0.0, -0.094026, 0.031342, 0.0, -0.031342, 0.031342, 0.0, 0.0, -0.031342, 0.0, 0.0, 0.094026, 0.031342, -0.031342, 0.0, 0.031342, -0.094026, 0.0, 0.0, 0.0, -0.094026, 0.0, 0.062684, -0.031342, 0.0, 0.125368, 0.0, 0.0, 0.062684, -0.062684, -0.094026, 0.062684, 0.0, 0.094026, 0.094026, -0.125368, 0.031342, -0.125368, 0.0, -0.062684, -0.031342, 0.0, 0.0, 0.0, -0.062684, 0.0, 0.0, 0.094026, -0.031342, -0.031342, 0.062684, 0.031342, 0.031342, -0.031342, 0.031342, 0.0, 0.0, -0.031342, 0.0, -0.031342, 0.062684, 0.0, -0.031342, 0.0, -0.094026, -0.062684, 0.125368, -0.062684, 0.0, -0.031342, -0.031342, 0.031342, 0.0, 0.031342, -0.031342, 0.031342, 0.094026, 0.062684, -0.125368, 0.0, -0.031342, -0.031342, -0.094026, -0.062684, 0.031342, 0.0, 0.0, 0.0, 0.062684, -0.062684, -0.062684, 0.0, 0.094026, -0.031342, 0.0, 0.031342, 0.0, 0.0, 0.031342, 0.031342, 0.031342, 0.0, 0.031342, 0.031342, -0.031342, -0.031342, 0.031342, 0.0, 0.031342, -0.031342, -0.031342, 0.0, 0.0, -0.062684, 0.0, 0.062684, 0.031342, 0.0, -0.062684, -0.094026, -0.031342, -0.031342, -0.031342, -0.062684, 0.0, 0.0, 0.0, -0.031342, -0.062684, -0.062684, 0.0, 0.0, 0.15671, -0.031342, 0.0, 0.0, 0.0, 0.031342, -0.031342, 0.0, -0.031342, 0.031342, -0.031342, -0.031342, 0.031342, -0.031342, -0.062684, 0.031342, -0.031342, -0.125368, 0.031342, -0.031342, 0.031342, 0.0, 0.062684, 0.0, 0.0, -0.062684, 0.094026, 0.0, 0.062684, 0.031342, -0.062684, 0.0, -0.031342, -0.062684, -0.031342, 0.062684, 0.0, 0.0, 0.031342, 0.125368, 0.031342, 0.0, -0.031342, -0.094026, -0.125368, 0.031342, -0.094026, 0.031342, 0.0, 0.031342, -0.031342, 0.062684, 0.031342, 0.031342, 0.062684, 0.0, -0.031342, 0.0, -0.031342]",12,6,6,179,234,0.5858,0.599,0.5612,0.4142,1.0,1.0,0.0833,0.5114,2026-09-20T12:29:50
815c2075-dc37-4e60-8a68-3538421c2c1b,P-2644CBC033,T1,high,small,google/gemma-3-4b-it,1,Neutral Engagement Agent,"You are at a supermarket in Greece, choosing lentils. You notice both branded options and supermarket own brands. What factors do you consider before deciding?","[0.061142, -0.061142, 0.030571, -0.061142, 0.0, 0.030571, 0.030571, 0.0, 0.030571, -0.030571, 0.0, -0.061142, 0.122284, 0.030571, -0.061142, 0.0, -0.030571, 0.030571, -0.030571, -0.030571, 0.030571, 0.0, -0.091713, -0.030571, -0.030571, -0.030571, 0.030571, 0.0, 0.0, 0.030571, 0.0, 0.0, -0.030571, 0.122284, 0.091713, -0.030571, 0.061142, 0.030571, 0.030571, -0.030571, 0.061142, 0.0, 0.061142, 0.030571, 0.030571, 0.0, 0.0, -0.061142, -0.030571, 0.030571, 0.061142, 0.030571, 0.0, 0.0, 0.0, 0.030571, 0.0, -0.030571, 0.0, -0.030571, -0.030571, 0.030571, 0.061142, 0.0, -0.061142, -0.030571, 0.030571, -0.061142, -0.030571, 0.0, 0.030571, 0.030571, 0.0, -0.030571, 0.030571, 0.030571, 0.0, 0.061142, 0.0, 0.061142, 0.0, 0.091713, 0.0, -0.091713, 0.030571, -0.091713, 0.030571, -0.152854, 0.030571, -0.122284, 0.0, 0.091713, -0.061142, 0.061142, 0.0, -0.030571, 0.061142, 0.0, 0.061142, -0.030571, 0.030571, 0.061142, 0.0, 0.0, 0.061142, -0.061142, -0.030571, -0.030571, 0.030571, 0.0, 0.061142, -0.091713, 0.0, 0.0, -0.091713, 0.030571, -0.030571, -0.030571, -0.091713, 0.0, 0.152854, 0.0, 0.030571, 0.0, 0.0, 0.030571, -0.061142, -0.030571, -0.030571, 0.061142, 0.0, -0.030571, 0.0, 0.122284, 0.0, -0.091713, 0.0, 0.0, -0.091713, 0.030571, 0.0, 0.030571, -0.091713, -0.061142, -0.030571, 0.0, 0.0, 0.0, 0.0, 0.030571, 0.0, -0.061142, -0.061142, 0.0, -0.030571, 0.030571, 0.061142, 0.030571, 0.122284, 0.030571, -0.091713, 0.0, -0.030571, 0.030571, 0.030571, 0.030571, 0.0, 0.030571, 0.0, -0.122284, 0.030571, -0.030571, -0.030571, 0.122284, 0.0, 0.030571, -0.030571, 0.0, 0.0, 0.122284, -0.030571, 0.0, 0.0, 0.0, 0.0, -0.030571, 0.122284, 0.091713, 0.061142, -0.061142, 0.0, 0.030571, 0.091713, 0.030571, -0.061142, -0.030571, 0.030571, -0.030571, 0.0, 0.030571, 0.0, -0.030571, 0.091713, 0.0, -0.030571, 0.0, 0.061142, -0.030571, -0.061142, -0.061142, 0.0, 0.091713, -0.061142, 0.0, 0.030571, -0.030571, -0.030571, 0.030571, -0.061142, 0.061142, 0.061142, 0.0, 0.0, -0.030571, 0.030571, -0.061142, -0.030571, 0.213996, -0.122284, 0.030571, -0.030571, 0.030571, 0.0, 0.091713, 0.183425, -0.030571, 0.030571, -0.061142, -0.061142, -0.030571, 0.0, -0.061142, 0.0, 0.122284, 0.030571, -0.091713, 0.0, 0.0, 0.0, 0.0, 0.0, -0.030571, 0.0, -0.061142, -0.061142, 0.030571, -0.061142, -0.061142, -0.030571, 0.091713, -0.030571, 0.061142, 0.0, 0.0, 0.0, -0.122284, -0.061142, -0.030571, -0.030571, 0.091713, 0.0, 0.091713, 0.0, 0.0, 0.0, -0.061142, 0.0, 0.030571, -0.061142, 0.091713, 0.0, 0.0, 0.030571, 0.0, -0.030571, 0.030571, -0.030571, 0.030571, -0.030571, 0.0, -0.030571, 0.0, -0.030571, -0.030571, 0.0, 0.0, 0.030571, -0.061142, -0.091713, 0.0, 0.030571, 0.0, 0.0, 0.061142, 0.0, -0.030571, -0.030571, 0.061142, 0.030571, 0.0, 0.030571, -0.091713, -0.061142, -0.030571, 0.0, 0.0, 0.030571, 0.0, 0.030571, 0.0, 0.0, 0.030571, 0.061142, 0.030571, -0.091713, 0.061142, -0.030571, 0.030571, 0.0, 0.091713, -0.061142, 0.030571, 0.0, 0.030571, 0.0, -0.091713, 0.0, 0.030571, 0.061142, 0.0, 0.030571, 0.0, 0.030571, 0.0, -0.061142, 0.0, 0.152854, -0.030571, -0.030571, 0.0, -0.091713, 0.061142, 0.0, 0.0, -0.030571, -0.030571, 0.030571, 0.030571, -0.030571, 0.030571, 0.030571, 0.030571, 0.030571, -0.030571, 0.0, 0.0, -0.061142, 0.0, 0.0, -0.183425, 0.030571, 0.0, 0.061142, 0.091713, 0.061142, 0.0, -0.030571, -0.061142, 0.030571, 0.0, 0.030571, 0.030571, 0.030571, -0.030571]",12,6,6,81,105,0.5577,0.5721,0.5176,0.4423,1.0,0.3125,0.0,0.4852,2026-09-20T12:10:09
8e6ecacf-bc32-4054-bd8a-89534cae4081,P-2644CBC033,T6,low,small,google/gemma-3-4b-it,0,Neutral Engagement Agent,"You receive an online order, but the package does not contain the exact items you purchased. How do you typically handle the situation?","[-0.031342, 0.0, 0.062684, 0.031342, -0.031342, 0.0, 0.031342, -0.062684, 0.062684, 0.0, 0.0, 0.031342, 0.125368, 0.0, -0.031342, 0.0, 0.062684, 0.0, 0.0, 0.031342, -0.031342, 0.0, 0.031342, 0.062684, 0.0, 0.0, 0.031342, -0.031342, -0.062684, 0.0, 0.0, 0.0, 0.0, 0.094026, 0.094026, 0.031342, -0.031342, 0.062684, 0.0, 0.031342, 0.062684, -0.062684, 0.062684, 0.062684, 0.062684, -0.031342, 0.0, -0.031342, 0.125368, 0.031342, 0.0, 0.0, 0.0, -0.062684, 0.0, 0.0, 0.0, -0.031342, 0.0, 0.0, -0.031342, -0.062684, -0.031342, 0.0, 0.0, -0.031342, -0.125368, 0.0, 0.0, 0.031342, -0.031342, -0.094026, 0.0, 0.0, -0.031342, -0.094026, 0.094026, 0.125368, -0.031342, -0.094026, 0.0, 0.125368, 0.031342, -0.031342, 0.0, -0.094026, -0.125368, -0.15671, 0.062684, -0.031342, 0.0, -0.031342, -0.031342, 0.0, 0.0, 0.062684, 0.0, 0.0, 0.031342, -0.062684, 0.0, 0.031342, 0.0, 0.031342, 0.031342, -0.031342, 0.031342, 0.031342, 0.062684, 0.0, 0.062684, 0.031342, 0.0, 0.0, -0.031342, 0.0, 0.094026, -0.031342, -0.062684, 0.0, -0.031342, 0.031342, 0.0, 0.0, 0.0, 0.031342, 0.0, -0.031342, 0.0, 0.0, 0.125368, 0.031342, -0.062684, 0.094026, 0.031342, 0.031342, 0.0, -0.062684, 0.0, 0.0, 0.0, 0.0, 0.0, -0.031342, -0.031342, 0.0, 0.031342, 0.0, 0.062684, 0.0, 0.0, 0.125368, 0.031342, 0.031342, 0.0, 0.094026, 0.0, -0.031342, 0.125368, 0.031342, -0.094026, -0.031342, 0.0, 0.0, -0.062684, 0.0, -0.031342, 0.0, -0.062684, -0.031342, 0.031342, 0.0, -0.062684, 0.094026, -0.031342, 0.094026, -0.031342, 0.031342, -0.031342, 0.0, 0.062684, -0.031342, 0.0, -0.031342, 0.0, 0.094026, 0.094026, 0.094026, -0.062684, 0.0, 0.031342, 0.031342, 0.188052, 0.0, -0.094026, 0.031342, 0.0, -0.031342, 0.031342, 0.0, 0.0, -0.031342, 0.0, 0.0, 0.094026, 0.031342, -0.031342, 0.0, 0.031342, -0.094026, 0.0, 0.0, 0.0, -0.094026, 0.0, 0.062684, -0.031342, 0.0, 0.125368, 0.0, 0.0, 0.062684, -0.062684, -0.094026, 0.062684, 0.0, 0.094026, 0.094026, -0.125368, 0.031342, -0.125368, 0.0, -0.062684, -0.031342, 0.0, 0.0, 0.0, -0.062684, 0.0, 0.0, 0.094026, -0.031342, -0.031342, 0.062684, 0.031342, 0.031342, -0.031342, 0.031342, 0.0, 0.0, -0.031342, 0.0, -0.031342, 0.062684, 0.0, -0.031342, 0.0, -0.094026, -0.062684, 0.125368, -0.062684, 0.0, -0.031342, -0.031342, 0.031342, 0.0, 0.031342, -0.031342, 0.031342, 0.094026, 0.062684, -0.125368, 0.0, -0.031342, -0.031342, -0.094026, -0.062684, 0.031342, 0.0, 0.0, 0.0, 0.062684, -0.062684, -0.062684, 0.0, 0.094026, -0.031342, 0.0, 0.031342, 0.0, 0.0, 0.031342, 0.031342, 0.031342, 0.0, 0.031342, 0.031342, -0.031342, -0.031342, 0.031342, 0.0, 0.031342, -0.031342, -0.031342, 0.0, 0.0, -0.062684, 0.0, 0.062684, 0.031342, 0.0, -0.062684, -0.094026, -0.031342, -0.031342, -0.031342, -0.062684, 0.0, 0.0, 0.0, -0.031342, -0.062684, -0.062684, 0.0, 0.0, 0.15671, -0.031342, 0.0, 0.0, 0.0, 0.031342, -0.031342, 0.0, -0.031342, 0.031342, -0.031342, -0.031342, 0.031342, -0.031342, -0.062684, 0.031342, -0.031342, -0.125368, 0.031342, -0.031342, 0.031342, 0.0, 0.062684, 0.0, 0.0, -0.062684, 0.094026, 0.0, 0.062684, 0.031342, -0.062684, 0.0, -0.031342, -0.062684, -0.031342, 0.062684, 0.0, 0.0, 0.031342, 0.125368, 0.031342, 0.0, -0.031342, -0.094026, -0.125368, 0.031342, -0.094026, 0.031342, 0.0, 0.031342, -0.031342, 0.062684, 0.031342, 0.031342, 0.062684, 0.0, -0.031342, 0.0, -0.031342]",12,6,6,71,93,0.5076,0.5251,0.5204,0.4924,1.0,0.2917,0.0,0.4809,2026-09-20T11:41:53
95ce5812-9b9e-4b2e-a508-a949e2da5bb5,P-2644CBC033,T6,low,medium,google/gemma-4-31b-it,0,Neutral Engagement Agent,"You receive an online order, but the delivery arrives much later than expected. How do you typically react?","[-0.0411, 0.0411, 0.0411, 0.0411, -0.0411, -0.0411, 0.0411, -0.082199, 0.0, -0.0411, 0.0, -0.0411, 0.082199, 0.0, -0.0411, 0.0, 0.0411, -0.082199, 0.0, 0.0, -0.0411, 0.0, 0.0, 0.0, 0.0, 0.0, -0.0411, -0.0411, 0.0, 0.0411, 0.0, -0.0411, 0.0, 0.082199, 0.082199, 0.0, -0.0411, 0.0411, 0.0, 0.0411, 0.0411, -0.082199, 0.0411, 0.082199, 0.0, -0.0411, 0.0, -0.0411, 0.0411, 0.0, 0.0, 0.0, -0.0411, -0.0411, 0.082199, 0.0, 0.0, 0.0411, 0.0, 0.0, 0.0, 0.0411, -0.0411, 0.0, 0.0, 0.0, -0.082199, 0.0, 0.0, 0.0, -0.0411, -0.0411, 0.0411, 0.0411, 0.0, -0.123299, 0.082199, 0.0411, 0.082199, -0.123299, 0.0, 0.082199, 0.0, -0.0411, -0.0411, -0.123299, 0.0, -0.082199, 0.0411, -0.082199, 0.0, 0.0, -0.0411, 0.0, 0.0411, 0.0411, 0.0411, 0.0, 0.0411, 0.0, 0.0, -0.082199, -0.0411, 0.0411, 0.0411, 0.0, 0.0, 0.0, 0.0, 0.0, 0.082199, 0.0411, -0.0411, 0.0411, 0.0, 0.0411, 0.082199, 0.0, 0.0, 0.0411, 0.0411, -0.0411, 0.0, 0.0411, 0.0411, 0.0411, -0.0411, -0.0411, -0.082199, 0.0, 0.082199, 0.0411, 0.0, 0.082199, 0.0411, 0.0411, -0.0411, -0.082199, 0.0, 0.0411, -0.0411, 0.0, 0.0, -0.0411, -0.164399, 0.0, 0.0411, -0.0411, 0.082199, 0.082199, -0.0411, 0.082199, -0.0411, 0.0411, -0.0411, 0.123299, -0.123299, 0.0, 0.123299, -0.0411, -0.082199, -0.123299, 0.0, 0.0, -0.123299, 0.0, 0.0, -0.0411, 0.0, -0.0411, -0.0411, 0.0, -0.0411, 0.0411, -0.0411, -0.0411, -0.0411, 0.0, 0.0, 0.0, 0.0411, -0.0411, 0.0, 0.0, 0.0, 0.0411, 0.123299, 0.082199, 0.0, 0.0, 0.0, 0.0411, 0.123299, 0.0, -0.082199, 0.082199, -0.0411, 0.0411, 0.0, 0.082199, 0.0, 0.0, 0.0, 0.0411, 0.082199, 0.0, -0.082199, 0.0, 0.0411, -0.123299, -0.082199, 0.0, 0.0, 0.0, 0.0411, 0.123299, 0.0, -0.0411, 0.0411, 0.0, 0.0, 0.0411, 0.0, -0.082199, 0.0, 0.0, 0.082199, 0.164399, -0.123299, -0.0411, 0.0, 0.0, 0.0, 0.0, -0.082199, 0.0, 0.0, 0.0, 0.0, 0.0, 0.082199, 0.0411, 0.0, 0.0, 0.0411, -0.0411, 0.0, -0.0411, 0.0, 0.0, 0.0, -0.0411, 0.0, 0.0411, 0.0411, -0.0411, 0.0, -0.082199, 0.123299, 0.0, -0.0411, 0.0, 0.0, 0.0, 0.082199, -0.082199, 0.0411, 0.0, 0.0411, 0.123299, 0.0411, -0.0411, -0.0411, 0.0, 0.0, -0.0411, 0.0, -0.0411, -0.0411, 0.0, 0.0, -0.082199, 0.0, -0.123299, 0.0, 0.082199, -0.082199, 0.0, 0.0411, 0.0411, 0.0, 0.0, 0.0, 0.082199, 0.0411, 0.0411, 0.082199, 0.0, -0.123299, 0.0, 0.0, 0.0, -0.082199, 0.082199, 0.0, -0.0411, -0.0411, 0.0, -0.0411, -0.123299, 0.0411, -0.0411, -0.123299, 0.0, 0.0, -0.082199, 0.0, 0.0, 0.0, 0.0, -0.0411, -0.0411, -0.0411, 0.0411, -0.0411, 0.123299, 0.0, 0.0, 0.0, -0.0411, 0.0411, 0.0, 0.0411, 0.0, -0.123299, -0.0411, -0.082199, 0.0, -0.0411, -0.0411, -0.0411, -0.0411, -0.0411, 0.0411, 0.0, 0.0411, 0.0, 0.0411, 0.0411, -0.082199, 0.0411, 0.082199, 0.0, 0.0411, 0.0, -0.0411, -0.082199, 0.0, -0.082199, 0.0, 0.0411, -0.0411, 0.0411, 0.0411, 0.0411, 0.0, -0.0411, 0.0, -0.082199, -0.082199, 0.0411, -0.0411, 0.0, 0.0, 0.0411, -0.0411, 0.0, 0.0, -0.0411, 0.0411, 0.0411, 0.0411, -0.0411, -0.0411]",12,6,6,179,233,0.5487,0.5861,0.5471,0.4513,1.0,0.7652,0.1667,0.5166,2026-09-20T12:25:58
aa3fe7b6-131b-4615-abf3-813c0f1aad88,P-2644CBC033,T1,high,small,google/gemma-3-4b-it,0,Neutral Engagement Agent,"You are at a supermarket in Greece, choosing cheese. You notice both branded options and supermarket own brands. What factors do you consider before deciding?","[0.031311, -0.062622, 0.031311, -0.031311, 0.0, 0.031311, 0.031311, -0.031311, 0.031311, -0.031311, -0.031311, -0.062622, 0.125245, 0.031311, -0.062622, 0.0, -0.031311, 0.031311, -0.031311, -0.031311, 0.031311, 0.031311, -0.093934, -0.031311, -0.031311, -0.031311, 0.0, 0.0, 0.0, 0.031311, 0.0, 0.031311, -0.031311, 0.125245, 0.093934, -0.031311, 0.062622, 0.031311, 0.031311, -0.031311, 0.062622, 0.0, 0.062622, 0.031311, 0.031311, 0.0, 0.0, -0.062622, -0.031311, 0.031311, 0.062622, 0.031311, 0.0, 0.0, 0.0, 0.031311, 0.0, -0.031311, 0.0, -0.031311, -0.031311, 0.031311, 0.062622, 0.0, -0.031311, -0.031311, 0.031311, -0.062622, -0.031311, 0.0, 0.031311, 0.031311, 0.0, -0.031311, 0.031311, 0.031311, 0.0, 0.062622, 0.0, 0.062622, 0.0, 0.093934, 0.0, -0.093934, 0.031311, -0.093934, 0.031311, -0.156556, 0.031311, -0.156556, 0.031311, 0.093934, -0.031311, 0.062622, -0.031311, -0.031311, 0.062622, 0.0, 0.062622, -0.031311, 0.031311, 0.062622, 0.0, -0.031311, 0.062622, -0.062622, -0.031311, -0.031311, 0.031311, 0.0, 0.062622, -0.093934, 0.0, 0.0, -0.062622, 0.031311, -0.031311, -0.031311, -0.093934, 0.0, 0.093934, 0.031311, 0.031311, 0.0, 0.0, 0.031311, -0.031311, -0.031311, -0.031311, 0.062622, 0.0, -0.031311, -0.031311, 0.125245, 0.0, -0.062622, 0.0, 0.0, -0.093934, 0.031311, 0.0, 0.031311, -0.093934, -0.062622, -0.031311, -0.031311, 0.0, 0.0, 0.0, 0.031311, 0.0, -0.062622, -0.062622, 0.0, -0.031311, 0.031311, 0.062622, 0.031311, 0.093934, 0.031311, -0.093934, 0.0, -0.031311, 0.031311, 0.031311, 0.031311, 0.0, 0.031311, 0.0, -0.125245, 0.031311, -0.031311, -0.031311, 0.125245, 0.0, 0.031311, -0.031311, 0.0, 0.031311, 0.125245, -0.031311, 0.0, 0.0, 0.0, 0.0, -0.031311, 0.093934, 0.062622, 0.062622, -0.062622, 0.0, 0.031311, 0.093934, 0.031311, -0.062622, -0.031311, 0.031311, 0.0, 0.0, 0.031311, 0.0, -0.031311, 0.093934, 0.0, -0.031311, 0.0, 0.062622, -0.031311, -0.062622, -0.062622, 0.0, 0.093934, -0.062622, 0.0, 0.031311, -0.031311, -0.031311, 0.031311, -0.062622, 0.062622, 0.062622, 0.0, 0.0, -0.093934, 0.062622, -0.062622, 0.0, 0.219179, -0.125245, 0.031311, -0.031311, 0.031311, 0.031311, 0.062622, 0.187867, -0.031311, 0.031311, -0.062622, -0.062622, -0.031311, 0.0, -0.062622, 0.0, 0.125245, 0.031311, -0.093934, 0.0, 0.031311, 0.031311, 0.0, 0.0, -0.031311, 0.0, -0.062622, -0.062622, 0.031311, -0.062622, -0.031311, -0.031311, 0.093934, -0.031311, 0.062622, 0.031311, 0.031311, 0.062622, -0.125245, -0.062622, -0.031311, -0.031311, 0.093934, 0.0, 0.062622, 0.0, 0.0, 0.0, -0.062622, 0.0, 0.031311, -0.062622, 0.062622, 0.0, 0.0, 0.0, 0.0, -0.031311, 0.031311, -0.031311, 0.031311, -0.031311, 0.0, -0.031311, 0.0, -0.031311, -0.031311, 0.0, 0.0, 0.062622, -0.062622, -0.093934, 0.0, 0.031311, 0.0, 0.0, 0.062622, 0.031311, -0.031311, -0.062622, 0.062622, 0.062622, 0.0, 0.0, -0.093934, -0.062622, -0.031311, 0.0, 0.0, 0.031311, 0.0, 0.031311, 0.0, 0.0, 0.0, 0.031311, 0.031311, -0.093934, 0.062622, -0.031311, 0.031311, 0.0, 0.093934, -0.062622, 0.031311, 0.0, 0.062622, 0.0, -0.093934, 0.0, 0.031311, 0.062622, 0.0, 0.031311, 0.0, 0.031311, 0.0, -0.062622, 0.0, 0.093934, -0.031311, 0.0, 0.0, -0.093934, 0.062622, 0.0, 0.0, -0.031311, -0.031311, 0.031311, 0.031311, -0.062622, 0.031311, 0.031311, 0.031311, 0.031311, -0.031311, 0.0, 0.0, -0.062622, 0.0, 0.0, -0.187867, 0.031311, 0.0, 0.062622, 0.093934, 0.031311, 0.0, -0.031311, -0.062622, 0.031311, 0.031311, 0.031311, 0.031311, 0.031311, -0.031311]",12,6,6,74,95,0.5437,0.5526,0.5153,0.4563,1.0,0.5079,0.0833,0.4957,2026-09-20T11:51:38
c1e130c5-19fc-4cbd-b63b-0eb7ac5efc91,P-2644CBC033,T6,low,small,google/gemma-3-4b-it,1,Neutral Engagement Agent,"You receive an online order, but the package does not contain the exact items you purchased. How do you typically handle the situation?","[-0.031342, 0.0, 0.062684, 0.031342, -0.031342, 0.0, 0.031342, -0.062684, 0.062684, 0.0, 0.0, 0.031342, 0.125368, 0.0, -0.031342, 0.0, 0.062684, 0.0, 0.0, 0.031342, -0.031342, 0.0, 0.031342, 0.062684, 0.0, 0.0, 0.031342, -0.031342, -0.062684, 0.0, 0.0, 0.0, 0.0, 0.094026, 0.094026, 0.031342, -0.031342, 0.062684, 0.0, 0.031342, 0.062684, -0.062684, 0.062684, 0.062684, 0.062684, -0.031342, 0.0, -0.031342, 0.125368, 0.031342, 0.0, 0.0, 0.0, -0.062684, 0.0, 0.0, 0.0, -0.031342, 0.0, 0.0, -0.031342, -0.062684, -0.031342, 0.0, 0.0, -0.031342, -0.125368, 0.0, 0.0, 0.031342, -0.031342, -0.094026, 0.0, 0.0, -0.031342, -0.094026, 0.094026, 0.125368, -0.031342, -0.094026, 0.0, 0.125368, 0.031342, -0.031342, 0.0, -0.094026, -0.125368, -0.15671, 0.062684, -0.031342, 0.0, -0.031342, -0.031342, 0.0, 0.0, 0.062684, 0.0, 0.0, 0.031342, -0.062684, 0.0, 0.031342, 0.0, 0.031342, 0.031342, -0.031342, 0.031342, 0.031342, 0.062684, 0.0, 0.062684, 0.031342, 0.0, 0.0, -0.031342, 0.0, 0.094026, -0.031342, -0.062684, 0.0, -0.031342, 0.031342, 0.0, 0.0, 0.0, 0.031342, 0.0, -0.031342, 0.0, 0.0, 0.125368, 0.031342, -0.062684, 0.094026, 0.031342, 0.031342, 0.0, -0.062684, 0.0, 0.0, 0.0, 0.0, 0.0, -0.031342, -0.031342, 0.0, 0.031342, 0.0, 0.062684, 0.0, 0.0, 0.125368, 0.031342, 0.031342, 0.0, 0.094026, 0.0, -0.031342, 0.125368, 0.031342, -0.094026, -0.031342, 0.0, 0.0, -0.062684, 0.0, -0.031342, 0.0, -0.062684, -0.031342, 0.031342, 0.0, -0.062684, 0.094026, -0.031342, 0.094026, -0.031342, 0.031342, -0.031342, 0.0, 0.062684, -0.031342, 0.0, -0.031342, 0.0, 0.094026, 0.094026, 0.094026, -0.062684, 0.0, 0.031342, 0.031342, 0.188052, 0.0, -0.094026, 0.031342, 0.0, -0.031342, 0.031342, 0.0, 0.0, -0.031342, 0.0, 0.0, 0.094026, 0.031342, -0.031342, 0.0, 0.031342, -0.094026, 0.0, 0.0, 0.0, -0.094026, 0.0, 0.062684, -0.031342, 0.0, 0.125368, 0.0, 0.0, 0.062684, -0.062684, -0.094026, 0.062684, 0.0, 0.094026, 0.094026, -0.125368, 0.031342, -0.125368, 0.0, -0.062684, -0.031342, 0.0, 0.0, 0.0, -0.062684, 0.0, 0.0, 0.094026, -0.031342, -0.031342, 0.062684, 0.031342, 0.031342, -0.031342, 0.031342, 0.0, 0.0, -0.031342, 0.0, -0.031342, 0.062684, 0.0, -0.031342, 0.0, -0.094026, -0.062684, 0.125368, -0.062684, 0.0, -0.031342, -0.031342, 0.031342, 0.0, 0.031342, -0.031342, 0.031342, 0.094026, 0.062684, -0.125368, 0.0, -0.031342, -0.031342, -0.094026, -0.062684, 0.031342, 0.0, 0.0, 0.0, 0.062684, -0.062684, -0.062684, 0.0, 0.094026, -0.031342, 0.0, 0.031342, 0.0, 0.0, 0.031342, 0.031342, 0.031342, 0.0, 0.031342, 0.031342, -0.031342, -0.031342, 0.031342, 0.0, 0.031342, -0.031342, -0.031342, 0.0, 0.0, -0.062684, 0.0, 0.062684, 0.031342, 0.0, -0.062684, -0.094026, -0.031342, -0.031342, -0.031342, -0.062684, 0.0, 0.0, 0.0, -0.031342, -0.062684, -0.062684, 0.0, 0.0, 0.15671, -0.031342, 0.0, 0.0, 0.0, 0.031342, -0.031342, 0.0, -0.031342, 0.031342, -0.031342, -0.031342, 0.031342, -0.031342, -0.062684, 0.031342, -0.031342, -0.125368, 0.031342, -0.031342, 0.031342, 0.0, 0.062684, 0.0, 0.0, -0.062684, 0.094026, 0.0, 0.062684, 0.031342, -0.062684, 0.0, -0.031342, -0.062684, -0.031342, 0.062684, 0.0, 0.0, 0.031342, 0.125368, 0.031342, 0.0, -0.031342, -0.094026, -0.125368, 0.031342, -0.094026, 0.031342, 0.0, 0.031342, -0.031342, 0.062684, 0.031342, 0.031342, 0.062684, 0.0, -0.031342, 0.0, -0.031342]",12,6,6,66,84,0.5087,0.5106,0.531,0.4913,1.0,0.4,0.1667,0.5086,2026-09-20T10:51:17
da958aac-868c-4517-9992-f10dcfb30560,P-2644CBC033,T1,high,medium,google/gemma-4-31b-it,1,Neutral Engagement Agent,"You are at a supermarket in Greece, choosing lentils. You notice both branded options and supermarket own brands. What factors do you consider before deciding?","[0.061142, -0.061142, 0.030571, -0.061142, 0.0, 0.030571, 0.030571, 0.0, 0.030571, -0.030571, 0.0, -0.061142, 0.122284, 0.030571, -0.061142, 0.0, -0.030571, 0.030571, -0.030571, -0.030571, 0.030571, 0.0, -0.091713, -0.030571, -0.030571, -0.030571, 0.030571, 0.0, 0.0, 0.030571, 0.0, 0.0, -0.030571, 0.122284, 0.091713, -0.030571, 0.061142, 0.030571, 0.030571, -0.030571, 0.061142, 0.0, 0.061142, 0.030571, 0.030571, 0.0, 0.0, -0.061142, -0.030571, 0.030571, 0.061142, 0.030571, 0.0, 0.0, 0.0, 0.030571, 0.0, -0.030571, 0.0, -0.030571, -0.030571, 0.030571, 0.061142, 0.0, -0.061142, -0.030571, 0.030571, -0.061142, -0.030571, 0.0, 0.030571, 0.030571, 0.0, -0.030571, 0.030571, 0.030571, 0.0, 0.061142, 0.0, 0.061142, 0.0, 0.091713, 0.0, -0.091713, 0.030571, -0.091713, 0.030571, -0.152854, 0.030571, -0.122284, 0.0, 0.091713, -0.061142, 0.061142, 0.0, -0.030571, 0.061142, 0.0, 0.061142, -0.030571, 0.030571, 0.061142, 0.0, 0.0, 0.061142, -0.061142, -0.030571, -0.030571, 0.030571, 0.0, 0.061142, -0.091713, 0.0, 0.0, -0.091713, 0.030571, -0.030571, -0.030571, -0.091713, 0.0, 0.152854, 0.0, 0.030571, 0.0, 0.0, 0.030571, -0.061142, -0.030571, -0.030571, 0.061142, 0.0, -0.030571, 0.0, 0.122284, 0.0, -0.091713, 0.0, 0.0, -0.091713, 0.030571, 0.0, 0.030571, -0.091713, -0.061142, -0.030571, 0.0, 0.0, 0.0, 0.0, 0.030571, 0.0, -0.061142, -0.061142, 0.0, -0.030571, 0.030571, 0.061142, 0.030571, 0.122284, 0.030571, -0.091713, 0.0, -0.030571, 0.030571, 0.030571, 0.030571, 0.0, 0.030571, 0.0, -0.122284, 0.030571, -0.030571, -0.030571, 0.122284, 0.0, 0.030571, -0.030571, 0.0, 0.0, 0.122284, -0.030571, 0.0, 0.0, 0.0, 0.0, -0.030571, 0.122284, 0.091713, 0.061142, -0.061142, 0.0, 0.030571, 0.091713, 0.030571, -0.061142, -0.030571, 0.030571, -0.030571, 0.0, 0.030571, 0.0, -0.030571, 0.091713, 0.0, -0.030571, 0.0, 0.061142, -0.030571, -0.061142, -0.061142, 0.0, 0.091713, -0.061142, 0.0, 0.030571, -0.030571, -0.030571, 0.030571, -0.061142, 0.061142, 0.061142, 0.0, 0.0, -0.030571, 0.030571, -0.061142, -0.030571, 0.213996, -0.122284, 0.030571, -0.030571, 0.030571, 0.0, 0.091713, 0.183425, -0.030571, 0.030571, -0.061142, -0.061142, -0.030571, 0.0, -0.061142, 0.0, 0.122284, 0.030571, -0.091713, 0.0, 0.0, 0.0, 0.0, 0.0, -0.030571, 0.0, -0.061142, -0.061142, 0.030571, -0.061142, -0.061142, -0.030571, 0.091713, -0.030571, 0.061142, 0.0, 0.0, 0.0, -0.122284, -0.061142, -0.030571, -0.030571, 0.091713, 0.0, 0.091713, 0.0, 0.0, 0.0, -0.061142, 0.0, 0.030571, -0.061142, 0.091713, 0.0, 0.0, 0.030571, 0.0, -0.030571, 0.030571, -0.030571, 0.030571, -0.030571, 0.0, -0.030571, 0.0, -0.030571, -0.030571, 0.0, 0.0, 0.030571, -0.061142, -0.091713, 0.0, 0.030571, 0.0, 0.0, 0.061142, 0.0, -0.030571, -0.030571, 0.061142, 0.030571, 0.0, 0.030571, -0.091713, -0.061142, -0.030571, 0.0, 0.0, 0.030571, 0.0, 0.030571, 0.0, 0.0, 0.030571, 0.061142, 0.030571, -0.091713, 0.061142, -0.030571, 0.030571, 0.0, 0.091713, -0.061142, 0.030571, 0.0, 0.030571, 0.0, -0.091713, 0.0, 0.030571, 0.061142, 0.0, 0.030571, 0.0, 0.030571, 0.0, -0.061142, 0.0, 0.152854, -0.030571, -0.030571, 0.0, -0.091713, 0.061142, 0.0, 0.0, -0.030571, -0.030571, 0.030571, 0.030571, -0.030571, 0.030571, 0.030571, 0.030571, 0.030571, -0.030571, 0.0, 0.0, -0.061142, 0.0, 0.0, -0.183425, 0.030571, 0.0, 0.061142, 0.091713, 0.061142, 0.0, -0.030571, -0.061142, 0.030571, 0.0, 0.030571, 0.030571, 0.030571, -0.030571]",12,6,6,182,236,0.5766,0.6157,0.5396,0.4234,1.0,0.6978,0.0833,0.5051,2026-09-20T11:57:21
e1be14e4-b451-4f54-97c8-1ab60bb4f0fc,P-2644CBC033,T1,high,small,google/gemma-3-4b-it,1,Neutral Engagement Agent,"You are at a supermarket in Greece, choosing cheese. You notice both branded options and supermarket own brands. What factors do you consider before deciding?","[0.031311, -0.062622, 0.031311, -0.031311, 0.0, 0.031311, 0.031311, -0.031311, 0.031311, -0.031311, -0.031311, -0.062622, 0.125245, 0.031311, -0.062622, 0.0, -0.031311, 0.031311, -0.031311, -0.031311, 0.031311, 0.031311, -0.093934, -0.031311, -0.031311, -0.031311, 0.0, 0.0, 0.0, 0.031311, 0.0, 0.031311, -0.031311, 0.125245, 0.093934, -0.031311, 0.062622, 0.031311, 0.031311, -0.031311, 0.062622, 0.0, 0.062622, 0.031311, 0.031311, 0.0, 0.0, -0.062622, -0.031311, 0.031311, 0.062622, 0.031311, 0.0, 0.0, 0.0, 0.031311, 0.0, -0.031311, 0.0, -0.031311, -0.031311, 0.031311, 0.062622, 0.0, -0.031311, -0.031311, 0.031311, -0.062622, -0.031311, 0.0, 0.031311, 0.031311, 0.0, -0.031311, 0.031311, 0.031311, 0.0, 0.062622, 0.0, 0.062622, 0.0, 0.093934, 0.0, -0.093934, 0.031311, -0.093934, 0.031311, -0.156556, 0.031311, -0.156556, 0.031311, 0.093934, -0.031311, 0.062622, -0.031311, -0.031311, 0.062622, 0.0, 0.062622, -0.031311, 0.031311, 0.062622, 0.0, -0.031311, 0.062622, -0.062622, -0.031311, -0.031311, 0.031311, 0.0, 0.062622, -0.093934, 0.0, 0.0, -0.062622, 0.031311, -0.031311, -0.031311, -0.093934, 0.0, 0.093934, 0.031311, 0.031311, 0.0, 0.0, 0.031311, -0.031311, -0.031311, -0.031311, 0.062622, 0.0, -0.031311, -0.031311, 0.125245, 0.0, -0.062622, 0.0, 0.0, -0.093934, 0.031311, 0.0, 0.031311, -0.093934, -0.062622, -0.031311, -0.031311, 0.0, 0.0, 0.0, 0.031311, 0.0, -0.062622, -0.062622, 0.0, -0.031311, 0.031311, 0.062622, 0.031311, 0.093934, 0.031311, -0.093934, 0.0, -0.031311, 0.031311, 0.031311, 0.031311, 0.0, 0.031311, 0.0, -0.125245, 0.031311, -0.031311, -0.031311, 0.125245, 0.0, 0.031311, -0.031311, 0.0, 0.031311, 0.125245, -0.031311, 0.0, 0.0, 0.0, 0.0, -0.031311, 0.093934, 0.062622, 0.062622, -0.062622, 0.0, 0.031311, 0.093934, 0.031311, -0.062622, -0.031311, 0.031311, 0.0, 0.0, 0.031311, 0.0, -0.031311, 0.093934, 0.0, -0.031311, 0.0, 0.062622, -0.031311, -0.062622, -0.062622, 0.0, 0.093934, -0.062622, 0.0, 0.031311, -0.031311, -0.031311, 0.031311, -0.062622, 0.062622, 0.062622, 0.0, 0.0, -0.093934, 0.062622, -0.062622, 0.0, 0.219179, -0.125245, 0.031311, -0.031311, 0.031311, 0.031311, 0.062622, 0.187867, -0.031311, 0.031311, -0.062622, -0.062622, -0.031311, 0.0, -0.062622, 0.0, 0.125245, 0.031311, -0.093934, 0.0, 0.031311, 0.031311, 0.0, 0.0, -0.031311, 0.0, -0.062622, -0.062622, 0.031311, -0.062622, -0.031311, -0.031311, 0.093934, -0.031311, 0.062622, 0.031311, 0.031311, 0.062622, -0.125245, -0.062622, -0.031311, -0.031311, 0.093934, 0.0, 0.062622, 0.0, 0.0, 0.0, -0.062622, 0.0, 0.031311, -0.062622, 0.062622, 0.0, 0.0, 0.0, 0.0, -0.031311, 0.031311, -0.031311, 0.031311, -0.031311, 0.0, -0.031311, 0.0, -0.031311, -0.031311, 0.0, 0.0, 0.062622, -0.062622, -0.093934, 0.0, 0.031311, 0.0, 0.0, 0.062622, 0.031311, -0.031311, -0.062622, 0.062622, 0.062622, 0.0, 0.0, -0.093934, -0.062622, -0.031311, 0.0, 0.0, 0.031311, 0.0, 0.031311, 0.0, 0.0, 0.0, 0.031311, 0.031311, -0.093934, 0.062622, -0.031311, 0.031311, 0.0, 0.093934, -0.062622, 0.031311, 0.0, 0.062622, 0.0, -0.093934, 0.0, 0.031311, 0.062622, 0.0, 0.031311, 0.0, 0.031311, 0.0, -0.062622, 0.0, 0.093934, -0.031311, 0.0, 0.0, -0.093934, 0.062622, 0.0, 0.0, -0.031311, -0.031311, 0.031311, 0.031311, -0.062622, 0.031311, 0.031311, 0.031311, 0.031311, -0.031311, 0.0, 0.0, -0.062622, 0.0, 0.0, -0.187867, 0.031311, 0.0, 0.062622, 0.093934, 0.031311, 0.0, -0.031311, -0.062622, 0.031311, 0.031311, 0.031311, 0.031311, 0.031311, -0.031311]",12,6,6,83,107,0.5269,0.5734,0.53,0.4731,1.0,0.4459,0.0,0.4852,2026-09-20T12:07:10
1e32d4c5-7f0b-45b2-9101-c3c2bfcde957,P-2DB0DA1D0E,T2,low,medium,google/gemma-4-31b-it,0,Neutral Engagement Agent,"A friend suggests ordering Indian food, but you are not familiar with the cuisine. How do you respond during the conversation?","[0.033787, -0.033787, -0.033787, -0.033787, -0.033787, -0.033787, 0.0, -0.101361, 0.0, -0.033787, 0.0, 0.067574, 0.101361, 0.033787, 0.0, 0.0, 0.033787, 0.033787, 0.0, 0.0, -0.067574, 0.033787, -0.168934, 0.067574, 0.0, 0.0, 0.067574, 0.0, 0.0, 0.0, -0.033787, 0.0, 0.033787, 0.033787, 0.033787, 0.0, -0.033787, 0.067574, 0.0, 0.033787, 0.0, 0.0, 0.067574, 0.067574, -0.033787, 0.0, -0.033787, 0.0, 0.135147, 0.0, 0.067574, 0.033787, 0.033787, -0.067574, 0.033787, 0.0, -0.033787, 0.0, -0.067574, -0.033787, 0.033787, 0.0, -0.033787, 0.0, 0.033787, 0.0, 0.0, -0.033787, -0.033787, -0.101361, 0.067574, -0.101361, 0.0, -0.033787, 0.033787, 0.0, 0.067574, 0.067574, -0.033787, -0.033787, 0.0, 0.101361, -0.067574, -0.067574, 0.0, -0.067574, 0.0, -0.101361, 0.0, -0.067574, 0.0, 0.0, 0.0, 0.0, -0.033787, 0.067574, 0.033787, 0.0, -0.033787, -0.067574, -0.033787, 0.0, 0.0, 0.033787, 0.0, -0.033787, 0.033787, 0.0, 0.0, 0.0, 0.101361, -0.067574, 0.0, -0.033787, 0.033787, 0.067574, 0.067574, -0.033787, -0.067574, 0.0, -0.033787, -0.033787, 0.067574, 0.0, -0.033787, 0.0, 0.033787, 0.0, -0.033787, -0.067574, 0.0, -0.033787, 0.0, 0.135147, 0.033787, 0.033787, 0.033787, -0.067574, 0.0, 0.033787, 0.0, 0.0, -0.033787, 0.0, -0.033787, 0.0, 0.0, 0.0, 0.101361, 0.0, 0.067574, 0.0, 0.0, 0.0, 0.033787, 0.033787, 0.0, 0.0, 0.101361, 0.0, -0.101361, 0.033787, 0.0, 0.0, -0.067574, -0.033787, 0.0, 0.0, -0.033787, 0.0, -0.067574, 0.101361, -0.033787, 0.0, -0.067574, -0.101361, -0.033787, 0.0, 0.0, 0.033787, 0.0, 0.0, 0.067574, 0.067574, 0.0, 0.067574, 0.033787, 0.101361, 0.067574, -0.101361, 0.0, 0.067574, 0.135147, 0.033787, -0.067574, 0.033787, 0.067574, -0.033787, 0.033787, -0.033787, 0.0, 0.067574, -0.033787, 0.135147, 0.033787, 0.067574, 0.033787, -0.033787, 0.033787, -0.067574, -0.033787, 0.101361, 0.0, -0.033787, 0.0, 0.135147, 0.0, -0.101361, 0.067574, -0.067574, 0.067574, 0.0, 0.0, -0.067574, 0.101361, -0.101361, 0.0, 0.101361, -0.101361, 0.033787, -0.135147, 0.0, -0.033787, -0.033787, -0.033787, 0.0, -0.033787, 0.0, -0.033787, -0.101361, 0.0, 0.0, 0.0, 0.135147, 0.101361, 0.067574, 0.0, 0.033787, 0.033787, -0.067574, -0.033787, 0.033787, 0.101361, 0.067574, 0.0, -0.033787, -0.101361, -0.135147, -0.033787, -0.033787, -0.033787, -0.033787, 0.0, -0.067574, 0.0, 0.033787, 0.0, 0.0, 0.067574, 0.067574, -0.033787, -0.101361, 0.0, 0.033787, 0.0, 0.0, -0.067574, 0.0, -0.033787, 0.0, 0.0, 0.101361, 0.0, 0.033787, 0.0, 0.067574, 0.0, 0.0, 0.067574, 0.033787, 0.0, -0.033787, 0.033787, 0.0, 0.0, 0.0, -0.067574, -0.033787, 0.0, 0.033787, 0.033787, 0.0, 0.0, 0.067574, 0.0, 0.0, -0.067574, 0.033787, 0.0, 0.033787, -0.101361, -0.033787, -0.067574, -0.033787, 0.033787, 0.0, 0.067574, -0.033787, 0.0, -0.033787, 0.0, -0.033787, -0.067574, 0.033787, 0.033787, 0.0, -0.101361, 0.101361, 0.0, 0.033787, 0.0, 0.067574, 0.0, 0.0, -0.033787, -0.033787, 0.0, 0.0, -0.067574, 0.0, 0.033787, 0.0, -0.067574, 0.0, 0.0, 0.0, 0.033787, 0.067574, 0.0, 0.0, 0.0, 0.067574, 0.0, 0.033787, 0.0, -0.101361, 0.033787, 0.0, 0.0, 0.0, 0.033787, 0.0, 0.033787, -0.033787, 0.101361, 0.0, -0.033787, 0.0, -0.067574, -0.202721, 0.0, -0.067574, 0.067574, 0.0, -0.033787, 0.0, 0.033787, 0.0, -0.033787, 0.101361, 0.0, 0.0, -0.067574, -0.033787]",12,6,6,166,217,0.5739,0.61,0.5491,0.4261,1.0,0.7934,0.0,0.4947,2026-09-19T15:26:24
22e690ad-66cb-481f-8bab-829dc3f4c525,P-2DB0DA1D0E,T8,high,small,google/gemma-3-4b-it,1,Neutral Engagement Agent,You are considering a weekend getaway within Greece. What factors influence your destination choice?,"[0.046324, 0.046324, 0.0, -0.046324, 0.092648, -0.046324, 0.046324, -0.092648, 0.046324, 0.0, -0.092648, -0.046324, 0.046324, -0.046324, 0.0, -0.046324, 0.046324, 0.046324, 0.046324, 0.0, 0.046324, 0.046324, -0.046324, -0.046324, 0.0, 0.0, 0.0, -0.046324, 0.0, 0.046324, -0.092648, 0.0, 0.0, 0.046324, -0.046324, -0.092648, 0.0, -0.046324, 0.046324, 0.0, 0.0, 0.0, 0.0, 0.0, 0.046324, 0.0, 0.0, -0.046324, 0.0, 0.0, 0.046324, -0.138972, 0.0, 0.0, 0.0, 0.0, 0.0, -0.046324, 0.0, -0.092648, 0.0, 0.0, -0.046324, 0.0, 0.0, -0.046324, 0.0, -0.092648, 0.0, -0.092648, 0.046324, 0.0, -0.046324, 0.0, 0.0, 0.046324, 0.138972, 0.046324, 0.092648, 0.046324, -0.046324, 0.0, 0.046324, 0.0, 0.046324, -0.046324, 0.0, 0.0, 0.046324, 0.0, 0.046324, 0.0, -0.046324, 0.0, 0.046324, -0.092648, 0.046324, 0.0, 0.0, 0.092648, 0.0, 0.0, 0.0, -0.046324, 0.0, -0.046324, 0.0, 0.0, 0.0, 0.0, 0.0, -0.092648, 0.0, 0.0, -0.046324, 0.046324, -0.046324, -0.046324, -0.046324, -0.046324, 0.0, -0.046324, 0.0, 0.0, -0.092648, 0.092648, 0.0, 0.0, -0.046324, 0.0, -0.092648, -0.092648, -0.046324, 0.046324, 0.0, -0.092648, 0.046324, -0.046324, -0.092648, 0.0, 0.0, 0.046324, -0.092648, -0.046324, 0.0, -0.046324, 0.046324, 0.0, 0.0, -0.046324, 0.0, -0.092648, 0.046324, 0.0, 0.0, 0.046324, 0.046324, 0.0, 0.092648, 0.092648, -0.185296, 0.092648, 0.0, 0.0, 0.0, 0.0, 0.0, 0.0, 0.046324, -0.046324, -0.046324, -0.046324, 0.0, 0.046324, -0.046324, 0.0, -0.046324, -0.046324, -0.092648, 0.046324, 0.0, 0.0, 0.138972, -0.046324, 0.046324, 0.0, 0.0, 0.138972, 0.046324, -0.046324, -0.046324, 0.046324, 0.046324, 0.0, -0.092648, 0.0, 0.0, 0.0, 0.0, 0.046324, 0.046324, 0.046324, 0.0, -0.046324, 0.0, -0.092648, 0.0, 0.046324, 0.0, -0.138972, 0.0, 0.046324, 0.0, 0.0, 0.0, 0.0, 0.046324, 0.046324, 0.0, 0.092648, 0.0, 0.0, 0.0, -0.092648, -0.046324, 0.0, -0.046324, 0.092648, -0.092648, 0.0, 0.0, 0.0, 0.0, -0.092648, -0.046324, 0.0, 0.0, 0.0, -0.046324, -0.046324, -0.092648, -0.046324, -0.046324, 0.092648, 0.0, 0.092648, -0.046324, 0.0, -0.092648, -0.046324, 0.0, -0.092648, 0.0, -0.046324, -0.092648, 0.046324, -0.185296, -0.092648, 0.092648, 0.0, 0.0, -0.046324, -0.046324, -0.092648, -0.046324, 0.046324, -0.138972, 0.046324, 0.0, 0.138972, -0.092648, 0.046324, -0.046324, -0.046324, 0.0, 0.046324, -0.046324, 0.0, 0.046324, 0.0, 0.0, 0.0, 0.0, 0.0, -0.092648, -0.046324, 0.0, 0.0, 0.0, 0.0, 0.0, -0.092648, 0.0, 0.0, 0.0, -0.046324, -0.046324, 0.046324, 0.046324, 0.0, 0.0, 0.0, 0.046324, 0.092648, -0.046324, -0.092648, 0.0, 0.046324, 0.0, -0.046324, 0.0, -0.046324, -0.092648, 0.0, 0.046324, -0.046324, -0.046324, 0.0, -0.046324, 0.0, 0.0, -0.046324, 0.046324, 0.046324, -0.046324, 0.046324, 0.0, 0.046324, 0.0, -0.046324, -0.092648, 0.0, 0.0, 0.092648, -0.092648, -0.092648, -0.046324, 0.046324, 0.092648, 0.0, 0.046324, 0.0, 0.092648, -0.046324, -0.046324, 0.0, 0.046324, 0.0, 0.0, 0.0, 0.0, -0.046324, 0.0, 0.0, -0.046324, 0.0, 0.0, -0.046324, 0.0, 0.046324, 0.046324, 0.046324, 0.0, 0.0, -0.046324, 0.092648, 0.0, 0.046324, -0.046324, -0.092648, 0.0, -0.046324, 0.046324, 0.0, 0.0, 0.0, -0.046324, -0.046324, -0.046324, -0.046324, 0.0, 0.0, -0.046324, 0.046324]",12,6,6,114,149,0.531,0.5471,0.492,0.469,1.0,0.8171,0.0833,0.4886,2026-09-19T15:26:24
36091ab3-7be0-43ac-8438-260ed8e57584,P-2DB0DA1D0E,T8,high,small,google/gemma-3-4b-it,0,Neutral Engagement Agent,You are considering a weekend getaway within Greece. What factors influence your destination choice?,"[0.046324, 0.046324, 0.0, -0.046324, 0.092648, -0.046324, 0.046324, -0.092648, 0.046324, 0.0, -0.092648, -0.046324, 0.046324, -0.046324, 0.0, -0.046324, 0.046324, 0.046324, 0.046324, 0.0, 0.046324, 0.046324, -0.046324, -0.046324, 0.0, 0.0, 0.0, -0.046324, 0.0, 0.046324, -0.092648, 0.0, 0.0, 0.046324, -0.046324, -0.092648, 0.0, -0.046324, 0.046324, 0.0, 0.0, 0.0, 0.0, 0.0, 0.046324, 0.0, 0.0, -0.046324, 0.0, 0.0, 0.046324, -0.138972, 0.0, 0.0, 0.0, 0.0, 0.0, -0.046324, 0.0, -0.092648, 0.0, 0.0, -0.046324, 0.0, 0.0, -0.046324, 0.0, -0.092648, 0.0, -0.092648, 0.046324, 0.0, -0.046324, 0.0, 0.0, 0.046324, 0.138972, 0.046324, 0.092648, 0.046324, -0.046324, 0.0, 0.046324, 0.0, 0.046324, -0.046324, 0.0, 0.0, 0.046324, 0.0, 0.046324, 0.0, -0.046324, 0.0, 0.046324, -0.092648, 0.046324, 0.0, 0.0, 0.092648, 0.0, 0.0, 0.0, -0.046324, 0.0, -0.046324, 0.0, 0.0, 0.0, 0.0, 0.0, -0.092648, 0.0, 0.0, -0.046324, 0.046324, -0.046324, -0.046324, -0.046324, -0.046324, 0.0, -0.046324, 0.0, 0.0, -0.092648, 0.092648, 0.0, 0.0, -0.046324, 0.0, -0.092648, -0.092648, -0.046324, 0.046324, 0.0, -0.092648, 0.046324, -0.046324, -0.092648, 0.0, 0.0, 0.046324, -0.092648, -0.046324, 0.0, -0.046324, 0.046324, 0.0, 0.0, -0.046324, 0.0, -0.092648, 0.046324, 0.0, 0.0, 0.046324, 0.046324, 0.0, 0.092648, 0.092648, -0.185296, 0.092648, 0.0, 0.0, 0.0, 0.0, 0.0, 0.0, 0.046324, -0.046324, -0.046324, -0.046324, 0.0, 0.046324, -0.046324, 0.0, -0.046324, -0.046324, -0.092648, 0.046324, 0.0, 0.0, 0.138972, -0.046324, 0.046324, 0.0, 0.0, 0.138972, 0.046324, -0.046324, -0.046324, 0.046324, 0.046324, 0.0, -0.092648, 0.0, 0.0, 0.0, 0.0, 0.046324, 0.046324, 0.046324, 0.0, -0.046324, 0.0, -0.092648, 0.0, 0.046324, 0.0, -0.138972, 0.0, 0.046324, 0.0, 0.0, 0.0, 0.0, 0.046324, 0.046324, 0.0, 0.092648, 0.0, 0.0, 0.0, -0.092648, -0.046324, 0.0, -0.046324, 0.092648, -0.092648, 0.0, 0.0, 0.0, 0.0, -0.092648, -0.046324, 0.0, 0.0, 0.0, -0.046324, -0.046324, -0.092648, -0.046324, -0.046324, 0.092648, 0.0, 0.092648, -0.046324, 0.0, -0.092648, -0.046324, 0.0, -0.092648, 0.0, -0.046324, -0.092648, 0.046324, -0.185296, -0.092648, 0.092648, 0.0, 0.0, -0.046324, -0.046324, -0.092648, -0.046324, 0.046324, -0.138972, 0.046324, 0.0, 0.138972, -0.092648, 0.046324, -0.046324, -0.046324, 0.0, 0.046324, -0.046324, 0.0, 0.046324, 0.0, 0.0, 0.0, 0.0, 0.0, -0.092648, -0.046324, 0.0, 0.0, 0.0, 0.0, 0.0, -0.092648, 0.0, 0.0, 0.0, -0.046324, -0.046324, 0.046324, 0.046324, 0.0, 0.0, 0.0, 0.046324, 0.092648, -0.046324, -0.092648, 0.0, 0.046324, 0.0, -0.046324, 0.0, -0.046324, -0.092648, 0.0, 0.046324, -0.046324, -0.046324, 0.0, -0.046324, 0.0, 0.0, -0.046324, 0.046324, 0.046324, -0.046324, 0.046324, 0.0, 0.046324, 0.0, -0.046324, -0.092648, 0.0, 0.0, 0.092648, -0.092648, -0.092648, -0.046324, 0.046324, 0.092648, 0.0, 0.046324, 0.0, 0.092648, -0.046324, -0.046324, 0.0, 0.046324, 0.0, 0.0, 0.0, 0.0, -0.046324, 0.0, 0.0, -0.046324, 0.0, 0.0, -0.046324, 0.0, 0.046324, 0.046324, 0.046324, 0.0, 0.0, -0.046324, 0.092648, 0.0, 0.046324, -0.046324, -0.092648, 0.0, -0.046324, 0.046324, 0.0, 0.0, 0.0, -0.046324, -0.046324, -0.046324, -0.046324, 0.0, 0.0, -0.046324, 0.046324]",12,6,6,115,150,0.518,0.5466,0.5074,0.482,1.0,0.9231,0.1667,0.5037,2026-09-19T15:26:24
3ad69467-a8e2-4f72-ba28-e18c4a9492bf,P-2DB0DA1D0E,T2,low,medium,google/gemma-4-31b-it,1,Neutral Engagement Agent,"A friend suggests ordering Indian food, but you are not familiar with the cuisine. How do you respond during the conversation?","[0.033787, -0.033787, -0.033787, -0.033787, -0.033787, -0.033787, 0.0, -0.101361, 0.0, -0.033787, 0.0, 0.067574, 0.101361, 0.033787, 0.0, 0.0, 0.033787, 0.033787, 0.0, 0.0, -0.067574, 0.033787, -0.168934, 0.067574, 0.0, 0.0, 0.067574, 0.0, 0.0, 0.0, -0.033787, 0.0, 0.033787, 0.033787, 0.033787, 0.0, -0.033787, 0.067574, 0.0, 0.033787, 0.0, 0.0, 0.067574, 0.067574, -0.033787, 0.0, -0.033787, 0.0, 0.135147, 0.0, 0.067574, 0.033787, 0.033787, -0.067574, 0.033787, 0.0, -0.033787, 0.0, -0.067574, -0.033787, 0.033787, 0.0, -0.033787, 0.0, 0.033787, 0.0, 0.0, -0.033787, -0.033787, -0.101361, 0.067574, -0.101361, 0.0, -0.033787, 0.033787, 0.0, 0.067574, 0.067574, -0.033787, -0.033787, 0.0, 0.101361, -0.067574, -0.067574, 0.0, -0.067574, 0.0, -0.101361, 0.0, -0.067574, 0.0, 0.0, 0.0, 0.0, -0.033787, 0.067574, 0.033787, 0.0, -0.033787, -0.067574, -0.033787, 0.0, 0.0, 0.033787, 0.0, -0.033787, 0.033787, 0.0, 0.0, 0.0, 0.101361, -0.067574, 0.0, -0.033787, 0.033787, 0.067574, 0.067574, -0.033787, -0.067574, 0.0, -0.033787, -0.033787, 0.067574, 0.0, -0.033787, 0.0, 0.033787, 0.0, -0.033787, -0.067574, 0.0, -0.033787, 0.0, 0.135147, 0.033787, 0.033787, 0.033787, -0.067574, 0.0, 0.033787, 0.0, 0.0, -0.033787, 0.0, -0.033787, 0.0, 0.0, 0.0, 0.101361, 0.0, 0.067574, 0.0, 0.0, 0.0, 0.033787, 0.033787, 0.0, 0.0, 0.101361, 0.0, -0.101361, 0.033787, 0.0, 0.0, -0.067574, -0.033787, 0.0, 0.0, -0.033787, 0.0, -0.067574, 0.101361, -0.033787, 0.0, -0.067574, -0.101361, -0.033787, 0.0, 0.0, 0.033787, 0.0, 0.0, 0.067574, 0.067574, 0.0, 0.067574, 0.033787, 0.101361, 0.067574, -0.101361, 0.0, 0.067574, 0.135147, 0.033787, -0.067574, 0.033787, 0.067574, -0.033787, 0.033787, -0.033787, 0.0, 0.067574, -0.033787, 0.135147, 0.033787, 0.067574, 0.033787, -0.033787, 0.033787, -0.067574, -0.033787, 0.101361, 0.0, -0.033787, 0.0, 0.135147, 0.0, -0.101361, 0.067574, -0.067574, 0.067574, 0.0, 0.0, -0.067574, 0.101361, -0.101361, 0.0, 0.101361, -0.101361, 0.033787, -0.135147, 0.0, -0.033787, -0.033787, -0.033787, 0.0, -0.033787, 0.0, -0.033787, -0.101361, 0.0, 0.0, 0.0, 0.135147, 0.101361, 0.067574, 0.0, 0.033787, 0.033787, -0.067574, -0.033787, 0.033787, 0.101361, 0.067574, 0.0, -0.033787, -0.101361, -0.135147, -0.033787, -0.033787, -0.033787, -0.033787, 0.0, -0.067574, 0.0, 0.033787, 0.0, 0.0, 0.067574, 0.067574, -0.033787, -0.101361, 0.0, 0.033787, 0.0, 0.0, -0.067574, 0.0, -0.033787, 0.0, 0.0, 0.101361, 0.0, 0.033787, 0.0, 0.067574, 0.0, 0.0, 0.067574, 0.033787, 0.0, -0.033787, 0.033787, 0.0, 0.0, 0.0, -0.067574, -0.033787, 0.0, 0.033787, 0.033787, 0.0, 0.0, 0.067574, 0.0, 0.0, -0.067574, 0.033787, 0.0, 0.033787, -0.101361, -0.033787, -0.067574, -0.033787, 0.033787, 0.0, 0.067574, -0.033787, 0.0, -0.033787, 0.0, -0.033787, -0.067574, 0.033787, 0.033787, 0.0, -0.101361, 0.101361, 0.0, 0.033787, 0.0, 0.067574, 0.0, 0.0, -0.033787, -0.033787, 0.0, 0.0, -0.067574, 0.0, 0.033787, 0.0, -0.067574, 0.0, 0.0, 0.0, 0.033787, 0.067574, 0.0, 0.0, 0.0, 0.067574, 0.0, 0.033787, 0.0, -0.101361, 0.033787, 0.0, 0.0, 0.0, 0.033787, 0.0, 0.033787, -0.033787, 0.101361, 0.0, -0.033787, 0.0, -0.067574, -0.202721, 0.0, -0.067574, 0.067574, 0.0, -0.033787, 0.0, 0.033787, 0.0, -0.033787, 0.101361, 0.0, 0.0, -0.067574, -0.033787]",12,6,6,169,219,0.5651,0.587,0.5343,0.4349,1.0,0.6846,0.25,0.5276,2026-09-19T15:26:24
3b484427-8f80-45f1-a60b-a77841c3e588,P-2DB0DA1D0E,T2,low,small,google/gemma-3-4b-it,0,Neutral Engagement Agent,"A friend suggests ordering Indian food, but you are not familiar with the cuisine. How do you respond during the conversation?","[0.033787, -0.033787, -0.033787, -0.033787, -0.033787, -0.033787, 0.0, -0.101361, 0.0, -0.033787, 0.0, 0.067574, 0.101361, 0.033787, 0.0, 0.0, 0.033787, 0.033787, 0.0, 0.0, -0.067574, 0.033787, -0.168934, 0.067574, 0.0, 0.0, 0.067574, 0.0, 0.0, 0.0, -0.033787, 0.0, 0.033787, 0.033787, 0.033787, 0.0, -0.033787, 0.067574, 0.0, 0.033787, 0.0, 0.0, 0.067574, 0.067574, -0.033787, 0.0, -0.033787, 0.0, 0.135147, 0.0, 0.067574, 0.033787, 0.033787, -0.067574, 0.033787, 0.0, -0.033787, 0.0, -0.067574, -0.033787, 0.033787, 0.0, -0.033787, 0.0, 0.033787, 0.0, 0.0, -0.033787, -0.033787, -0.101361, 0.067574, -0.101361, 0.0, -0.033787, 0.033787, 0.0, 0.067574, 0.067574, -0.033787, -0.033787, 0.0, 0.101361, -0.067574, -0.067574, 0.0, -0.067574, 0.0, -0.101361, 0.0, -0.067574, 0.0, 0.0, 0.0, 0.0, -0.033787, 0.067574, 0.033787, 0.0, -0.033787, -0.067574, -0.033787, 0.0, 0.0, 0.033787, 0.0, -0.033787, 0.033787, 0.0, 0.0, 0.0, 0.101361, -0.067574, 0.0, -0.033787, 0.033787, 0.067574, 0.067574, -0.033787, -0.067574, 0.0, -0.033787, -0.033787, 0.067574, 0.0, -0.033787, 0.0, 0.033787, 0.0, -0.033787, -0.067574, 0.0, -0.033787, 0.0, 0.135147, 0.033787, 0.033787, 0.033787, -0.067574, 0.0, 0.033787, 0.0, 0.0, -0.033787, 0.0, -0.033787, 0.0, 0.0, 0.0, 0.101361, 0.0, 0.067574, 0.0, 0.0, 0.0, 0.033787, 0.033787, 0.0, 0.0, 0.101361, 0.0, -0.101361, 0.033787, 0.0, 0.0, -0.067574, -0.033787, 0.0, 0.0, -0.033787, 0.0, -0.067574, 0.101361, -0.033787, 0.0, -0.067574, -0.101361, -0.033787, 0.0, 0.0, 0.033787, 0.0, 0.0, 0.067574, 0.067574, 0.0, 0.067574, 0.033787, 0.101361, 0.067574, -0.101361, 0.0, 0.067574, 0.135147, 0.033787, -0.067574, 0.033787, 0.067574, -0.033787, 0.033787, -0.033787, 0.0, 0.067574, -0.033787, 0.135147, 0.033787, 0.067574, 0.033787, -0.033787, 0.033787, -0.067574, -0.033787, 0.101361, 0.0, -0.033787, 0.0, 0.135147, 0.0, -0.101361, 0.067574, -0.067574, 0.067574, 0.0, 0.0, -0.067574, 0.101361, -0.101361, 0.0, 0.101361, -0.101361, 0.033787, -0.135147, 0.0, -0.033787, -0.033787, -0.033787, 0.0, -0.033787, 0.0, -0.033787, -0.101361, 0.0, 0.0, 0.0, 0.135147, 0.101361, 0.067574, 0.0, 0.033787, 0.033787, -0.067574, -0.033787, 0.033787, 0.101361, 0.067574, 0.0, -0.033787, -0.101361, -0.135147, -0.033787, -0.033787, -0.033787, -0.033787, 0.0, -0.067574, 0.0, 0.033787, 0.0, 0.0, 0.067574, 0.067574, -0.033787, -0.101361, 0.0, 0.033787, 0.0, 0.0, -0.067574, 0.0, -0.033787, 0.0, 0.0, 0.101361, 0.0, 0.033787, 0.0, 0.067574, 0.0, 0.0, 0.067574, 0.033787, 0.0, -0.033787, 0.033787, 0.0, 0.0, 0.0, -0.067574, -0.033787, 0.0, 0.033787, 0.033787, 0.0, 0.0, 0.067574, 0.0, 0.0, -0.067574, 0.033787, 0.0, 0.033787, -0.101361, -0.033787, -0.067574, -0.033787, 0.033787, 0.0, 0.067574, -0.033787, 0.0, -0.033787, 0.0, -0.033787, -0.067574, 0.033787, 0.033787, 0.0, -0.101361, 0.101361, 0.0, 0.033787, 0.0, 0.067574, 0.0, 0.0, -0.033787, -0.033787, 0.0, 0.0, -0.067574, 0.0, 0.033787, 0.0, -0.067574, 0.0, 0.0, 0.0, 0.033787, 0.067574, 0.0, 0.0, 0.0, 0.067574, 0.0, 0.033787, 0.0, -0.101361, 0.033787, 0.0, 0.0, 0.0, 0.033787, 0.0, 0.033787, -0.033787, 0.101361, 0.0, -0.033787, 0.0, -0.067574, -0.202721, 0.0, -0.067574, 0.067574, 0.0, -0.033787, 0.0, 0.033787, 0.0, -0.033787, 0.101361, 0.0, 0.0, -0.067574, -0.033787]",12,6,6,123,160,0.5443,0.5495,0.5375,0.4557,1.0,0.7391,0.0833,0.5013,2026-09-19T15:26:24
3c41c0c1-6496-4632-8f0b-72977420c5e3,P-2DB0DA1D0E,T8,high,medium,google/gemma-4-31b-it,1,Neutral Engagement Agent,You are considering a weekend getaway within Greece. What factors influence your destination choice?,"[0.046324, 0.046324, 0.0, -0.046324, 0.092648, -0.046324, 0.046324, -0.092648, 0.046324, 0.0, -0.092648, -0.046324, 0.046324, -0.046324, 0.0, -0.046324, 0.046324, 0.046324, 0.046324, 0.0, 0.046324, 0.046324, -0.046324, -0.046324, 0.0, 0.0, 0.0, -0.046324, 0.0, 0.046324, -0.092648, 0.0, 0.0, 0.046324, -0.046324, -0.092648, 0.0, -0.046324, 0.046324, 0.0, 0.0, 0.0, 0.0, 0.0, 0.046324, 0.0, 0.0, -0.046324, 0.0, 0.0, 0.046324, -0.138972, 0.0, 0.0, 0.0, 0.0, 0.0, -0.046324, 0.0, -0.092648, 0.0, 0.0, -0.046324, 0.0, 0.0, -0.046324, 0.0, -0.092648, 0.0, -0.092648, 0.046324, 0.0, -0.046324, 0.0, 0.0, 0.046324, 0.138972, 0.046324, 0.092648, 0.046324, -0.046324, 0.0, 0.046324, 0.0, 0.046324, -0.046324, 0.0, 0.0, 0.046324, 0.0, 0.046324, 0.0, -0.046324, 0.0, 0.046324, -0.092648, 0.046324, 0.0, 0.0, 0.092648, 0.0, 0.0, 0.0, -0.046324, 0.0, -0.046324, 0.0, 0.0, 0.0, 0.0, 0.0, -0.092648, 0.0, 0.0, -0.046324, 0.046324, -0.046324, -0.046324, -0.046324, -0.046324, 0.0, -0.046324, 0.0, 0.0, -0.092648, 0.092648, 0.0, 0.0, -0.046324, 0.0, -0.092648, -0.092648, -0.046324, 0.046324, 0.0, -0.092648, 0.046324, -0.046324, -0.092648, 0.0, 0.0, 0.046324, -0.092648, -0.046324, 0.0, -0.046324, 0.046324, 0.0, 0.0, -0.046324, 0.0, -0.092648, 0.046324, 0.0, 0.0, 0.046324, 0.046324, 0.0, 0.092648, 0.092648, -0.185296, 0.092648, 0.0, 0.0, 0.0, 0.0, 0.0, 0.0, 0.046324, -0.046324, -0.046324, -0.046324, 0.0, 0.046324, -0.046324, 0.0, -0.046324, -0.046324, -0.092648, 0.046324, 0.0, 0.0, 0.138972, -0.046324, 0.046324, 0.0, 0.0, 0.138972, 0.046324, -0.046324, -0.046324, 0.046324, 0.046324, 0.0, -0.092648, 0.0, 0.0, 0.0, 0.0, 0.046324, 0.046324, 0.046324, 0.0, -0.046324, 0.0, -0.092648, 0.0, 0.046324, 0.0, -0.138972, 0.0, 0.046324, 0.0, 0.0, 0.0, 0.0, 0.046324, 0.046324, 0.0, 0.092648, 0.0, 0.0, 0.0, -0.092648, -0.046324, 0.0, -0.046324, 0.092648, -0.092648, 0.0, 0.0, 0.0, 0.0, -0.092648, -0.046324, 0.0, 0.0, 0.0, -0.046324, -0.046324, -0.092648, -0.046324, -0.046324, 0.092648, 0.0, 0.092648, -0.046324, 0.0, -0.092648, -0.046324, 0.0, -0.092648, 0.0, -0.046324, -0.092648, 0.046324, -0.185296, -0.092648, 0.092648, 0.0, 0.0, -0.046324, -0.046324, -0.092648, -0.046324, 0.046324, -0.138972, 0.046324, 0.0, 0.138972, -0.092648, 0.046324, -0.046324, -0.046324, 0.0, 0.046324, -0.046324, 0.0, 0.046324, 0.0, 0.0, 0.0, 0.0, 0.0, -0.092648, -0.046324, 0.0, 0.0, 0.0, 0.0, 0.0, -0.092648, 0.0, 0.0, 0.0, -0.046324, -0.046324, 0.046324, 0.046324, 0.0, 0.0, 0.0, 0.046324, 0.092648, -0.046324, -0.092648, 0.0, 0.046324, 0.0, -0.046324, 0.0, -0.046324, -0.092648, 0.0, 0.046324, -0.046324, -0.046324, 0.0, -0.046324, 0.0, 0.0, -0.046324, 0.046324, 0.046324, -0.046324, 0.046324, 0.0, 0.046324, 0.0, -0.046324, -0.092648, 0.0, 0.0, 0.092648, -0.092648, -0.092648, -0.046324, 0.046324, 0.092648, 0.0, 0.046324, 0.0, 0.092648, -0.046324, -0.046324, 0.0, 0.046324, 0.0, 0.0, 0.0, 0.0, -0.046324, 0.0, 0.0, -0.046324, 0.0, 0.0, -0.046324, 0.0, 0.046324, 0.046324, 0.046324, 0.0, 0.0, -0.046324, 0.092648, 0.0, 0.046324, -0.046324, -0.092648, 0.0, -0.046324, 0.046324, 0.0, 0.0, 0.0, -0.046324, -0.046324, -0.046324, -0.046324, 0.0, 0.0, -0.046324, 0.046324]",12,6,6,105,136,0.5414,0.5883,0.5061,0.4586,1.0,0.4167,0.0,0.4807,2026-09-19T15:26:24
453656a0-4345-4206-b043-5a87f4d03478,P-2DB0DA1D0E,T8,high,medium,google/gemma-4-31b-it,0,Neutral Engagement Agent,"You are considering a short trip to another region of Greece. What kind of experience are you looking for, and how do you decide?","[0.121716, -0.030429, 0.0, -0.030429, 0.030429, 0.030429, 0.0, -0.060858, 0.0, 0.0, 0.030429, 0.030429, 0.060858, 0.030429, 0.0, -0.030429, 0.0, 0.030429, -0.091287, -0.030429, 0.030429, -0.060858, -0.121716, -0.091287, -0.030429, 0.060858, 0.0, -0.030429, 0.030429, 0.030429, 0.030429, -0.030429, 0.060858, 0.091287, 0.091287, 0.0, 0.0, 0.030429, 0.030429, -0.030429, -0.091287, 0.0, 0.030429, -0.060858, 0.0, -0.030429, 0.0, -0.030429, -0.030429, 0.0, 0.0, 0.091287, -0.030429, 0.0, 0.030429, -0.030429, 0.0, 0.0, 0.060858, -0.060858, 0.030429, -0.060858, -0.030429, 0.0, 0.0, -0.030429, 0.0, -0.060858, 0.030429, 0.0, 0.060858, -0.060858, -0.060858, 0.030429, 0.0, 0.0, 0.091287, -0.030429, 0.0, 0.0, 0.0, 0.060858, 0.030429, 0.0, 0.060858, -0.060858, 0.0, -0.121716, 0.091287, -0.060858, 0.030429, 0.060858, 0.030429, -0.091287, 0.0, -0.030429, 0.030429, 0.0, -0.060858, -0.060858, -0.060858, 0.0, -0.030429, -0.030429, 0.0, -0.030429, -0.060858, 0.0, 0.030429, 0.0, 0.060858, -0.030429, 0.0, 0.0, -0.060858, 0.060858, -0.091287, -0.030429, -0.030429, -0.030429, 0.030429, 0.0, 0.0, 0.030429, 0.030429, -0.030429, -0.060858, 0.0, 0.0, 0.060858, -0.030429, -0.030429, -0.060858, 0.152145, -0.091287, -0.060858, 0.030429, -0.060858, -0.060858, 0.0, 0.0, -0.030429, 0.0, -0.030429, 0.0, -0.060858, 0.0, 0.0, 0.030429, 0.0, -0.030429, -0.060858, 0.030429, -0.060858, 0.030429, 0.060858, 0.0, 0.060858, 0.121716, 0.0, -0.030429, -0.060858, 0.0, 0.060858, -0.091287, 0.0, -0.030429, 0.030429, 0.060858, -0.030429, -0.060858, 0.030429, -0.091287, 0.091287, -0.060858, 0.0, -0.091287, 0.0, -0.030429, 0.091287, -0.060858, -0.030429, 0.091287, -0.030429, 0.030429, -0.030429, 0.030429, 0.091287, 0.060858, 0.030429, -0.030429, 0.060858, 0.060858, 0.0, -0.060858, 0.060858, 0.030429, 0.030429, 0.0, 0.121716, -0.030429, 0.030429, -0.060858, 0.060858, -0.060858, 0.0, 0.030429, -0.030429, 0.0, -0.152145, -0.060858, 0.0, 0.0, -0.030429, 0.0, 0.030429, -0.121716, 0.030429, 0.0, 0.060858, -0.030429, 0.0, 0.0, -0.030429, 0.060858, -0.121716, -0.060858, 0.182574, -0.121716, 0.0, 0.030429, 0.0, -0.060858, -0.152145, -0.091287, -0.030429, 0.0, 0.030429, -0.030429, 0.0, -0.030429, 0.0, 0.0, 0.091287, 0.060858, 0.0, -0.030429, 0.030429, 0.0, 0.0, 0.030429, -0.030429, 0.030429, -0.030429, -0.030429, 0.030429, -0.060858, -0.060858, 0.030429, 0.060858, 0.0, 0.0, -0.030429, 0.0, 0.060858, -0.060858, 0.030429, 0.0, -0.030429, 0.091287, -0.091287, 0.030429, -0.030429, -0.091287, 0.030429, -0.091287, 0.0, -0.030429, 0.0, 0.0, 0.0, 0.030429, -0.030429, 0.0, 0.091287, 0.091287, -0.030429, 0.0, 0.060858, 0.0, 0.0, -0.030429, -0.030429, 0.060858, -0.030429, -0.091287, 0.0, 0.030429, 0.0, -0.091287, 0.030429, -0.030429, 0.0, 0.030429, 0.060858, 0.0, 0.0, 0.060858, 0.060858, -0.060858, 0.0, 0.060858, -0.091287, -0.030429, -0.091287, -0.030429, 0.0, -0.030429, 0.030429, 0.030429, 0.0, -0.030429, -0.060858, 0.091287, -0.091287, 0.091287, -0.030429, 0.060858, 0.0, 0.0, -0.060858, 0.152145, -0.030429, 0.060858, 0.060858, -0.060858, 0.0, 0.030429, 0.030429, 0.030429, 0.030429, 0.0, 0.060858, 0.0, -0.060858, 0.0, 0.030429, 0.0, 0.0, -0.060858, 0.0, 0.0, 0.030429, -0.060858, -0.030429, -0.030429, 0.0, 0.0, 0.0, 0.0, 0.091287, 0.0, 0.030429, 0.0, 0.030429, 0.0, 0.0, -0.030429, 0.0, -0.213003, 0.030429, -0.030429, 0.030429, -0.060858, 0.030429, 0.030429, -0.060858, 0.0, -0.030429, 0.0, 0.0, 0.0, -0.030429, -0.030429]",12,6,6,146,190,0.5735,0.5863,0.5784,0.4265,1.0,0.7117,0.0833,0.5144,2026-09-19T15:26:24
4d91ad16-3cd5-4163-b23f-ff1efc58cb32,P-2DB0DA1D0E,T2,low,small,google/gemma-3-4b-it,1,Neutral Engagement Agent,"A friend suggests ordering Chinese food, but you are not familiar with the cuisine. How do you respond during the conversation?","[0.033558, -0.033558, -0.033558, -0.033558, -0.033558, -0.033558, 0.0, -0.100673, 0.0, -0.033558, 0.0, 0.033558, 0.100673, 0.033558, 0.0, 0.0, 0.033558, 0.033558, 0.0, 0.0, 0.0, 0.033558, -0.167789, 0.067116, 0.0, 0.0, 0.033558, 0.0, 0.0, 0.0, -0.033558, 0.0, 0.067116, 0.033558, 0.033558, 0.033558, -0.033558, 0.067116, 0.0, 0.033558, 0.0, 0.0, 0.067116, 0.100673, 0.0, 0.0, -0.033558, 0.0, 0.134231, 0.0, 0.033558, 0.033558, 0.033558, -0.067116, 0.033558, 0.0, 0.0, 0.0, -0.067116, -0.033558, 0.033558, 0.0, -0.033558, 0.0, 0.033558, 0.0, 0.0, -0.033558, -0.033558, -0.100673, 0.033558, -0.100673, 0.0, -0.033558, -0.033558, 0.0, 0.067116, 0.067116, -0.033558, -0.033558, 0.0, 0.100673, -0.067116, -0.067116, 0.0, -0.067116, 0.0, -0.100673, 0.0, -0.067116, 0.0, 0.0, 0.0, 0.0, -0.033558, 0.067116, 0.033558, 0.0, -0.033558, -0.067116, -0.033558, 0.0, 0.0, 0.033558, 0.0, -0.033558, 0.033558, 0.0, 0.0, 0.0, 0.100673, -0.067116, 0.0, -0.033558, 0.067116, 0.067116, 0.067116, 0.0, -0.100673, 0.0, -0.033558, -0.033558, 0.100673, 0.0, -0.033558, 0.0, 0.033558, 0.0, -0.033558, -0.067116, 0.0, -0.033558, 0.0, 0.134231, 0.033558, 0.033558, 0.033558, -0.067116, 0.0, 0.033558, 0.033558, 0.0, -0.033558, -0.033558, -0.067116, 0.0, 0.0, 0.0, 0.100673, 0.0, 0.067116, 0.033558, -0.033558, 0.0, 0.033558, 0.033558, 0.0, 0.0, 0.100673, 0.0, -0.100673, 0.033558, 0.0, 0.0, -0.067116, -0.067116, 0.0, -0.033558, -0.033558, 0.0, -0.067116, 0.100673, -0.033558, 0.0, -0.067116, -0.100673, -0.033558, 0.0, 0.0, 0.033558, 0.0, 0.0, 0.067116, 0.067116, 0.0, 0.067116, 0.067116, 0.100673, 0.067116, -0.033558, 0.0, 0.067116, 0.134231, 0.033558, -0.067116, 0.033558, 0.067116, -0.033558, 0.033558, -0.033558, -0.033558, 0.033558, 0.0, 0.100673, 0.033558, 0.067116, 0.033558, -0.033558, 0.033558, -0.067116, -0.033558, 0.100673, 0.0, -0.033558, 0.0, 0.134231, 0.0, -0.067116, 0.067116, -0.067116, 0.067116, 0.0, -0.067116, -0.067116, 0.100673, -0.100673, -0.033558, 0.067116, -0.100673, 0.033558, -0.134231, 0.0, -0.033558, -0.033558, -0.067116, 0.0, -0.033558, 0.0, -0.033558, -0.100673, 0.0, -0.033558, 0.0, 0.134231, 0.100673, 0.100673, 0.0, 0.033558, 0.033558, -0.067116, -0.033558, 0.033558, 0.100673, 0.033558, 0.0, -0.033558, -0.100673, -0.134231, -0.033558, -0.033558, -0.033558, -0.067116, 0.0, -0.067116, 0.033558, 0.033558, 0.0, 0.0, 0.067116, 0.033558, -0.033558, -0.100673, 0.0, 0.033558, 0.0, 0.033558, -0.067116, 0.0, -0.033558, 0.0, 0.0, 0.100673, 0.0, 0.033558, 0.0, 0.067116, 0.0, 0.0, 0.033558, 0.033558, 0.0, -0.100673, 0.033558, 0.0, 0.0, 0.0, -0.067116, -0.033558, 0.0, 0.033558, 0.033558, 0.0, 0.0, 0.067116, 0.0, 0.0, -0.067116, 0.033558, 0.0, 0.067116, -0.100673, 0.0, -0.067116, -0.033558, 0.033558, 0.0, 0.067116, -0.033558, 0.0, -0.033558, 0.0, -0.033558, -0.067116, 0.033558, 0.033558, 0.033558, -0.100673, 0.067116, 0.0, 0.033558, 0.0, 0.033558, -0.033558, 0.0, -0.033558, -0.033558, 0.0, 0.0, -0.067116, 0.0, 0.033558, 0.0, -0.067116, 0.0, 0.0, 0.0, 0.033558, 0.067116, 0.0, 0.0, 0.0, 0.067116, 0.0, 0.033558, 0.0, -0.100673, 0.033558, 0.0, 0.0, 0.0, 0.033558, 0.0, 0.033558, -0.033558, 0.134231, 0.0, -0.033558, 0.0, -0.067116, -0.201347, 0.0, -0.067116, 0.067116, 0.0, -0.033558, 0.033558, 0.033558, -0.033558, -0.033558, 0.100673, 0.0, 0.0, -0.067116, -0.033558]",12,6,6,111,145,0.5513,0.567,0.5704,0.4487,1.0,0.9595,0.1667,0.5227,2026-09-19T15:26:24
51589d92-8ff0-4b60-95fc-6cf67adce36e,P-2DB0DA1D0E,T2,low,small,google/gemma-3-4b-it,0,Neutral Engagement Agent,"A friend suggests ordering Chinese food, but you are not familiar with the cuisine. How do you respond during the conversation?","[0.033558, -0.033558, -0.033558, -0.033558, -0.033558, -0.033558, 0.0, -0.100673, 0.0, -0.033558, 0.0, 0.033558, 0.100673, 0.033558, 0.0, 0.0, 0.033558, 0.033558, 0.0, 0.0, 0.0, 0.033558, -0.167789, 0.067116, 0.0, 0.0, 0.033558, 0.0, 0.0, 0.0, -0.033558, 0.0, 0.067116, 0.033558, 0.033558, 0.033558, -0.033558, 0.067116, 0.0, 0.033558, 0.0, 0.0, 0.067116, 0.100673, 0.0, 0.0, -0.033558, 0.0, 0.134231, 0.0, 0.033558, 0.033558, 0.033558, -0.067116, 0.033558, 0.0, 0.0, 0.0, -0.067116, -0.033558, 0.033558, 0.0, -0.033558, 0.0, 0.033558, 0.0, 0.0, -0.033558, -0.033558, -0.100673, 0.033558, -0.100673, 0.0, -0.033558, -0.033558, 0.0, 0.067116, 0.067116, -0.033558, -0.033558, 0.0, 0.100673, -0.067116, -0.067116, 0.0, -0.067116, 0.0, -0.100673, 0.0, -0.067116, 0.0, 0.0, 0.0, 0.0, -0.033558, 0.067116, 0.033558, 0.0, -0.033558, -0.067116, -0.033558, 0.0, 0.0, 0.033558, 0.0, -0.033558, 0.033558, 0.0, 0.0, 0.0, 0.100673, -0.067116, 0.0, -0.033558, 0.067116, 0.067116, 0.067116, 0.0, -0.100673, 0.0, -0.033558, -0.033558, 0.100673, 0.0, -0.033558, 0.0, 0.033558, 0.0, -0.033558, -0.067116, 0.0, -0.033558, 0.0, 0.134231, 0.033558, 0.033558, 0.033558, -0.067116, 0.0, 0.033558, 0.033558, 0.0, -0.033558, -0.033558, -0.067116, 0.0, 0.0, 0.0, 0.100673, 0.0, 0.067116, 0.033558, -0.033558, 0.0, 0.033558, 0.033558, 0.0, 0.0, 0.100673, 0.0, -0.100673, 0.033558, 0.0, 0.0, -0.067116, -0.067116, 0.0, -0.033558, -0.033558, 0.0, -0.067116, 0.100673, -0.033558, 0.0, -0.067116, -0.100673, -0.033558, 0.0, 0.0, 0.033558, 0.0, 0.0, 0.067116, 0.067116, 0.0, 0.067116, 0.067116, 0.100673, 0.067116, -0.033558, 0.0, 0.067116, 0.134231, 0.033558, -0.067116, 0.033558, 0.067116, -0.033558, 0.033558, -0.033558, -0.033558, 0.033558, 0.0, 0.100673, 0.033558, 0.067116, 0.033558, -0.033558, 0.033558, -0.067116, -0.033558, 0.100673, 0.0, -0.033558, 0.0, 0.134231, 0.0, -0.067116, 0.067116, -0.067116, 0.067116, 0.0, -0.067116, -0.067116, 0.100673, -0.100673, -0.033558, 0.067116, -0.100673, 0.033558, -0.134231, 0.0, -0.033558, -0.033558, -0.067116, 0.0, -0.033558, 0.0, -0.033558, -0.100673, 0.0, -0.033558, 0.0, 0.134231, 0.100673, 0.100673, 0.0, 0.033558, 0.033558, -0.067116, -0.033558, 0.033558, 0.100673, 0.033558, 0.0, -0.033558, -0.100673, -0.134231, -0.033558, -0.033558, -0.033558, -0.067116, 0.0, -0.067116, 0.033558, 0.033558, 0.0, 0.0, 0.067116, 0.033558, -0.033558, -0.100673, 0.0, 0.033558, 0.0, 0.033558, -0.067116, 0.0, -0.033558, 0.0, 0.0, 0.100673, 0.0, 0.033558, 0.0, 0.067116, 0.0, 0.0, 0.033558, 0.033558, 0.0, -0.100673, 0.033558, 0.0, 0.0, 0.0, -0.067116, -0.033558, 0.0, 0.033558, 0.033558, 0.0, 0.0, 0.067116, 0.0, 0.0, -0.067116, 0.033558, 0.0, 0.067116, -0.100673, 0.0, -0.067116, -0.033558, 0.033558, 0.0, 0.067116, -0.033558, 0.0, -0.033558, 0.0, -0.033558, -0.067116, 0.033558, 0.033558, 0.033558, -0.100673, 0.067116, 0.0, 0.033558, 0.0, 0.033558, -0.033558, 0.0, -0.033558, -0.033558, 0.0, 0.0, -0.067116, 0.0, 0.033558, 0.0, -0.067116, 0.0, 0.0, 0.0, 0.033558, 0.067116, 0.0, 0.0, 0.0, 0.067116, 0.0, 0.033558, 0.0, -0.100673, 0.033558, 0.0, 0.0, 0.0, 0.033558, 0.0, 0.033558, -0.033558, 0.134231, 0.0, -0.033558, 0.0, -0.067116, -0.201347, 0.0, -0.067116, 0.067116, 0.0, -0.033558, 0.033558, 0.033558, -0.033558, -0.033558, 0.100673, 0.0, 0.0, -0.067116, -0.033558]",12,6,6,133,173,0.5649,0.6089,0.5045,0.4351,1.0,0.73,0.0833,0.4951,2026-09-19T15:26:24
6f86173f-4d08-4ef2-a7f7-61ac0a2372d3,P-2DB0DA1D0E,T8,high,medium,google/gemma-4-31b-it,1,Neutral Engagement Agent,"You are considering a short trip to another region of Greece. What kind of experience are you looking for, and how do you decide?","[0.121716, -0.030429, 0.0, -0.030429, 0.030429, 0.030429, 0.0, -0.060858, 0.0, 0.0, 0.030429, 0.030429, 0.060858, 0.030429, 0.0, -0.030429, 0.0, 0.030429, -0.091287, -0.030429, 0.030429, -0.060858, -0.121716, -0.091287, -0.030429, 0.060858, 0.0, -0.030429, 0.030429, 0.030429, 0.030429, -0.030429, 0.060858, 0.091287, 0.091287, 0.0, 0.0, 0.030429, 0.030429, -0.030429, -0.091287, 0.0, 0.030429, -0.060858, 0.0, -0.030429, 0.0, -0.030429, -0.030429, 0.0, 0.0, 0.091287, -0.030429, 0.0, 0.030429, -0.030429, 0.0, 0.0, 0.060858, -0.060858, 0.030429, -0.060858, -0.030429, 0.0, 0.0, -0.030429, 0.0, -0.060858, 0.030429, 0.0, 0.060858, -0.060858, -0.060858, 0.030429, 0.0, 0.0, 0.091287, -0.030429, 0.0, 0.0, 0.0, 0.060858, 0.030429, 0.0, 0.060858, -0.060858, 0.0, -0.121716, 0.091287, -0.060858, 0.030429, 0.060858, 0.030429, -0.091287, 0.0, -0.030429, 0.030429, 0.0, -0.060858, -0.060858, -0.060858, 0.0, -0.030429, -0.030429, 0.0, -0.030429, -0.060858, 0.0, 0.030429, 0.0, 0.060858, -0.030429, 0.0, 0.0, -0.060858, 0.060858, -0.091287, -0.030429, -0.030429, -0.030429, 0.030429, 0.0, 0.0, 0.030429, 0.030429, -0.030429, -0.060858, 0.0, 0.0, 0.060858, -0.030429, -0.030429, -0.060858, 0.152145, -0.091287, -0.060858, 0.030429, -0.060858, -0.060858, 0.0, 0.0, -0.030429, 0.0, -0.030429, 0.0, -0.060858, 0.0, 0.0, 0.030429, 0.0, -0.030429, -0.060858, 0.030429, -0.060858, 0.030429, 0.060858, 0.0, 0.060858, 0.121716, 0.0, -0.030429, -0.060858, 0.0, 0.060858, -0.091287, 0.0, -0.030429, 0.030429, 0.060858, -0.030429, -0.060858, 0.030429, -0.091287, 0.091287, -0.060858, 0.0, -0.091287, 0.0, -0.030429, 0.091287, -0.060858, -0.030429, 0.091287, -0.030429, 0.030429, -0.030429, 0.030429, 0.091287, 0.060858, 0.030429, -0.030429, 0.060858, 0.060858, 0.0, -0.060858, 0.060858, 0.030429, 0.030429, 0.0, 0.121716, -0.030429, 0.030429, -0.060858, 0.060858, -0.060858, 0.0, 0.030429, -0.030429, 0.0, -0.152145, -0.060858, 0.0, 0.0, -0.030429, 0.0, 0.030429, -0.121716, 0.030429, 0.0, 0.060858, -0.030429, 0.0, 0.0, -0.030429, 0.060858, -0.121716, -0.060858, 0.182574, -0.121716, 0.0, 0.030429, 0.0, -0.060858, -0.152145, -0.091287, -0.030429, 0.0, 0.030429, -0.030429, 0.0, -0.030429, 0.0, 0.0, 0.091287, 0.060858, 0.0, -0.030429, 0.030429, 0.0, 0.0, 0.030429, -0.030429, 0.030429, -0.030429, -0.030429, 0.030429, -0.060858, -0.060858, 0.030429, 0.060858, 0.0, 0.0, -0.030429, 0.0, 0.060858, -0.060858, 0.030429, 0.0, -0.030429, 0.091287, -0.091287, 0.030429, -0.030429, -0.091287, 0.030429, -0.091287, 0.0, -0.030429, 0.0, 0.0, 0.0, 0.030429, -0.030429, 0.0, 0.091287, 0.091287, -0.030429, 0.0, 0.060858, 0.0, 0.0, -0.030429, -0.030429, 0.060858, -0.030429, -0.091287, 0.0, 0.030429, 0.0, -0.091287, 0.030429, -0.030429, 0.0, 0.030429, 0.060858, 0.0, 0.0, 0.060858, 0.060858, -0.060858, 0.0, 0.060858, -0.091287, -0.030429, -0.091287, -0.030429, 0.0, -0.030429, 0.030429, 0.030429, 0.0, -0.030429, -0.060858, 0.091287, -0.091287, 0.091287, -0.030429, 0.060858, 0.0, 0.0, -0.060858, 0.152145, -0.030429, 0.060858, 0.060858, -0.060858, 0.0, 0.030429, 0.030429, 0.030429, 0.030429, 0.0, 0.060858, 0.0, -0.060858, 0.0, 0.030429, 0.0, 0.0, -0.060858, 0.0, 0.0, 0.030429, -0.060858, -0.030429, -0.030429, 0.0, 0.0, 0.0, 0.0, 0.091287, 0.0, 0.030429, 0.0, 0.030429, 0.0, 0.0, -0.030429, 0.0, -0.213003, 0.030429, -0.030429, 0.030429, -0.060858, 0.030429, 0.030429, -0.060858, 0.0, -0.030429, 0.0, 0.0, 0.0, -0.030429, -0.030429]",12,6,6,168,219,0.5605,0.5703,0.5616,0.4395,1.0,0.8718,0.1667,0.5215,2026-09-19T15:26:24
8093a953-2df9-4065-b695-8e9f6ca973e3,P-2DB0DA1D0E,T2,low,small,google/gemma-3-4b-it,1,Neutral Engagement Agent,"A friend suggests ordering Indian food, but you are not familiar with the cuisine. How do you respond during the conversation?","[0.033787, -0.033787, -0.033787, -0.033787, -0.033787, -0.033787, 0.0, -0.101361, 0.0, -0.033787, 0.0, 0.067574, 0.101361, 0.033787, 0.0, 0.0, 0.033787, 0.033787, 0.0, 0.0, -0.067574, 0.033787, -0.168934, 0.067574, 0.0, 0.0, 0.067574, 0.0, 0.0, 0.0, -0.033787, 0.0, 0.033787, 0.033787, 0.033787, 0.0, -0.033787, 0.067574, 0.0, 0.033787, 0.0, 0.0, 0.067574, 0.067574, -0.033787, 0.0, -0.033787, 0.0, 0.135147, 0.0, 0.067574, 0.033787, 0.033787, -0.067574, 0.033787, 0.0, -0.033787, 0.0, -0.067574, -0.033787, 0.033787, 0.0, -0.033787, 0.0, 0.033787, 0.0, 0.0, -0.033787, -0.033787, -0.101361, 0.067574, -0.101361, 0.0, -0.033787, 0.033787, 0.0, 0.067574, 0.067574, -0.033787, -0.033787, 0.0, 0.101361, -0.067574, -0.067574, 0.0, -0.067574, 0.0, -0.101361, 0.0, -0.067574, 0.0, 0.0, 0.0, 0.0, -0.033787, 0.067574, 0.033787, 0.0, -0.033787, -0.067574, -0.033787, 0.0, 0.0, 0.033787, 0.0, -0.033787, 0.033787, 0.0, 0.0, 0.0, 0.101361, -0.067574, 0.0, -0.033787, 0.033787, 0.067574, 0.067574, -0.033787, -0.067574, 0.0, -0.033787, -0.033787, 0.067574, 0.0, -0.033787, 0.0, 0.033787, 0.0, -0.033787, -0.067574, 0.0, -0.033787, 0.0, 0.135147, 0.033787, 0.033787, 0.033787, -0.067574, 0.0, 0.033787, 0.0, 0.0, -0.033787, 0.0, -0.033787, 0.0, 0.0, 0.0, 0.101361, 0.0, 0.067574, 0.0, 0.0, 0.0, 0.033787, 0.033787, 0.0, 0.0, 0.101361, 0.0, -0.101361, 0.033787, 0.0, 0.0, -0.067574, -0.033787, 0.0, 0.0, -0.033787, 0.0, -0.067574, 0.101361, -0.033787, 0.0, -0.067574, -0.101361, -0.033787, 0.0, 0.0, 0.033787, 0.0, 0.0, 0.067574, 0.067574, 0.0, 0.067574, 0.033787, 0.101361, 0.067574, -0.101361, 0.0, 0.067574, 0.135147, 0.033787, -0.067574, 0.033787, 0.067574, -0.033787, 0.033787, -0.033787, 0.0, 0.067574, -0.033787, 0.135147, 0.033787, 0.067574, 0.033787, -0.033787, 0.033787, -0.067574, -0.033787, 0.101361, 0.0, -0.033787, 0.0, 0.135147, 0.0, -0.101361, 0.067574, -0.067574, 0.067574, 0.0, 0.0, -0.067574, 0.101361, -0.101361, 0.0, 0.101361, -0.101361, 0.033787, -0.135147, 0.0, -0.033787, -0.033787, -0.033787, 0.0, -0.033787, 0.0, -0.033787, -0.101361, 0.0, 0.0, 0.0, 0.135147, 0.101361, 0.067574, 0.0, 0.033787, 0.033787, -0.067574, -0.033787, 0.033787, 0.101361, 0.067574, 0.0, -0.033787, -0.101361, -0.135147, -0.033787, -0.033787, -0.033787, -0.033787, 0.0, -0.067574, 0.0, 0.033787, 0.0, 0.0, 0.067574, 0.067574, -0.033787, -0.101361, 0.0, 0.033787, 0.0, 0.0, -0.067574, 0.0, -0.033787, 0.0, 0.0, 0.101361, 0.0, 0.033787, 0.0, 0.067574, 0.0, 0.0, 0.067574, 0.033787, 0.0, -0.033787, 0.033787, 0.0, 0.0, 0.0, -0.067574, -0.033787, 0.0, 0.033787, 0.033787, 0.0, 0.0, 0.067574, 0.0, 0.0, -0.067574, 0.033787, 0.0, 0.033787, -0.101361, -0.033787, -0.067574, -0.033787, 0.033787, 0.0, 0.067574, -0.033787, 0.0, -0.033787, 0.0, -0.033787, -0.067574, 0.033787, 0.033787, 0.0, -0.101361, 0.101361, 0.0, 0.033787, 0.0, 0.067574, 0.0, 0.0, -0.033787, -0.033787, 0.0, 0.0, -0.067574, 0.0, 0.033787, 0.0, -0.067574, 0.0, 0.0, 0.0, 0.033787, 0.067574, 0.0, 0.0, 0.0, 0.067574, 0.0, 0.033787, 0.0, -0.101361, 0.033787, 0.0, 0.0, 0.0, 0.033787, 0.0, 0.033787, -0.033787, 0.101361, 0.0, -0.033787, 0.0, -0.067574, -0.202721, 0.0, -0.067574, 0.067574, 0.0, -0.033787, 0.0, 0.033787, 0.0, -0.033787, 0.101361, 0.0, 0.0, -0.067574, -0.033787]",12,6,6,121,157,0.5449,0.5847,0.5274,0.4551,1.0,0.6354,0.25,0.5238,2026-09-19T15:26:24
95e90874-ddff-4b39-91a7-60e433098574,P-2DB0DA1D0E,T8,high,small,google/gemma-3-4b-it,1,Neutral Engagement Agent,"You are considering a short trip to another region of Greece. What kind of experience are you looking for, and how do you decide?","[0.121716, -0.030429, 0.0, -0.030429, 0.030429, 0.030429, 0.0, -0.060858, 0.0, 0.0, 0.030429, 0.030429, 0.060858, 0.030429, 0.0, -0.030429, 0.0, 0.030429, -0.091287, -0.030429, 0.030429, -0.060858, -0.121716, -0.091287, -0.030429, 0.060858, 0.0, -0.030429, 0.030429, 0.030429, 0.030429, -0.030429, 0.060858, 0.091287, 0.091287, 0.0, 0.0, 0.030429, 0.030429, -0.030429, -0.091287, 0.0, 0.030429, -0.060858, 0.0, -0.030429, 0.0, -0.030429, -0.030429, 0.0, 0.0, 0.091287, -0.030429, 0.0, 0.030429, -0.030429, 0.0, 0.0, 0.060858, -0.060858, 0.030429, -0.060858, -0.030429, 0.0, 0.0, -0.030429, 0.0, -0.060858, 0.030429, 0.0, 0.060858, -0.060858, -0.060858, 0.030429, 0.0, 0.0, 0.091287, -0.030429, 0.0, 0.0, 0.0, 0.060858, 0.030429, 0.0, 0.060858, -0.060858, 0.0, -0.121716, 0.091287, -0.060858, 0.030429, 0.060858, 0.030429, -0.091287, 0.0, -0.030429, 0.030429, 0.0, -0.060858, -0.060858, -0.060858, 0.0, -0.030429, -0.030429, 0.0, -0.030429, -0.060858, 0.0, 0.030429, 0.0, 0.060858, -0.030429, 0.0, 0.0, -0.060858, 0.060858, -0.091287, -0.030429, -0.030429, -0.030429, 0.030429, 0.0, 0.0, 0.030429, 0.030429, -0.030429, -0.060858, 0.0, 0.0, 0.060858, -0.030429, -0.030429, -0.060858, 0.152145, -0.091287, -0.060858, 0.030429, -0.060858, -0.060858, 0.0, 0.0, -0.030429, 0.0, -0.030429, 0.0, -0.060858, 0.0, 0.0, 0.030429, 0.0, -0.030429, -0.060858, 0.030429, -0.060858, 0.030429, 0.060858, 0.0, 0.060858, 0.121716, 0.0, -0.030429, -0.060858, 0.0, 0.060858, -0.091287, 0.0, -0.030429, 0.030429, 0.060858, -0.030429, -0.060858, 0.030429, -0.091287, 0.091287, -0.060858, 0.0, -0.091287, 0.0, -0.030429, 0.091287, -0.060858, -0.030429, 0.091287, -0.030429, 0.030429, -0.030429, 0.030429, 0.091287, 0.060858, 0.030429, -0.030429, 0.060858, 0.060858, 0.0, -0.060858, 0.060858, 0.030429, 0.030429, 0.0, 0.121716, -0.030429, 0.030429, -0.060858, 0.060858, -0.060858, 0.0, 0.030429, -0.030429, 0.0, -0.152145, -0.060858, 0.0, 0.0, -0.030429, 0.0, 0.030429, -0.121716, 0.030429, 0.0, 0.060858, -0.030429, 0.0, 0.0, -0.030429, 0.060858, -0.121716, -0.060858, 0.182574, -0.121716, 0.0, 0.030429, 0.0, -0.060858, -0.152145, -0.091287, -0.030429, 0.0, 0.030429, -0.030429, 0.0, -0.030429, 0.0, 0.0, 0.091287, 0.060858, 0.0, -0.030429, 0.030429, 0.0, 0.0, 0.030429, -0.030429, 0.030429, -0.030429, -0.030429, 0.030429, -0.060858, -0.060858, 0.030429, 0.060858, 0.0, 0.0, -0.030429, 0.0, 0.060858, -0.060858, 0.030429, 0.0, -0.030429, 0.091287, -0.091287, 0.030429, -0.030429, -0.091287, 0.030429, -0.091287, 0.0, -0.030429, 0.0, 0.0, 0.0, 0.030429, -0.030429, 0.0, 0.091287, 0.091287, -0.030429, 0.0, 0.060858, 0.0, 0.0, -0.030429, -0.030429, 0.060858, -0.030429, -0.091287, 0.0, 0.030429, 0.0, -0.091287, 0.030429, -0.030429, 0.0, 0.030429, 0.060858, 0.0, 0.0, 0.060858, 0.060858, -0.060858, 0.0, 0.060858, -0.091287, -0.030429, -0.091287, -0.030429, 0.0, -0.030429, 0.030429, 0.030429, 0.0, -0.030429, -0.060858, 0.091287, -0.091287, 0.091287, -0.030429, 0.060858, 0.0, 0.0, -0.060858, 0.152145, -0.030429, 0.060858, 0.060858, -0.060858, 0.0, 0.030429, 0.030429, 0.030429, 0.030429, 0.0, 0.060858, 0.0, -0.060858, 0.0, 0.030429, 0.0, 0.0, -0.060858, 0.0, 0.0, 0.030429, -0.060858, -0.030429, -0.030429, 0.0, 0.0, 0.0, 0.0, 0.091287, 0.0, 0.030429, 0.0, 0.030429, 0.0, 0.0, -0.030429, 0.0, -0.213003, 0.030429, -0.030429, 0.030429, -0.060858, 0.030429, 0.030429, -0.060858, 0.0, -0.030429, 0.0, 0.0, 0.0, -0.030429, -0.030429]",12,6,6,92,118,0.5386,0.5459,0.5402,0.4614,1.0,0.5325,0.1667,0.5139,2026-09-19T15:26:24
a0d7a6e4-7939-4870-a878-c3b6a334ef02,P-2DB0DA1D0E,T8,high,medium,google/gemma-4-31b-it,0,Neutral Engagement Agent,You are considering a weekend getaway within Greece. What factors influence your destination choice?,"[0.046324, 0.046324, 0.0, -0.046324, 0.092648, -0.046324, 0.046324, -0.092648, 0.046324, 0.0, -0.092648, -0.046324, 0.046324, -0.046324, 0.0, -0.046324, 0.046324, 0.046324, 0.046324, 0.0, 0.046324, 0.046324, -0.046324, -0.046324, 0.0, 0.0, 0.0, -0.046324, 0.0, 0.046324, -0.092648, 0.0, 0.0, 0.046324, -0.046324, -0.092648, 0.0, -0.046324, 0.046324, 0.0, 0.0, 0.0, 0.0, 0.0, 0.046324, 0.0, 0.0, -0.046324, 0.0, 0.0, 0.046324, -0.138972, 0.0, 0.0, 0.0, 0.0, 0.0, -0.046324, 0.0, -0.092648, 0.0, 0.0, -0.046324, 0.0, 0.0, -0.046324, 0.0, -0.092648, 0.0, -0.092648, 0.046324, 0.0, -0.046324, 0.0, 0.0, 0.046324, 0.138972, 0.046324, 0.092648, 0.046324, -0.046324, 0.0, 0.046324, 0.0, 0.046324, -0.046324, 0.0, 0.0, 0.046324, 0.0, 0.046324, 0.0, -0.046324, 0.0, 0.046324, -0.092648, 0.046324, 0.0, 0.0, 0.092648, 0.0, 0.0, 0.0, -0.046324, 0.0, -0.046324, 0.0, 0.0, 0.0, 0.0, 0.0, -0.092648, 0.0, 0.0, -0.046324, 0.046324, -0.046324, -0.046324, -0.046324, -0.046324, 0.0, -0.046324, 0.0, 0.0, -0.092648, 0.092648, 0.0, 0.0, -0.046324, 0.0, -0.092648, -0.092648, -0.046324, 0.046324, 0.0, -0.092648, 0.046324, -0.046324, -0.092648, 0.0, 0.0, 0.046324, -0.092648, -0.046324, 0.0, -0.046324, 0.046324, 0.0, 0.0, -0.046324, 0.0, -0.092648, 0.046324, 0.0, 0.0, 0.046324, 0.046324, 0.0, 0.092648, 0.092648, -0.185296, 0.092648, 0.0, 0.0, 0.0, 0.0, 0.0, 0.0, 0.046324, -0.046324, -0.046324, -0.046324, 0.0, 0.046324, -0.046324, 0.0, -0.046324, -0.046324, -0.092648, 0.046324, 0.0, 0.0, 0.138972, -0.046324, 0.046324, 0.0, 0.0, 0.138972, 0.046324, -0.046324, -0.046324, 0.046324, 0.046324, 0.0, -0.092648, 0.0, 0.0, 0.0, 0.0, 0.046324, 0.046324, 0.046324, 0.0, -0.046324, 0.0, -0.092648, 0.0, 0.046324, 0.0, -0.138972, 0.0, 0.046324, 0.0, 0.0, 0.0, 0.0, 0.046324, 0.046324, 0.0, 0.092648, 0.0, 0.0, 0.0, -0.092648, -0.046324, 0.0, -0.046324, 0.092648, -0.092648, 0.0, 0.0, 0.0, 0.0, -0.092648, -0.046324, 0.0, 0.0, 0.0, -0.046324, -0.046324, -0.092648, -0.046324, -0.046324, 0.092648, 0.0, 0.092648, -0.046324, 0.0, -0.092648, -0.046324, 0.0, -0.092648, 0.0, -0.046324, -0.092648, 0.046324, -0.185296, -0.092648, 0.092648, 0.0, 0.0, -0.046324, -0.046324, -0.092648, -0.046324, 0.046324, -0.138972, 0.046324, 0.0, 0.138972, -0.092648, 0.046324, -0.046324, -0.046324, 0.0, 0.046324, -0.046324, 0.0, 0.046324, 0.0, 0.0, 0.0, 0.0, 0.0, -0.092648, -0.046324, 0.0, 0.0, 0.0, 0.0, 0.0, -0.092648, 0.0, 0.0, 0.0, -0.046324, -0.046324, 0.046324, 0.046324, 0.0, 0.0, 0.0, 0.046324, 0.092648, -0.046324, -0.092648, 0.0, 0.046324, 0.0, -0.046324, 0.0, -0.046324, -0.092648, 0.0, 0.046324, -0.046324, -0.046324, 0.0, -0.046324, 0.0, 0.0, -0.046324, 0.046324, 0.046324, -0.046324, 0.046324, 0.0, 0.046324, 0.0, -0.046324, -0.092648, 0.0, 0.0, 0.092648, -0.092648, -0.092648, -0.046324, 0.046324, 0.092648, 0.0, 0.046324, 0.0, 0.092648, -0.046324, -0.046324, 0.0, 0.046324, 0.0, 0.0, 0.0, 0.0, -0.046324, 0.0, 0.0, -0.046324, 0.0, 0.0, -0.046324, 0.0, 0.046324, 0.046324, 0.046324, 0.0, 0.0, -0.046324, 0.092648, 0.0, 0.046324, -0.046324, -0.092648, 0.0, -0.046324, 0.046324, 0.0, 0.0, 0.0, -0.046324, -0.046324, -0.046324, -0.046324, 0.0, 0.0, -0.046324, 0.046324]",12,6,6,149,195,0.56,0.5643,0.5508,0.44,1.0,0.9307,0.0833,0.5062,2026-09-19T15:26:24
afc7cb8f-9b35-448f-8b18-d3d1e7f9653b,P-2DB0DA1D0E,T8,high,small,google/gemma-3-4b-it,0,Neutral Engagement Agent,"You are considering a short trip to another region of Greece. What kind of experience are you looking for, and how do you decide?","[0.121716, -0.030429, 0.0, -0.030429, 0.030429, 0.030429, 0.0, -0.060858, 0.0, 0.0, 0.030429, 0.030429, 0.060858, 0.030429, 0.0, -0.030429, 0.0, 0.030429, -0.091287, -0.030429, 0.030429, -0.060858, -0.121716, -0.091287, -0.030429, 0.060858, 0.0, -0.030429, 0.030429, 0.030429, 0.030429, -0.030429, 0.060858, 0.091287, 0.091287, 0.0, 0.0, 0.030429, 0.030429, -0.030429, -0.091287, 0.0, 0.030429, -0.060858, 0.0, -0.030429, 0.0, -0.030429, -0.030429, 0.0, 0.0, 0.091287, -0.030429, 0.0, 0.030429, -0.030429, 0.0, 0.0, 0.060858, -0.060858, 0.030429, -0.060858, -0.030429, 0.0, 0.0, -0.030429, 0.0, -0.060858, 0.030429, 0.0, 0.060858, -0.060858, -0.060858, 0.030429, 0.0, 0.0, 0.091287, -0.030429, 0.0, 0.0, 0.0, 0.060858, 0.030429, 0.0, 0.060858, -0.060858, 0.0, -0.121716, 0.091287, -0.060858, 0.030429, 0.060858, 0.030429, -0.091287, 0.0, -0.030429, 0.030429, 0.0, -0.060858, -0.060858, -0.060858, 0.0, -0.030429, -0.030429, 0.0, -0.030429, -0.060858, 0.0, 0.030429, 0.0, 0.060858, -0.030429, 0.0, 0.0, -0.060858, 0.060858, -0.091287, -0.030429, -0.030429, -0.030429, 0.030429, 0.0, 0.0, 0.030429, 0.030429, -0.030429, -0.060858, 0.0, 0.0, 0.060858, -0.030429, -0.030429, -0.060858, 0.152145, -0.091287, -0.060858, 0.030429, -0.060858, -0.060858, 0.0, 0.0, -0.030429, 0.0, -0.030429, 0.0, -0.060858, 0.0, 0.0, 0.030429, 0.0, -0.030429, -0.060858, 0.030429, -0.060858, 0.030429, 0.060858, 0.0, 0.060858, 0.121716, 0.0, -0.030429, -0.060858, 0.0, 0.060858, -0.091287, 0.0, -0.030429, 0.030429, 0.060858, -0.030429, -0.060858, 0.030429, -0.091287, 0.091287, -0.060858, 0.0, -0.091287, 0.0, -0.030429, 0.091287, -0.060858, -0.030429, 0.091287, -0.030429, 0.030429, -0.030429, 0.030429, 0.091287, 0.060858, 0.030429, -0.030429, 0.060858, 0.060858, 0.0, -0.060858, 0.060858, 0.030429, 0.030429, 0.0, 0.121716, -0.030429, 0.030429, -0.060858, 0.060858, -0.060858, 0.0, 0.030429, -0.030429, 0.0, -0.152145, -0.060858, 0.0, 0.0, -0.030429, 0.0, 0.030429, -0.121716, 0.030429, 0.0, 0.060858, -0.030429, 0.0, 0.0, -0.030429, 0.060858, -0.121716, -0.060858, 0.182574, -0.121716, 0.0, 0.030429, 0.0, -0.060858, -0.152145, -0.091287, -0.030429, 0.0, 0.030429, -0.030429, 0.0, -0.030429, 0.0, 0.0, 0.091287, 0.060858, 0.0, -0.030429, 0.030429, 0.0, 0.0, 0.030429, -0.030429, 0.030429, -0.030429, -0.030429, 0.030429, -0.060858, -0.060858, 0.030429, 0.060858, 0.0, 0.0, -0.030429, 0.0, 0.060858, -0.060858, 0.030429, 0.0, -0.030429, 0.091287, -0.091287, 0.030429, -0.030429, -0.091287, 0.030429, -0.091287, 0.0, -0.030429, 0.0, 0.0, 0.0, 0.030429, -0.030429, 0.0, 0.091287, 0.091287, -0.030429, 0.0, 0.060858, 0.0, 0.0, -0.030429, -0.030429, 0.060858, -0.030429, -0.091287, 0.0, 0.030429, 0.0, -0.091287, 0.030429, -0.030429, 0.0, 0.030429, 0.060858, 0.0, 0.0, 0.060858, 0.060858, -0.060858, 0.0, 0.060858, -0.091287, -0.030429, -0.091287, -0.030429, 0.0, -0.030429, 0.030429, 0.030429, 0.0, -0.030429, -0.060858, 0.091287, -0.091287, 0.091287, -0.030429, 0.060858, 0.0, 0.0, -0.060858, 0.152145, -0.030429, 0.060858, 0.060858, -0.060858, 0.0, 0.030429, 0.030429, 0.030429, 0.030429, 0.0, 0.060858, 0.0, -0.060858, 0.0, 0.030429, 0.0, 0.0, -0.060858, 0.0, 0.0, 0.030429, -0.060858, -0.030429, -0.030429, 0.0, 0.0, 0.0, 0.0, 0.091287, 0.0, 0.030429, 0.0, 0.030429, 0.0, 0.0, -0.030429, 0.0, -0.213003, 0.030429, -0.030429, 0.030429, -0.060858, 0.030429, 0.030429, -0.060858, 0.0, -0.030429, 0.0, 0.0, 0.0, -0.030429, -0.030429]",12,6,6,106,137,0.535,0.573,0.5516,0.465,1.0,0.631,0.0833,0.5039,2026-09-19T15:26:24
b81e9ed7-4f31-4ace-9c64-b69d1a70cc94,P-2DB0DA1D0E,T2,low,medium,google/gemma-4-31b-it,0,Neutral Engagement Agent,"A friend suggests ordering Chinese food, but you are not familiar with the cuisine. How do you respond during the conversation?","[0.033558, -0.033558, -0.033558, -0.033558, -0.033558, -0.033558, 0.0, -0.100673, 0.0, -0.033558, 0.0, 0.033558, 0.100673, 0.033558, 0.0, 0.0, 0.033558, 0.033558, 0.0, 0.0, 0.0, 0.033558, -0.167789, 0.067116, 0.0, 0.0, 0.033558, 0.0, 0.0, 0.0, -0.033558, 0.0, 0.067116, 0.033558, 0.033558, 0.033558, -0.033558, 0.067116, 0.0, 0.033558, 0.0, 0.0, 0.067116, 0.100673, 0.0, 0.0, -0.033558, 0.0, 0.134231, 0.0, 0.033558, 0.033558, 0.033558, -0.067116, 0.033558, 0.0, 0.0, 0.0, -0.067116, -0.033558, 0.033558, 0.0, -0.033558, 0.0, 0.033558, 0.0, 0.0, -0.033558, -0.033558, -0.100673, 0.033558, -0.100673, 0.0, -0.033558, -0.033558, 0.0, 0.067116, 0.067116, -0.033558, -0.033558, 0.0, 0.100673, -0.067116, -0.067116, 0.0, -0.067116, 0.0, -0.100673, 0.0, -0.067116, 0.0, 0.0, 0.0, 0.0, -0.033558, 0.067116, 0.033558, 0.0, -0.033558, -0.067116, -0.033558, 0.0, 0.0, 0.033558, 0.0, -0.033558, 0.033558, 0.0, 0.0, 0.0, 0.100673, -0.067116, 0.0, -0.033558, 0.067116, 0.067116, 0.067116, 0.0, -0.100673, 0.0, -0.033558, -0.033558, 0.100673, 0.0, -0.033558, 0.0, 0.033558, 0.0, -0.033558, -0.067116, 0.0, -0.033558, 0.0, 0.134231, 0.033558, 0.033558, 0.033558, -0.067116, 0.0, 0.033558, 0.033558, 0.0, -0.033558, -0.033558, -0.067116, 0.0, 0.0, 0.0, 0.100673, 0.0, 0.067116, 0.033558, -0.033558, 0.0, 0.033558, 0.033558, 0.0, 0.0, 0.100673, 0.0, -0.100673, 0.033558, 0.0, 0.0, -0.067116, -0.067116, 0.0, -0.033558, -0.033558, 0.0, -0.067116, 0.100673, -0.033558, 0.0, -0.067116, -0.100673, -0.033558, 0.0, 0.0, 0.033558, 0.0, 0.0, 0.067116, 0.067116, 0.0, 0.067116, 0.067116, 0.100673, 0.067116, -0.033558, 0.0, 0.067116, 0.134231, 0.033558, -0.067116, 0.033558, 0.067116, -0.033558, 0.033558, -0.033558, -0.033558, 0.033558, 0.0, 0.100673, 0.033558, 0.067116, 0.033558, -0.033558, 0.033558, -0.067116, -0.033558, 0.100673, 0.0, -0.033558, 0.0, 0.134231, 0.0, -0.067116, 0.067116, -0.067116, 0.067116, 0.0, -0.067116, -0.067116, 0.100673, -0.100673, -0.033558, 0.067116, -0.100673, 0.033558, -0.134231, 0.0, -0.033558, -0.033558, -0.067116, 0.0, -0.033558, 0.0, -0.033558, -0.100673, 0.0, -0.033558, 0.0, 0.134231, 0.100673, 0.100673, 0.0, 0.033558, 0.033558, -0.067116, -0.033558, 0.033558, 0.100673, 0.033558, 0.0, -0.033558, -0.100673, -0.134231, -0.033558, -0.033558, -0.033558, -0.067116, 0.0, -0.067116, 0.033558, 0.033558, 0.0, 0.0, 0.067116, 0.033558, -0.033558, -0.100673, 0.0, 0.033558, 0.0, 0.033558, -0.067116, 0.0, -0.033558, 0.0, 0.0, 0.100673, 0.0, 0.033558, 0.0, 0.067116, 0.0, 0.0, 0.033558, 0.033558, 0.0, -0.100673, 0.033558, 0.0, 0.0, 0.0, -0.067116, -0.033558, 0.0, 0.033558, 0.033558, 0.0, 0.0, 0.067116, 0.0, 0.0, -0.067116, 0.033558, 0.0, 0.067116, -0.100673, 0.0, -0.067116, -0.033558, 0.033558, 0.0, 0.067116, -0.033558, 0.0, -0.033558, 0.0, -0.033558, -0.067116, 0.033558, 0.033558, 0.033558, -0.100673, 0.067116, 0.0, 0.033558, 0.0, 0.033558, -0.033558, 0.0, -0.033558, -0.033558, 0.0, 0.0, -0.067116, 0.0, 0.033558, 0.0, -0.067116, 0.0, 0.0, 0.0, 0.033558, 0.067116, 0.0, 0.0, 0.0, 0.067116, 0.0, 0.033558, 0.0, -0.100673, 0.033558, 0.0, 0.0, 0.0, 0.033558, 0.0, 0.033558, -0.033558, 0.134231, 0.0, -0.033558, 0.0, -0.067116, -0.201347, 0.0, -0.067116, 0.067116, 0.0, -0.033558, 0.033558, 0.033558, -0.033558, -0.033558, 0.100673, 0.0, 0.0, -0.067116, -0.033558]",12,6,6,144,186,0.5372,0.5511,0.5458,0.4628,1.0,0.8788,0.3333,0.5402,2026-09-19T15:26:24
e4e61a45-35f6-489b-8164-542f1f119c6b,P-2DB0DA1D0E,T2,low,medium,google/gemma-4-31b-it,1,Neutral Engagement Agent,"A friend suggests ordering Chinese food, but you are not familiar with the cuisine. How do you respond during the conversation?","[0.033558, -0.033558, -0.033558, -0.033558, -0.033558, -0.033558, 0.0, -0.100673, 0.0, -0.033558, 0.0, 0.033558, 0.100673, 0.033558, 0.0, 0.0, 0.033558, 0.033558, 0.0, 0.0, 0.0, 0.033558, -0.167789, 0.067116, 0.0, 0.0, 0.033558, 0.0, 0.0, 0.0, -0.033558, 0.0, 0.067116, 0.033558, 0.033558, 0.033558, -0.033558, 0.067116, 0.0, 0.033558, 0.0, 0.0, 0.067116, 0.100673, 0.0, 0.0, -0.033558, 0.0, 0.134231, 0.0, 0.033558, 0.033558, 0.033558, -0.067116, 0.033558, 0.0, 0.0, 0.0, -0.067116, -0.033558, 0.033558, 0.0, -0.033558, 0.0, 0.033558, 0.0, 0.0, -0.033558, -0.033558, -0.100673, 0.033558, -0.100673, 0.0, -0.033558, -0.033558, 0.0, 0.067116, 0.067116, -0.033558, -0.033558, 0.0, 0.100673, -0.067116, -0.067116, 0.0, -0.067116, 0.0, -0.100673, 0.0, -0.067116, 0.0, 0.0, 0.0, 0.0, -0.033558, 0.067116, 0.033558, 0.0, -0.033558, -0.067116, -0.033558, 0.0, 0.0, 0.033558, 0.0, -0.033558, 0.033558, 0.0, 0.0, 0.0, 0.100673, -0.067116, 0.0, -0.033558, 0.067116, 0.067116, 0.067116, 0.0, -0.100673, 0.0, -0.033558, -0.033558, 0.100673, 0.0, -0.033558, 0.0, 0.033558, 0.0, -0.033558, -0.067116, 0.0, -0.033558, 0.0, 0.134231, 0.033558, 0.033558, 0.033558, -0.067116, 0.0, 0.033558, 0.033558, 0.0, -0.033558, -0.033558, -0.067116, 0.0, 0.0, 0.0, 0.100673, 0.0, 0.067116, 0.033558, -0.033558, 0.0, 0.033558, 0.033558, 0.0, 0.0, 0.100673, 0.0, -0.100673, 0.033558, 0.0, 0.0, -0.067116, -0.067116, 0.0, -0.033558, -0.033558, 0.0, -0.067116, 0.100673, -0.033558, 0.0, -0.067116, -0.100673, -0.033558, 0.0, 0.0, 0.033558, 0.0, 0.0, 0.067116, 0.067116, 0.0, 0.067116, 0.067116, 0.100673, 0.067116, -0.033558, 0.0, 0.067116, 0.134231, 0.033558, -0.067116, 0.033558, 0.067116, -0.033558, 0.033558, -0.033558, -0.033558, 0.033558, 0.0, 0.100673, 0.033558, 0.067116, 0.033558, -0.033558, 0.033558, -0.067116, -0.033558, 0.100673, 0.0, -0.033558, 0.0, 0.134231, 0.0, -0.067116, 0.067116, -0.067116, 0.067116, 0.0, -0.067116, -0.067116, 0.100673, -0.100673, -0.033558, 0.067116, -0.100673, 0.033558, -0.134231, 0.0, -0.033558, -0.033558, -0.067116, 0.0, -0.033558, 0.0, -0.033558, -0.100673, 0.0, -0.033558, 0.0, 0.134231, 0.100673, 0.100673, 0.0, 0.033558, 0.033558, -0.067116, -0.033558, 0.033558, 0.100673, 0.033558, 0.0, -0.033558, -0.100673, -0.134231, -0.033558, -0.033558, -0.033558, -0.067116, 0.0, -0.067116, 0.033558, 0.033558, 0.0, 0.0, 0.067116, 0.033558, -0.033558, -0.100673, 0.0, 0.033558, 0.0, 0.033558, -0.067116, 0.0, -0.033558, 0.0, 0.0, 0.100673, 0.0, 0.033558, 0.0, 0.067116, 0.0, 0.0, 0.033558, 0.033558, 0.0, -0.100673, 0.033558, 0.0, 0.0, 0.0, -0.067116, -0.033558, 0.0, 0.033558, 0.033558, 0.0, 0.0, 0.067116, 0.0, 0.0, -0.067116, 0.033558, 0.0, 0.067116, -0.100673, 0.0, -0.067116, -0.033558, 0.033558, 0.0, 0.067116, -0.033558, 0.0, -0.033558, 0.0, -0.033558, -0.067116, 0.033558, 0.033558, 0.033558, -0.100673, 0.067116, 0.0, 0.033558, 0.0, 0.033558, -0.033558, 0.0, -0.033558, -0.033558, 0.0, 0.0, -0.067116, 0.0, 0.033558, 0.0, -0.067116, 0.0, 0.0, 0.0, 0.033558, 0.067116, 0.0, 0.0, 0.0, 0.067116, 0.0, 0.033558, 0.0, -0.100673, 0.033558, 0.0, 0.0, 0.0, 0.033558, 0.0, 0.033558, -0.033558, 0.134231, 0.0, -0.033558, 0.0, -0.067116, -0.201347, 0.0, -0.067116, 0.067116, 0.0, -0.033558, 0.033558, 0.033558, -0.033558, -0.033558, 0.100673, 0.0, 0.0, -0.067116, -0.033558]",12,6,6,157,206,0.5508,0.5657,0.5309,0.4492,1.0,0.823,0.1667,0.5128,2026-09-19T15:26:24
158d9c05-ac19-4b1d-8f53-59e0156950b8,P-41FE7B6C8E,T8,low,medium,google/gemma-4-31b-it,0,Neutral Engagement Agent,"You are considering a short trip to another region of Greece. What kind of experience are you looking for, and how do you decide?","[0.121716, -0.030429, 0.0, -0.030429, 0.030429, 0.030429, 0.0, -0.060858, 0.0, 0.0, 0.030429, 0.030429, 0.060858, 0.030429, 0.0, -0.030429, 0.0, 0.030429, -0.091287, -0.030429, 0.030429, -0.060858, -0.121716, -0.091287, -0.030429, 0.060858, 0.0, -0.030429, 0.030429, 0.030429, 0.030429, -0.030429, 0.060858, 0.091287, 0.091287, 0.0, 0.0, 0.030429, 0.030429, -0.030429, -0.091287, 0.0, 0.030429, -0.060858, 0.0, -0.030429, 0.0, -0.030429, -0.030429, 0.0, 0.0, 0.091287, -0.030429, 0.0, 0.030429, -0.030429, 0.0, 0.0, 0.060858, -0.060858, 0.030429, -0.060858, -0.030429, 0.0, 0.0, -0.030429, 0.0, -0.060858, 0.030429, 0.0, 0.060858, -0.060858, -0.060858, 0.030429, 0.0, 0.0, 0.091287, -0.030429, 0.0, 0.0, 0.0, 0.060858, 0.030429, 0.0, 0.060858, -0.060858, 0.0, -0.121716, 0.091287, -0.060858, 0.030429, 0.060858, 0.030429, -0.091287, 0.0, -0.030429, 0.030429, 0.0, -0.060858, -0.060858, -0.060858, 0.0, -0.030429, -0.030429, 0.0, -0.030429, -0.060858, 0.0, 0.030429, 0.0, 0.060858, -0.030429, 0.0, 0.0, -0.060858, 0.060858, -0.091287, -0.030429, -0.030429, -0.030429, 0.030429, 0.0, 0.0, 0.030429, 0.030429, -0.030429, -0.060858, 0.0, 0.0, 0.060858, -0.030429, -0.030429, -0.060858, 0.152145, -0.091287, -0.060858, 0.030429, -0.060858, -0.060858, 0.0, 0.0, -0.030429, 0.0, -0.030429, 0.0, -0.060858, 0.0, 0.0, 0.030429, 0.0, -0.030429, -0.060858, 0.030429, -0.060858, 0.030429, 0.060858, 0.0, 0.060858, 0.121716, 0.0, -0.030429, -0.060858, 0.0, 0.060858, -0.091287, 0.0, -0.030429, 0.030429, 0.060858, -0.030429, -0.060858, 0.030429, -0.091287, 0.091287, -0.060858, 0.0, -0.091287, 0.0, -0.030429, 0.091287, -0.060858, -0.030429, 0.091287, -0.030429, 0.030429, -0.030429, 0.030429, 0.091287, 0.060858, 0.030429, -0.030429, 0.060858, 0.060858, 0.0, -0.060858, 0.060858, 0.030429, 0.030429, 0.0, 0.121716, -0.030429, 0.030429, -0.060858, 0.060858, -0.060858, 0.0, 0.030429, -0.030429, 0.0, -0.152145, -0.060858, 0.0, 0.0, -0.030429, 0.0, 0.030429, -0.121716, 0.030429, 0.0, 0.060858, -0.030429, 0.0, 0.0, -0.030429, 0.060858, -0.121716, -0.060858, 0.182574, -0.121716, 0.0, 0.030429, 0.0, -0.060858, -0.152145, -0.091287, -0.030429, 0.0, 0.030429, -0.030429, 0.0, -0.030429, 0.0, 0.0, 0.091287, 0.060858, 0.0, -0.030429, 0.030429, 0.0, 0.0, 0.030429, -0.030429, 0.030429, -0.030429, -0.030429, 0.030429, -0.060858, -0.060858, 0.030429, 0.060858, 0.0, 0.0, -0.030429, 0.0, 0.060858, -0.060858, 0.030429, 0.0, -0.030429, 0.091287, -0.091287, 0.030429, -0.030429, -0.091287, 0.030429, -0.091287, 0.0, -0.030429, 0.0, 0.0, 0.0, 0.030429, -0.030429, 0.0, 0.091287, 0.091287, -0.030429, 0.0, 0.060858, 0.0, 0.0, -0.030429, -0.030429, 0.060858, -0.030429, -0.091287, 0.0, 0.030429, 0.0, -0.091287, 0.030429, -0.030429, 0.0, 0.030429, 0.060858, 0.0, 0.0, 0.060858, 0.060858, -0.060858, 0.0, 0.060858, -0.091287, -0.030429, -0.091287, -0.030429, 0.0, -0.030429, 0.030429, 0.030429, 0.0, -0.030429, -0.060858, 0.091287, -0.091287, 0.091287, -0.030429, 0.060858, 0.0, 0.0, -0.060858, 0.152145, -0.030429, 0.060858, 0.060858, -0.060858, 0.0, 0.030429, 0.030429, 0.030429, 0.030429, 0.0, 0.060858, 0.0, -0.060858, 0.0, 0.030429, 0.0, 0.0, -0.060858, 0.0, 0.0, 0.030429, -0.060858, -0.030429, -0.030429, 0.0, 0.0, 0.0, 0.0, 0.091287, 0.0, 0.030429, 0.0, 0.030429, 0.0, 0.0, -0.030429, 0.0, -0.213003, 0.030429, -0.030429, 0.030429, -0.060858, 0.030429, 0.030429, -0.060858, 0.0, -0.030429, 0.0, 0.0, 0.0, -0.030429, -0.030429]",12,6,6,131,171,0.5464,0.5629,0.5488,0.4536,1.0,0.379,0.1667,0.5168,2026-09-20T11:49:42
1e268c99-b9d1-4ce2-80f2-6099806861a5,P-41FE7B6C8E,T6,high,small,google/gemma-3-4b-it,0,Neutral Engagement Agent,"You receive an online order, but one of the products arrives damaged. How do you typically handle the situation?","[-0.03732, 0.0, 0.074639, 0.03732, -0.03732, 0.0, 0.074639, -0.074639, 0.0, -0.03732, 0.0, 0.0, 0.074639, 0.0, -0.074639, -0.03732, 0.03732, -0.03732, 0.0, 0.0, -0.03732, -0.03732, 0.0, 0.0, -0.03732, 0.0, 0.0, 0.0, 0.0, 0.0, 0.0, -0.03732, 0.0, 0.074639, 0.074639, 0.0, -0.03732, 0.0, 0.0, 0.0, 0.03732, -0.03732, 0.03732, 0.074639, 0.03732, -0.03732, 0.03732, -0.03732, 0.074639, 0.0, -0.03732, 0.03732, -0.03732, -0.074639, 0.03732, 0.0, 0.0, 0.03732, 0.03732, 0.0, 0.0, 0.0, -0.074639, 0.0, 0.0, 0.0, -0.074639, 0.03732, 0.0, 0.0, -0.03732, -0.111959, 0.03732, 0.0, 0.0, -0.111959, 0.074639, 0.111959, 0.0, -0.074639, 0.0, 0.074639, 0.0, -0.03732, 0.0, -0.074639, -0.03732, -0.074639, 0.074639, -0.111959, 0.0, 0.03732, -0.03732, -0.074639, -0.03732, 0.03732, 0.0, 0.0, 0.03732, -0.03732, 0.0, 0.03732, 0.0, 0.03732, 0.03732, 0.03732, 0.0, 0.03732, 0.03732, 0.0, 0.074639, 0.0, 0.0, 0.0, -0.03732, 0.0, 0.111959, 0.0, -0.074639, 0.0, 0.0, -0.03732, 0.03732, 0.0, 0.0, 0.0, -0.074639, -0.03732, -0.03732, 0.0, 0.111959, 0.03732, -0.074639, 0.111959, 0.03732, 0.0, -0.03732, -0.074639, 0.0, 0.0, 0.0, 0.03732, 0.0, -0.03732, -0.074639, 0.0, 0.03732, 0.0, 0.074639, 0.03732, 0.03732, 0.03732, 0.0, 0.03732, -0.03732, 0.111959, -0.074639, -0.03732, 0.111959, 0.0, -0.074639, -0.074639, 0.0, 0.03732, -0.111959, 0.0, -0.03732, 0.0, -0.03732, -0.03732, -0.03732, 0.0, -0.03732, 0.111959, -0.03732, -0.074639, -0.03732, 0.0, 0.0, 0.0, 0.111959, -0.03732, 0.0, -0.074639, 0.0, 0.074639, 0.111959, 0.111959, -0.111959, 0.0, 0.03732, 0.03732, 0.149279, 0.0, -0.074639, 0.03732, -0.03732, 0.0, 0.0, -0.03732, 0.0, 0.0, 0.0, 0.03732, 0.074639, 0.0, -0.074639, 0.0, 0.03732, -0.111959, -0.03732, 0.074639, -0.03732, -0.074639, 0.0, 0.074639, -0.074639, -0.074639, 0.074639, -0.03732, 0.0, 0.03732, 0.0, -0.074639, 0.0, -0.03732, 0.0, 0.111959, -0.111959, 0.0, -0.074639, 0.03732, 0.03732, -0.03732, -0.074639, 0.0, 0.0, 0.0, 0.0, 0.03732, 0.111959, 0.0, 0.0, 0.03732, 0.03732, 0.0, 0.0, 0.03732, 0.0, 0.0, 0.0, 0.0, 0.0, 0.074639, 0.0, -0.03732, -0.03732, -0.074639, 0.0, 0.111959, -0.074639, 0.0, 0.0, -0.03732, 0.074639, -0.074639, 0.111959, 0.0, 0.03732, 0.111959, 0.074639, -0.186598, -0.03732, 0.0, 0.0, -0.03732, -0.03732, -0.03732, 0.0, -0.03732, 0.03732, -0.074639, 0.0, -0.074639, 0.111959, 0.03732, -0.03732, 0.0, 0.03732, 0.03732, 0.0, 0.0, 0.0, 0.074639, 0.0, 0.03732, 0.074639, 0.0, -0.03732, 0.03732, 0.03732, 0.0, -0.074639, 0.03732, 0.0, 0.03732, -0.074639, 0.0, 0.0, 0.0, 0.0, -0.074639, -0.074639, 0.0, -0.074639, -0.03732, -0.074639, -0.03732, 0.0, 0.0, -0.03732, 0.03732, -0.111959, 0.0, 0.0, 0.074639, -0.074639, 0.0, 0.0, 0.0, 0.0, 0.03732, 0.03732, 0.03732, 0.0, -0.03732, -0.03732, 0.0, -0.03732, -0.03732, 0.03732, -0.03732, -0.149279, 0.03732, -0.03732, 0.0, 0.0, 0.074639, 0.03732, 0.0, 0.03732, 0.111959, 0.0, 0.074639, 0.0, -0.074639, 0.0, 0.0, -0.074639, 0.0, 0.074639, -0.03732, 0.0, 0.0, 0.074639, 0.03732, -0.03732, 0.03732, -0.111959, -0.074639, 0.074639, -0.111959, 0.0, 0.03732, 0.03732, -0.03732, 0.074639, 0.0, 0.0, 0.03732, 0.0, 0.0, -0.03732, -0.03732]",12,6,6,77,100,0.5829,0.578,0.5112,0.4171,1.0,0.2346,0.4167,0.5486,2026-09-20T12:51:13
20bb8e74-79f5-4071-a628-62394c972155,P-41FE7B6C8E,T6,high,medium,google/gemma-4-31b-it,0,Neutral Engagement Agent,"You receive an online order, but the delivery arrives much later than expected. How do you typically react?","[-0.0411, 0.0411, 0.0411, 0.0411, -0.0411, -0.0411, 0.0411, -0.082199, 0.0, -0.0411, 0.0, -0.0411, 0.082199, 0.0, -0.0411, 0.0, 0.0411, -0.082199, 0.0, 0.0, -0.0411, 0.0, 0.0, 0.0, 0.0, 0.0, -0.0411, -0.0411, 0.0, 0.0411, 0.0, -0.0411, 0.0, 0.082199, 0.082199, 0.0, -0.0411, 0.0411, 0.0, 0.0411, 0.0411, -0.082199, 0.0411, 0.082199, 0.0, -0.0411, 0.0, -0.0411, 0.0411, 0.0, 0.0, 0.0, -0.0411, -0.0411, 0.082199, 0.0, 0.0, 0.0411, 0.0, 0.0, 0.0, 0.0411, -0.0411, 0.0, 0.0, 0.0, -0.082199, 0.0, 0.0, 0.0, -0.0411, -0.0411, 0.0411, 0.0411, 0.0, -0.123299, 0.082199, 0.0411, 0.082199, -0.123299, 0.0, 0.082199, 0.0, -0.0411, -0.0411, -0.123299, 0.0, -0.082199, 0.0411, -0.082199, 0.0, 0.0, -0.0411, 0.0, 0.0411, 0.0411, 0.0411, 0.0, 0.0411, 0.0, 0.0, -0.082199, -0.0411, 0.0411, 0.0411, 0.0, 0.0, 0.0, 0.0, 0.0, 0.082199, 0.0411, -0.0411, 0.0411, 0.0, 0.0411, 0.082199, 0.0, 0.0, 0.0411, 0.0411, -0.0411, 0.0, 0.0411, 0.0411, 0.0411, -0.0411, -0.0411, -0.082199, 0.0, 0.082199, 0.0411, 0.0, 0.082199, 0.0411, 0.0411, -0.0411, -0.082199, 0.0, 0.0411, -0.0411, 0.0, 0.0, -0.0411, -0.164399, 0.0, 0.0411, -0.0411, 0.082199, 0.082199, -0.0411, 0.082199, -0.0411, 0.0411, -0.0411, 0.123299, -0.123299, 0.0, 0.123299, -0.0411, -0.082199, -0.123299, 0.0, 0.0, -0.123299, 0.0, 0.0, -0.0411, 0.0, -0.0411, -0.0411, 0.0, -0.0411, 0.0411, -0.0411, -0.0411, -0.0411, 0.0, 0.0, 0.0, 0.0411, -0.0411, 0.0, 0.0, 0.0, 0.0411, 0.123299, 0.082199, 0.0, 0.0, 0.0, 0.0411, 0.123299, 0.0, -0.082199, 0.082199, -0.0411, 0.0411, 0.0, 0.082199, 0.0, 0.0, 0.0, 0.0411, 0.082199, 0.0, -0.082199, 0.0, 0.0411, -0.123299, -0.082199, 0.0, 0.0, 0.0, 0.0411, 0.123299, 0.0, -0.0411, 0.0411, 0.0, 0.0, 0.0411, 0.0, -0.082199, 0.0, 0.0, 0.082199, 0.164399, -0.123299, -0.0411, 0.0, 0.0, 0.0, 0.0, -0.082199, 0.0, 0.0, 0.0, 0.0, 0.0, 0.082199, 0.0411, 0.0, 0.0, 0.0411, -0.0411, 0.0, -0.0411, 0.0, 0.0, 0.0, -0.0411, 0.0, 0.0411, 0.0411, -0.0411, 0.0, -0.082199, 0.123299, 0.0, -0.0411, 0.0, 0.0, 0.0, 0.082199, -0.082199, 0.0411, 0.0, 0.0411, 0.123299, 0.0411, -0.0411, -0.0411, 0.0, 0.0, -0.0411, 0.0, -0.0411, -0.0411, 0.0, 0.0, -0.082199, 0.0, -0.123299, 0.0, 0.082199, -0.082199, 0.0, 0.0411, 0.0411, 0.0, 0.0, 0.0, 0.082199, 0.0411, 0.0411, 0.082199, 0.0, -0.123299, 0.0, 0.0, 0.0, -0.082199, 0.082199, 0.0, -0.0411, -0.0411, 0.0, -0.0411, -0.123299, 0.0411, -0.0411, -0.123299, 0.0, 0.0, -0.082199, 0.0, 0.0, 0.0, 0.0, -0.0411, -0.0411, -0.0411, 0.0411, -0.0411, 0.123299, 0.0, 0.0, 0.0, -0.0411, 0.0411, 0.0, 0.0411, 0.0, -0.123299, -0.0411, -0.082199, 0.0, -0.0411, -0.0411, -0.0411, -0.0411, -0.0411, 0.0411, 0.0, 0.0411, 0.0, 0.0411, 0.0411, -0.082199, 0.0411, 0.082199, 0.0, 0.0411, 0.0, -0.0411, -0.082199, 0.0, -0.082199, 0.0, 0.0411, -0.0411, 0.0411, 0.0411, 0.0411, 0.0, -0.0411, 0.0, -0.082199, -0.082199, 0.0411, -0.0411, 0.0, 0.0, 0.0411, -0.0411, 0.0, 0.0, -0.0411, 0.0411, 0.0411, 0.0411, -0.0411, -0.0411]",12,6,6,120,157,0.5381,0.5578,0.5195,0.4619,1.0,0.4537,0.0833,0.4962,2026-09-20T12:04:39
32c78a32-27b5-4e27-9de5-9cf8e15be0e4,P-41FE7B6C8E,T6,high,medium,google/gemma-4-31b-it,1,Neutral Engagement Agent,"You receive an online order, but one of the products arrives damaged. How do you typically handle the situation?","[-0.03732, 0.0, 0.074639, 0.03732, -0.03732, 0.0, 0.074639, -0.074639, 0.0, -0.03732, 0.0, 0.0, 0.074639, 0.0, -0.074639, -0.03732, 0.03732, -0.03732, 0.0, 0.0, -0.03732, -0.03732, 0.0, 0.0, -0.03732, 0.0, 0.0, 0.0, 0.0, 0.0, 0.0, -0.03732, 0.0, 0.074639, 0.074639, 0.0, -0.03732, 0.0, 0.0, 0.0, 0.03732, -0.03732, 0.03732, 0.074639, 0.03732, -0.03732, 0.03732, -0.03732, 0.074639, 0.0, -0.03732, 0.03732, -0.03732, -0.074639, 0.03732, 0.0, 0.0, 0.03732, 0.03732, 0.0, 0.0, 0.0, -0.074639, 0.0, 0.0, 0.0, -0.074639, 0.03732, 0.0, 0.0, -0.03732, -0.111959, 0.03732, 0.0, 0.0, -0.111959, 0.074639, 0.111959, 0.0, -0.074639, 0.0, 0.074639, 0.0, -0.03732, 0.0, -0.074639, -0.03732, -0.074639, 0.074639, -0.111959, 0.0, 0.03732, -0.03732, -0.074639, -0.03732, 0.03732, 0.0, 0.0, 0.03732, -0.03732, 0.0, 0.03732, 0.0, 0.03732, 0.03732, 0.03732, 0.0, 0.03732, 0.03732, 0.0, 0.074639, 0.0, 0.0, 0.0, -0.03732, 0.0, 0.111959, 0.0, -0.074639, 0.0, 0.0, -0.03732, 0.03732, 0.0, 0.0, 0.0, -0.074639, -0.03732, -0.03732, 0.0, 0.111959, 0.03732, -0.074639, 0.111959, 0.03732, 0.0, -0.03732, -0.074639, 0.0, 0.0, 0.0, 0.03732, 0.0, -0.03732, -0.074639, 0.0, 0.03732, 0.0, 0.074639, 0.03732, 0.03732, 0.03732, 0.0, 0.03732, -0.03732, 0.111959, -0.074639, -0.03732, 0.111959, 0.0, -0.074639, -0.074639, 0.0, 0.03732, -0.111959, 0.0, -0.03732, 0.0, -0.03732, -0.03732, -0.03732, 0.0, -0.03732, 0.111959, -0.03732, -0.074639, -0.03732, 0.0, 0.0, 0.0, 0.111959, -0.03732, 0.0, -0.074639, 0.0, 0.074639, 0.111959, 0.111959, -0.111959, 0.0, 0.03732, 0.03732, 0.149279, 0.0, -0.074639, 0.03732, -0.03732, 0.0, 0.0, -0.03732, 0.0, 0.0, 0.0, 0.03732, 0.074639, 0.0, -0.074639, 0.0, 0.03732, -0.111959, -0.03732, 0.074639, -0.03732, -0.074639, 0.0, 0.074639, -0.074639, -0.074639, 0.074639, -0.03732, 0.0, 0.03732, 0.0, -0.074639, 0.0, -0.03732, 0.0, 0.111959, -0.111959, 0.0, -0.074639, 0.03732, 0.03732, -0.03732, -0.074639, 0.0, 0.0, 0.0, 0.0, 0.03732, 0.111959, 0.0, 0.0, 0.03732, 0.03732, 0.0, 0.0, 0.03732, 0.0, 0.0, 0.0, 0.0, 0.0, 0.074639, 0.0, -0.03732, -0.03732, -0.074639, 0.0, 0.111959, -0.074639, 0.0, 0.0, -0.03732, 0.074639, -0.074639, 0.111959, 0.0, 0.03732, 0.111959, 0.074639, -0.186598, -0.03732, 0.0, 0.0, -0.03732, -0.03732, -0.03732, 0.0, -0.03732, 0.03732, -0.074639, 0.0, -0.074639, 0.111959, 0.03732, -0.03732, 0.0, 0.03732, 0.03732, 0.0, 0.0, 0.0, 0.074639, 0.0, 0.03732, 0.074639, 0.0, -0.03732, 0.03732, 0.03732, 0.0, -0.074639, 0.03732, 0.0, 0.03732, -0.074639, 0.0, 0.0, 0.0, 0.0, -0.074639, -0.074639, 0.0, -0.074639, -0.03732, -0.074639, -0.03732, 0.0, 0.0, -0.03732, 0.03732, -0.111959, 0.0, 0.0, 0.074639, -0.074639, 0.0, 0.0, 0.0, 0.0, 0.03732, 0.03732, 0.03732, 0.0, -0.03732, -0.03732, 0.0, -0.03732, -0.03732, 0.03732, -0.03732, -0.149279, 0.03732, -0.03732, 0.0, 0.0, 0.074639, 0.03732, 0.0, 0.03732, 0.111959, 0.0, 0.074639, 0.0, -0.074639, 0.0, 0.0, -0.074639, 0.0, 0.074639, -0.03732, 0.0, 0.0, 0.074639, 0.03732, -0.03732, 0.03732, -0.111959, -0.074639, 0.074639, -0.111959, 0.0, 0.03732, 0.03732, -0.03732, 0.074639, 0.0, 0.0, 0.03732, 0.0, 0.0, -0.03732, -0.03732]",12,6,6,109,142,0.5191,0.5495,0.5494,0.4809,1.0,0.4059,0.1667,0.5143,2026-09-20T12:27:04
48642a3f-359f-488c-9f5b-75b6a2bab7ec,P-41FE7B6C8E,T8,low,medium,google/gemma-4-31b-it,1,Neutral Engagement Agent,You have a few free days and are thinking about visiting a place in Greece you have never been before. How do you choose where to go?,"[0.05712, -0.05712, -0.02856, -0.05712, 0.02856, 0.0, 0.0, -0.114239, 0.02856, 0.0, 0.02856, 0.05712, 0.085679, 0.0, 0.02856, 0.0, -0.02856, 0.05712, 0.0, 0.0, 0.02856, -0.02856, -0.05712, -0.02856, -0.05712, 0.085679, 0.0, 0.0, -0.02856, 0.05712, -0.02856, 0.02856, -0.02856, 0.085679, 0.085679, -0.085679, 0.02856, 0.02856, 0.05712, -0.02856, 0.0, 0.0, 0.0, -0.085679, -0.02856, -0.05712, 0.0, 0.0, 0.0, -0.02856, 0.05712, 0.0, 0.0, -0.02856, 0.0, -0.02856, 0.0, 0.02856, 0.0, -0.02856, 0.02856, 0.0, -0.02856, 0.0, 0.02856, 0.0, 0.02856, -0.05712, 0.0, 0.0, 0.0, 0.0, 0.0, 0.02856, 0.02856, 0.0, 0.0, 0.05712, 0.0, 0.05712, 0.0, 0.142799, 0.0, -0.05712, -0.02856, -0.085679, 0.0, -0.142799, 0.02856, -0.085679, 0.02856, -0.05712, 0.0, 0.0, -0.02856, -0.085679, 0.085679, 0.0, -0.02856, -0.05712, 0.0, -0.05712, 0.0, 0.085679, 0.0, -0.02856, 0.0, 0.0, 0.02856, 0.0, 0.0, -0.05712, 0.02856, 0.05712, -0.085679, 0.02856, -0.02856, 0.0, -0.02856, 0.0, 0.02856, -0.05712, -0.05712, 0.0, 0.05712, 0.0, 0.02856, -0.02856, 0.0, 0.085679, -0.02856, 0.05712, 0.0, 0.199918, 0.0, -0.05712, 0.0, -0.02856, 0.0, -0.02856, -0.02856, 0.02856, -0.05712, -0.085679, 0.0, -0.02856, 0.0, -0.02856, 0.05712, 0.02856, -0.02856, -0.114239, 0.02856, -0.02856, 0.02856, 0.05712, 0.0, 0.05712, 0.114239, 0.0, 0.02856, 0.085679, -0.02856, 0.114239, -0.171359, 0.085679, 0.0, 0.0, 0.0, 0.0, 0.0, 0.05712, -0.085679, 0.142799, 0.05712, 0.02856, 0.02856, -0.085679, 0.02856, 0.02856, 0.05712, -0.05712, 0.171359, 0.0, 0.02856, 0.0, 0.05712, 0.05712, 0.0, 0.085679, 0.05712, 0.05712, 0.05712, 0.05712, -0.142799, 0.05712, 0.05712, 0.0, 0.0, 0.05712, 0.02856, 0.085679, -0.02856, 0.0, -0.02856, 0.02856, 0.05712, -0.02856, -0.02856, -0.142799, 0.02856, 0.02856, 0.085679, -0.02856, 0.05712, 0.05712, 0.0, 0.05712, -0.02856, 0.0, -0.02856, -0.02856, 0.0, -0.05712, 0.02856, 0.02856, -0.05712, 0.114239, -0.114239, 0.02856, 0.0, 0.02856, 0.0, 0.0, 0.02856, -0.02856, -0.02856, 0.02856, 0.0, -0.085679, -0.02856, 0.0, 0.02856, 0.171359, 0.114239, 0.02856, 0.02856, -0.02856, 0.05712, 0.02856, -0.02856, 0.0, 0.085679, 0.0, 0.0, 0.02856, -0.085679, -0.114239, 0.0, 0.085679, 0.02856, -0.05712, -0.02856, 0.02856, 0.02856, 0.0, 0.02856, 0.02856, 0.05712, 0.02856, -0.02856, 0.05712, 0.05712, -0.02856, 0.05712, 0.02856, 0.05712, -0.02856, -0.114239, 0.02856, -0.114239, 0.0, 0.0, -0.02856, 0.0, 0.05712, 0.0, -0.02856, -0.05712, 0.0, -0.02856, -0.05712, -0.02856, 0.02856, -0.02856, -0.05712, 0.0, 0.0, -0.02856, 0.0, -0.02856, -0.02856, 0.02856, 0.114239, 0.0, -0.02856, 0.02856, 0.02856, 0.02856, 0.02856, 0.0, 0.02856, -0.085679, 0.0, 0.05712, -0.05712, 0.0, -0.02856, 0.0, 0.02856, 0.0, 0.0, 0.05712, 0.085679, -0.05712, 0.085679, -0.05712, 0.0, 0.0, 0.0, -0.114239, 0.02856, 0.0, -0.02856, 0.02856, -0.02856, 0.05712, 0.0, 0.0, 0.02856, 0.0, 0.02856, 0.0, 0.02856, -0.02856, -0.02856, 0.02856, -0.02856, 0.0, -0.05712, -0.02856, 0.05712, -0.02856, 0.0, -0.05712, -0.02856, 0.02856, 0.0, 0.02856, 0.02856, 0.085679, 0.0, 0.0, 0.0, -0.02856, 0.02856, -0.02856, 0.0, 0.0, -0.199918, 0.05712, 0.0, 0.05712, 0.0, 0.05712, 0.02856, -0.05712, 0.05712, 0.05712, 0.05712, 0.02856, 0.0, 0.0, -0.02856]",12,6,6,141,182,0.5563,0.593,0.5739,0.4437,1.0,0.3382,0.0833,0.5116,2026-09-20T11:19:30
547c81d0-785f-4d2d-a284-e935b1332a47,P-41FE7B6C8E,T8,low,medium,google/gemma-4-31b-it,1,Neutral Engagement Agent,"You are considering a short trip to another region of Greece. What kind of experience are you looking for, and how do you decide?","[0.121716, -0.030429, 0.0, -0.030429, 0.030429, 0.030429, 0.0, -0.060858, 0.0, 0.0, 0.030429, 0.030429, 0.060858, 0.030429, 0.0, -0.030429, 0.0, 0.030429, -0.091287, -0.030429, 0.030429, -0.060858, -0.121716, -0.091287, -0.030429, 0.060858, 0.0, -0.030429, 0.030429, 0.030429, 0.030429, -0.030429, 0.060858, 0.091287, 0.091287, 0.0, 0.0, 0.030429, 0.030429, -0.030429, -0.091287, 0.0, 0.030429, -0.060858, 0.0, -0.030429, 0.0, -0.030429, -0.030429, 0.0, 0.0, 0.091287, -0.030429, 0.0, 0.030429, -0.030429, 0.0, 0.0, 0.060858, -0.060858, 0.030429, -0.060858, -0.030429, 0.0, 0.0, -0.030429, 0.0, -0.060858, 0.030429, 0.0, 0.060858, -0.060858, -0.060858, 0.030429, 0.0, 0.0, 0.091287, -0.030429, 0.0, 0.0, 0.0, 0.060858, 0.030429, 0.0, 0.060858, -0.060858, 0.0, -0.121716, 0.091287, -0.060858, 0.030429, 0.060858, 0.030429, -0.091287, 0.0, -0.030429, 0.030429, 0.0, -0.060858, -0.060858, -0.060858, 0.0, -0.030429, -0.030429, 0.0, -0.030429, -0.060858, 0.0, 0.030429, 0.0, 0.060858, -0.030429, 0.0, 0.0, -0.060858, 0.060858, -0.091287, -0.030429, -0.030429, -0.030429, 0.030429, 0.0, 0.0, 0.030429, 0.030429, -0.030429, -0.060858, 0.0, 0.0, 0.060858, -0.030429, -0.030429, -0.060858, 0.152145, -0.091287, -0.060858, 0.030429, -0.060858, -0.060858, 0.0, 0.0, -0.030429, 0.0, -0.030429, 0.0, -0.060858, 0.0, 0.0, 0.030429, 0.0, -0.030429, -0.060858, 0.030429, -0.060858, 0.030429, 0.060858, 0.0, 0.060858, 0.121716, 0.0, -0.030429, -0.060858, 0.0, 0.060858, -0.091287, 0.0, -0.030429, 0.030429, 0.060858, -0.030429, -0.060858, 0.030429, -0.091287, 0.091287, -0.060858, 0.0, -0.091287, 0.0, -0.030429, 0.091287, -0.060858, -0.030429, 0.091287, -0.030429, 0.030429, -0.030429, 0.030429, 0.091287, 0.060858, 0.030429, -0.030429, 0.060858, 0.060858, 0.0, -0.060858, 0.060858, 0.030429, 0.030429, 0.0, 0.121716, -0.030429, 0.030429, -0.060858, 0.060858, -0.060858, 0.0, 0.030429, -0.030429, 0.0, -0.152145, -0.060858, 0.0, 0.0, -0.030429, 0.0, 0.030429, -0.121716, 0.030429, 0.0, 0.060858, -0.030429, 0.0, 0.0, -0.030429, 0.060858, -0.121716, -0.060858, 0.182574, -0.121716, 0.0, 0.030429, 0.0, -0.060858, -0.152145, -0.091287, -0.030429, 0.0, 0.030429, -0.030429, 0.0, -0.030429, 0.0, 0.0, 0.091287, 0.060858, 0.0, -0.030429, 0.030429, 0.0, 0.0, 0.030429, -0.030429, 0.030429, -0.030429, -0.030429, 0.030429, -0.060858, -0.060858, 0.030429, 0.060858, 0.0, 0.0, -0.030429, 0.0, 0.060858, -0.060858, 0.030429, 0.0, -0.030429, 0.091287, -0.091287, 0.030429, -0.030429, -0.091287, 0.030429, -0.091287, 0.0, -0.030429, 0.0, 0.0, 0.0, 0.030429, -0.030429, 0.0, 0.091287, 0.091287, -0.030429, 0.0, 0.060858, 0.0, 0.0, -0.030429, -0.030429, 0.060858, -0.030429, -0.091287, 0.0, 0.030429, 0.0, -0.091287, 0.030429, -0.030429, 0.0, 0.030429, 0.060858, 0.0, 0.0, 0.060858, 0.060858, -0.060858, 0.0, 0.060858, -0.091287, -0.030429, -0.091287, -0.030429, 0.0, -0.030429, 0.030429, 0.030429, 0.0, -0.030429, -0.060858, 0.091287, -0.091287, 0.091287, -0.030429, 0.060858, 0.0, 0.0, -0.060858, 0.152145, -0.030429, 0.060858, 0.060858, -0.060858, 0.0, 0.030429, 0.030429, 0.030429, 0.030429, 0.0, 0.060858, 0.0, -0.060858, 0.0, 0.030429, 0.0, 0.0, -0.060858, 0.0, 0.0, 0.030429, -0.060858, -0.030429, -0.030429, 0.0, 0.0, 0.0, 0.0, 0.091287, 0.0, 0.030429, 0.0, 0.030429, 0.0, 0.0, -0.030429, 0.0, -0.213003, 0.030429, -0.030429, 0.030429, -0.060858, 0.030429, 0.030429, -0.060858, 0.0, -0.030429, 0.0, 0.0, 0.0, -0.030429, -0.030429]",12,6,6,157,205,0.586,0.6067,0.5518,0.414,1.0,0.5299,0.0,0.4965,2026-09-20T11:42:45
63002d1c-9ab2-4300-90f6-20514c4f2845,P-41FE7B6C8E,T8,low,small,google/gemma-3-4b-it,0,Neutral Engagement Agent,You have a few free days and are thinking about visiting a place in Greece you have never been before. How do you choose where to go?,"[0.05712, -0.05712, -0.02856, -0.05712, 0.02856, 0.0, 0.0, -0.114239, 0.02856, 0.0, 0.02856, 0.05712, 0.085679, 0.0, 0.02856, 0.0, -0.02856, 0.05712, 0.0, 0.0, 0.02856, -0.02856, -0.05712, -0.02856, -0.05712, 0.085679, 0.0, 0.0, -0.02856, 0.05712, -0.02856, 0.02856, -0.02856, 0.085679, 0.085679, -0.085679, 0.02856, 0.02856, 0.05712, -0.02856, 0.0, 0.0, 0.0, -0.085679, -0.02856, -0.05712, 0.0, 0.0, 0.0, -0.02856, 0.05712, 0.0, 0.0, -0.02856, 0.0, -0.02856, 0.0, 0.02856, 0.0, -0.02856, 0.02856, 0.0, -0.02856, 0.0, 0.02856, 0.0, 0.02856, -0.05712, 0.0, 0.0, 0.0, 0.0, 0.0, 0.02856, 0.02856, 0.0, 0.0, 0.05712, 0.0, 0.05712, 0.0, 0.142799, 0.0, -0.05712, -0.02856, -0.085679, 0.0, -0.142799, 0.02856, -0.085679, 0.02856, -0.05712, 0.0, 0.0, -0.02856, -0.085679, 0.085679, 0.0, -0.02856, -0.05712, 0.0, -0.05712, 0.0, 0.085679, 0.0, -0.02856, 0.0, 0.0, 0.02856, 0.0, 0.0, -0.05712, 0.02856, 0.05712, -0.085679, 0.02856, -0.02856, 0.0, -0.02856, 0.0, 0.02856, -0.05712, -0.05712, 0.0, 0.05712, 0.0, 0.02856, -0.02856, 0.0, 0.085679, -0.02856, 0.05712, 0.0, 0.199918, 0.0, -0.05712, 0.0, -0.02856, 0.0, -0.02856, -0.02856, 0.02856, -0.05712, -0.085679, 0.0, -0.02856, 0.0, -0.02856, 0.05712, 0.02856, -0.02856, -0.114239, 0.02856, -0.02856, 0.02856, 0.05712, 0.0, 0.05712, 0.114239, 0.0, 0.02856, 0.085679, -0.02856, 0.114239, -0.171359, 0.085679, 0.0, 0.0, 0.0, 0.0, 0.0, 0.05712, -0.085679, 0.142799, 0.05712, 0.02856, 0.02856, -0.085679, 0.02856, 0.02856, 0.05712, -0.05712, 0.171359, 0.0, 0.02856, 0.0, 0.05712, 0.05712, 0.0, 0.085679, 0.05712, 0.05712, 0.05712, 0.05712, -0.142799, 0.05712, 0.05712, 0.0, 0.0, 0.05712, 0.02856, 0.085679, -0.02856, 0.0, -0.02856, 0.02856, 0.05712, -0.02856, -0.02856, -0.142799, 0.02856, 0.02856, 0.085679, -0.02856, 0.05712, 0.05712, 0.0, 0.05712, -0.02856, 0.0, -0.02856, -0.02856, 0.0, -0.05712, 0.02856, 0.02856, -0.05712, 0.114239, -0.114239, 0.02856, 0.0, 0.02856, 0.0, 0.0, 0.02856, -0.02856, -0.02856, 0.02856, 0.0, -0.085679, -0.02856, 0.0, 0.02856, 0.171359, 0.114239, 0.02856, 0.02856, -0.02856, 0.05712, 0.02856, -0.02856, 0.0, 0.085679, 0.0, 0.0, 0.02856, -0.085679, -0.114239, 0.0, 0.085679, 0.02856, -0.05712, -0.02856, 0.02856, 0.02856, 0.0, 0.02856, 0.02856, 0.05712, 0.02856, -0.02856, 0.05712, 0.05712, -0.02856, 0.05712, 0.02856, 0.05712, -0.02856, -0.114239, 0.02856, -0.114239, 0.0, 0.0, -0.02856, 0.0, 0.05712, 0.0, -0.02856, -0.05712, 0.0, -0.02856, -0.05712, -0.02856, 0.02856, -0.02856, -0.05712, 0.0, 0.0, -0.02856, 0.0, -0.02856, -0.02856, 0.02856, 0.114239, 0.0, -0.02856, 0.02856, 0.02856, 0.02856, 0.02856, 0.0, 0.02856, -0.085679, 0.0, 0.05712, -0.05712, 0.0, -0.02856, 0.0, 0.02856, 0.0, 0.0, 0.05712, 0.085679, -0.05712, 0.085679, -0.05712, 0.0, 0.0, 0.0, -0.114239, 0.02856, 0.0, -0.02856, 0.02856, -0.02856, 0.05712, 0.0, 0.0, 0.02856, 0.0, 0.02856, 0.0, 0.02856, -0.02856, -0.02856, 0.02856, -0.02856, 0.0, -0.05712, -0.02856, 0.05712, -0.02856, 0.0, -0.05712, -0.02856, 0.02856, 0.0, 0.02856, 0.02856, 0.085679, 0.0, 0.0, 0.0, -0.02856, 0.02856, -0.02856, 0.0, 0.0, -0.199918, 0.05712, 0.0, 0.05712, 0.0, 0.05712, 0.02856, -0.05712, 0.05712, 0.05712, 0.05712, 0.02856, 0.0, 0.0, -0.02856]",12,6,6,93,122,0.562,0.5738,0.5292,0.438,1.0,0.22,0.25,0.526,2026-09-20T13:00:00
632f3e70-edce-42d1-8972-4ed2559190f5,P-41FE7B6C8E,T8,low,small,google/gemma-3-4b-it,0,Neutral Engagement Agent,"You are considering a short trip to another region of Greece. What kind of experience are you looking for, and how do you decide?","[0.121716, -0.030429, 0.0, -0.030429, 0.030429, 0.030429, 0.0, -0.060858, 0.0, 0.0, 0.030429, 0.030429, 0.060858, 0.030429, 0.0, -0.030429, 0.0, 0.030429, -0.091287, -0.030429, 0.030429, -0.060858, -0.121716, -0.091287, -0.030429, 0.060858, 0.0, -0.030429, 0.030429, 0.030429, 0.030429, -0.030429, 0.060858, 0.091287, 0.091287, 0.0, 0.0, 0.030429, 0.030429, -0.030429, -0.091287, 0.0, 0.030429, -0.060858, 0.0, -0.030429, 0.0, -0.030429, -0.030429, 0.0, 0.0, 0.091287, -0.030429, 0.0, 0.030429, -0.030429, 0.0, 0.0, 0.060858, -0.060858, 0.030429, -0.060858, -0.030429, 0.0, 0.0, -0.030429, 0.0, -0.060858, 0.030429, 0.0, 0.060858, -0.060858, -0.060858, 0.030429, 0.0, 0.0, 0.091287, -0.030429, 0.0, 0.0, 0.0, 0.060858, 0.030429, 0.0, 0.060858, -0.060858, 0.0, -0.121716, 0.091287, -0.060858, 0.030429, 0.060858, 0.030429, -0.091287, 0.0, -0.030429, 0.030429, 0.0, -0.060858, -0.060858, -0.060858, 0.0, -0.030429, -0.030429, 0.0, -0.030429, -0.060858, 0.0, 0.030429, 0.0, 0.060858, -0.030429, 0.0, 0.0, -0.060858, 0.060858, -0.091287, -0.030429, -0.030429, -0.030429, 0.030429, 0.0, 0.0, 0.030429, 0.030429, -0.030429, -0.060858, 0.0, 0.0, 0.060858, -0.030429, -0.030429, -0.060858, 0.152145, -0.091287, -0.060858, 0.030429, -0.060858, -0.060858, 0.0, 0.0, -0.030429, 0.0, -0.030429, 0.0, -0.060858, 0.0, 0.0, 0.030429, 0.0, -0.030429, -0.060858, 0.030429, -0.060858, 0.030429, 0.060858, 0.0, 0.060858, 0.121716, 0.0, -0.030429, -0.060858, 0.0, 0.060858, -0.091287, 0.0, -0.030429, 0.030429, 0.060858, -0.030429, -0.060858, 0.030429, -0.091287, 0.091287, -0.060858, 0.0, -0.091287, 0.0, -0.030429, 0.091287, -0.060858, -0.030429, 0.091287, -0.030429, 0.030429, -0.030429, 0.030429, 0.091287, 0.060858, 0.030429, -0.030429, 0.060858, 0.060858, 0.0, -0.060858, 0.060858, 0.030429, 0.030429, 0.0, 0.121716, -0.030429, 0.030429, -0.060858, 0.060858, -0.060858, 0.0, 0.030429, -0.030429, 0.0, -0.152145, -0.060858, 0.0, 0.0, -0.030429, 0.0, 0.030429, -0.121716, 0.030429, 0.0, 0.060858, -0.030429, 0.0, 0.0, -0.030429, 0.060858, -0.121716, -0.060858, 0.182574, -0.121716, 0.0, 0.030429, 0.0, -0.060858, -0.152145, -0.091287, -0.030429, 0.0, 0.030429, -0.030429, 0.0, -0.030429, 0.0, 0.0, 0.091287, 0.060858, 0.0, -0.030429, 0.030429, 0.0, 0.0, 0.030429, -0.030429, 0.030429, -0.030429, -0.030429, 0.030429, -0.060858, -0.060858, 0.030429, 0.060858, 0.0, 0.0, -0.030429, 0.0, 0.060858, -0.060858, 0.030429, 0.0, -0.030429, 0.091287, -0.091287, 0.030429, -0.030429, -0.091287, 0.030429, -0.091287, 0.0, -0.030429, 0.0, 0.0, 0.0, 0.030429, -0.030429, 0.0, 0.091287, 0.091287, -0.030429, 0.0, 0.060858, 0.0, 0.0, -0.030429, -0.030429, 0.060858, -0.030429, -0.091287, 0.0, 0.030429, 0.0, -0.091287, 0.030429, -0.030429, 0.0, 0.030429, 0.060858, 0.0, 0.0, 0.060858, 0.060858, -0.060858, 0.0, 0.060858, -0.091287, -0.030429, -0.091287, -0.030429, 0.0, -0.030429, 0.030429, 0.030429, 0.0, -0.030429, -0.060858, 0.091287, -0.091287, 0.091287, -0.030429, 0.060858, 0.0, 0.0, -0.060858, 0.152145, -0.030429, 0.060858, 0.060858, -0.060858, 0.0, 0.030429, 0.030429, 0.030429, 0.030429, 0.0, 0.060858, 0.0, -0.060858, 0.0, 0.030429, 0.0, 0.0, -0.060858, 0.0, 0.0, 0.030429, -0.060858, -0.030429, -0.030429, 0.0, 0.0, 0.0, 0.0, 0.091287, 0.0, 0.030429, 0.0, 0.030429, 0.0, 0.0, -0.030429, 0.0, -0.213003, 0.030429, -0.030429, 0.030429, -0.060858, 0.030429, 0.030429, -0.060858, 0.0, -0.030429, 0.0, 0.0, 0.0, -0.030429, -0.030429]",12,6,6,101,131,0.5136,0.5412,0.5499,0.4864,1.0,0.297,0.1667,0.5138,2026-09-20T12:55:37
70cf19cf-4031-495c-82a5-9e30e63eff25,P-41FE7B6C8E,T6,high,small,google/gemma-3-4b-it,1,Neutral Engagement Agent,"You receive an online order, but the delivery arrives much later than expected. How do you typically react?","[-0.0411, 0.0411, 0.0411, 0.0411, -0.0411, -0.0411, 0.0411, -0.082199, 0.0, -0.0411, 0.0, -0.0411, 0.082199, 0.0, -0.0411, 0.0, 0.0411, -0.082199, 0.0, 0.0, -0.0411, 0.0, 0.0, 0.0, 0.0, 0.0, -0.0411, -0.0411, 0.0, 0.0411, 0.0, -0.0411, 0.0, 0.082199, 0.082199, 0.0, -0.0411, 0.0411, 0.0, 0.0411, 0.0411, -0.082199, 0.0411, 0.082199, 0.0, -0.0411, 0.0, -0.0411, 0.0411, 0.0, 0.0, 0.0, -0.0411, -0.0411, 0.082199, 0.0, 0.0, 0.0411, 0.0, 0.0, 0.0, 0.0411, -0.0411, 0.0, 0.0, 0.0, -0.082199, 0.0, 0.0, 0.0, -0.0411, -0.0411, 0.0411, 0.0411, 0.0, -0.123299, 0.082199, 0.0411, 0.082199, -0.123299, 0.0, 0.082199, 0.0, -0.0411, -0.0411, -0.123299, 0.0, -0.082199, 0.0411, -0.082199, 0.0, 0.0, -0.0411, 0.0, 0.0411, 0.0411, 0.0411, 0.0, 0.0411, 0.0, 0.0, -0.082199, -0.0411, 0.0411, 0.0411, 0.0, 0.0, 0.0, 0.0, 0.0, 0.082199, 0.0411, -0.0411, 0.0411, 0.0, 0.0411, 0.082199, 0.0, 0.0, 0.0411, 0.0411, -0.0411, 0.0, 0.0411, 0.0411, 0.0411, -0.0411, -0.0411, -0.082199, 0.0, 0.082199, 0.0411, 0.0, 0.082199, 0.0411, 0.0411, -0.0411, -0.082199, 0.0, 0.0411, -0.0411, 0.0, 0.0, -0.0411, -0.164399, 0.0, 0.0411, -0.0411, 0.082199, 0.082199, -0.0411, 0.082199, -0.0411, 0.0411, -0.0411, 0.123299, -0.123299, 0.0, 0.123299, -0.0411, -0.082199, -0.123299, 0.0, 0.0, -0.123299, 0.0, 0.0, -0.0411, 0.0, -0.0411, -0.0411, 0.0, -0.0411, 0.0411, -0.0411, -0.0411, -0.0411, 0.0, 0.0, 0.0, 0.0411, -0.0411, 0.0, 0.0, 0.0, 0.0411, 0.123299, 0.082199, 0.0, 0.0, 0.0, 0.0411, 0.123299, 0.0, -0.082199, 0.082199, -0.0411, 0.0411, 0.0, 0.082199, 0.0, 0.0, 0.0, 0.0411, 0.082199, 0.0, -0.082199, 0.0, 0.0411, -0.123299, -0.082199, 0.0, 0.0, 0.0, 0.0411, 0.123299, 0.0, -0.0411, 0.0411, 0.0, 0.0, 0.0411, 0.0, -0.082199, 0.0, 0.0, 0.082199, 0.164399, -0.123299, -0.0411, 0.0, 0.0, 0.0, 0.0, -0.082199, 0.0, 0.0, 0.0, 0.0, 0.0, 0.082199, 0.0411, 0.0, 0.0, 0.0411, -0.0411, 0.0, -0.0411, 0.0, 0.0, 0.0, -0.0411, 0.0, 0.0411, 0.0411, -0.0411, 0.0, -0.082199, 0.123299, 0.0, -0.0411, 0.0, 0.0, 0.0, 0.082199, -0.082199, 0.0411, 0.0, 0.0411, 0.123299, 0.0411, -0.0411, -0.0411, 0.0, 0.0, -0.0411, 0.0, -0.0411, -0.0411, 0.0, 0.0, -0.082199, 0.0, -0.123299, 0.0, 0.082199, -0.082199, 0.0, 0.0411, 0.0411, 0.0, 0.0, 0.0, 0.082199, 0.0411, 0.0411, 0.082199, 0.0, -0.123299, 0.0, 0.0, 0.0, -0.082199, 0.082199, 0.0, -0.0411, -0.0411, 0.0, -0.0411, -0.123299, 0.0411, -0.0411, -0.123299, 0.0, 0.0, -0.082199, 0.0, 0.0, 0.0, 0.0, -0.0411, -0.0411, -0.0411, 0.0411, -0.0411, 0.123299, 0.0, 0.0, 0.0, -0.0411, 0.0411, 0.0, 0.0411, 0.0, -0.123299, -0.0411, -0.082199, 0.0, -0.0411, -0.0411, -0.0411, -0.0411, -0.0411, 0.0411, 0.0, 0.0411, 0.0, 0.0411, 0.0411, -0.082199, 0.0411, 0.082199, 0.0, 0.0411, 0.0, -0.0411, -0.082199, 0.0, -0.082199, 0.0, 0.0411, -0.0411, 0.0411, 0.0411, 0.0411, 0.0, -0.0411, 0.0, -0.082199, -0.082199, 0.0411, -0.0411, 0.0, 0.0, 0.0411, -0.0411, 0.0, 0.0, -0.0411, 0.0411, 0.0411, 0.0411, -0.0411, -0.0411]",12,6,6,72,94,0.562,0.5622,0.5053,0.438,1.0,0.3429,0.0833,0.495,2026-09-20T12:14:08
904a173b-57ee-418f-ae55-10b660c5eabb,P-41FE7B6C8E,T6,high,small,google/gemma-3-4b-it,0,Neutral Engagement Agent,"You receive an online order, but the delivery arrives much later than expected. How do you typically react?","[-0.0411, 0.0411, 0.0411, 0.0411, -0.0411, -0.0411, 0.0411, -0.082199, 0.0, -0.0411, 0.0, -0.0411, 0.082199, 0.0, -0.0411, 0.0, 0.0411, -0.082199, 0.0, 0.0, -0.0411, 0.0, 0.0, 0.0, 0.0, 0.0, -0.0411, -0.0411, 0.0, 0.0411, 0.0, -0.0411, 0.0, 0.082199, 0.082199, 0.0, -0.0411, 0.0411, 0.0, 0.0411, 0.0411, -0.082199, 0.0411, 0.082199, 0.0, -0.0411, 0.0, -0.0411, 0.0411, 0.0, 0.0, 0.0, -0.0411, -0.0411, 0.082199, 0.0, 0.0, 0.0411, 0.0, 0.0, 0.0, 0.0411, -0.0411, 0.0, 0.0, 0.0, -0.082199, 0.0, 0.0, 0.0, -0.0411, -0.0411, 0.0411, 0.0411, 0.0, -0.123299, 0.082199, 0.0411, 0.082199, -0.123299, 0.0, 0.082199, 0.0, -0.0411, -0.0411, -0.123299, 0.0, -0.082199, 0.0411, -0.082199, 0.0, 0.0, -0.0411, 0.0, 0.0411, 0.0411, 0.0411, 0.0, 0.0411, 0.0, 0.0, -0.082199, -0.0411, 0.0411, 0.0411, 0.0, 0.0, 0.0, 0.0, 0.0, 0.082199, 0.0411, -0.0411, 0.0411, 0.0, 0.0411, 0.082199, 0.0, 0.0, 0.0411, 0.0411, -0.0411, 0.0, 0.0411, 0.0411, 0.0411, -0.0411, -0.0411, -0.082199, 0.0, 0.082199, 0.0411, 0.0, 0.082199, 0.0411, 0.0411, -0.0411, -0.082199, 0.0, 0.0411, -0.0411, 0.0, 0.0, -0.0411, -0.164399, 0.0, 0.0411, -0.0411, 0.082199, 0.082199, -0.0411, 0.082199, -0.0411, 0.0411, -0.0411, 0.123299, -0.123299, 0.0, 0.123299, -0.0411, -0.082199, -0.123299, 0.0, 0.0, -0.123299, 0.0, 0.0, -0.0411, 0.0, -0.0411, -0.0411, 0.0, -0.0411, 0.0411, -0.0411, -0.0411, -0.0411, 0.0, 0.0, 0.0, 0.0411, -0.0411, 0.0, 0.0, 0.0, 0.0411, 0.123299, 0.082199, 0.0, 0.0, 0.0, 0.0411, 0.123299, 0.0, -0.082199, 0.082199, -0.0411, 0.0411, 0.0, 0.082199, 0.0, 0.0, 0.0, 0.0411, 0.082199, 0.0, -0.082199, 0.0, 0.0411, -0.123299, -0.082199, 0.0, 0.0, 0.0, 0.0411, 0.123299, 0.0, -0.0411, 0.0411, 0.0, 0.0, 0.0411, 0.0, -0.082199, 0.0, 0.0, 0.082199, 0.164399, -0.123299, -0.0411, 0.0, 0.0, 0.0, 0.0, -0.082199, 0.0, 0.0, 0.0, 0.0, 0.0, 0.082199, 0.0411, 0.0, 0.0, 0.0411, -0.0411, 0.0, -0.0411, 0.0, 0.0, 0.0, -0.0411, 0.0, 0.0411, 0.0411, -0.0411, 0.0, -0.082199, 0.123299, 0.0, -0.0411, 0.0, 0.0, 0.0, 0.082199, -0.082199, 0.0411, 0.0, 0.0411, 0.123299, 0.0411, -0.0411, -0.0411, 0.0, 0.0, -0.0411, 0.0, -0.0411, -0.0411, 0.0, 0.0, -0.082199, 0.0, -0.123299, 0.0, 0.082199, -0.082199, 0.0, 0.0411, 0.0411, 0.0, 0.0, 0.0, 0.082199, 0.0411, 0.0411, 0.082199, 0.0, -0.123299, 0.0, 0.0, 0.0, -0.082199, 0.082199, 0.0, -0.0411, -0.0411, 0.0, -0.0411, -0.123299, 0.0411, -0.0411, -0.123299, 0.0, 0.0, -0.082199, 0.0, 0.0, 0.0, 0.0, -0.0411, -0.0411, -0.0411, 0.0411, -0.0411, 0.123299, 0.0, 0.0, 0.0, -0.0411, 0.0411, 0.0, 0.0411, 0.0, -0.123299, -0.0411, -0.082199, 0.0, -0.0411, -0.0411, -0.0411, -0.0411, -0.0411, 0.0411, 0.0, 0.0411, 0.0, 0.0411, 0.0411, -0.082199, 0.0411, 0.082199, 0.0, 0.0411, 0.0, -0.0411, -0.082199, 0.0, -0.082199, 0.0, 0.0411, -0.0411, 0.0411, 0.0411, 0.0411, 0.0, -0.0411, 0.0, -0.082199, -0.082199, 0.0411, -0.0411, 0.0, 0.0, 0.0411, -0.0411, 0.0, 0.0, -0.0411, 0.0411, 0.0411, 0.0411, -0.0411, -0.0411]",12,6,6,74,96,0.5576,0.576,0.4815,0.4424,1.0,0.3333,0.3333,0.5261,2026-09-20T12:47:33
a26c8d6a-8ecf-42e0-a509-5697e61464b1,P-41FE7B6C8E,T6,high,medium,google/gemma-4-31b-it,0,Neutral Engagement Agent,"You receive an online order, but one of the products arrives damaged. How do you typically handle the situation?","[-0.03732, 0.0, 0.074639, 0.03732, -0.03732, 0.0, 0.074639, -0.074639, 0.0, -0.03732, 0.0, 0.0, 0.074639, 0.0, -0.074639, -0.03732, 0.03732, -0.03732, 0.0, 0.0, -0.03732, -0.03732, 0.0, 0.0, -0.03732, 0.0, 0.0, 0.0, 0.0, 0.0, 0.0, -0.03732, 0.0, 0.074639, 0.074639, 0.0, -0.03732, 0.0, 0.0, 0.0, 0.03732, -0.03732, 0.03732, 0.074639, 0.03732, -0.03732, 0.03732, -0.03732, 0.074639, 0.0, -0.03732, 0.03732, -0.03732, -0.074639, 0.03732, 0.0, 0.0, 0.03732, 0.03732, 0.0, 0.0, 0.0, -0.074639, 0.0, 0.0, 0.0, -0.074639, 0.03732, 0.0, 0.0, -0.03732, -0.111959, 0.03732, 0.0, 0.0, -0.111959, 0.074639, 0.111959, 0.0, -0.074639, 0.0, 0.074639, 0.0, -0.03732, 0.0, -0.074639, -0.03732, -0.074639, 0.074639, -0.111959, 0.0, 0.03732, -0.03732, -0.074639, -0.03732, 0.03732, 0.0, 0.0, 0.03732, -0.03732, 0.0, 0.03732, 0.0, 0.03732, 0.03732, 0.03732, 0.0, 0.03732, 0.03732, 0.0, 0.074639, 0.0, 0.0, 0.0, -0.03732, 0.0, 0.111959, 0.0, -0.074639, 0.0, 0.0, -0.03732, 0.03732, 0.0, 0.0, 0.0, -0.074639, -0.03732, -0.03732, 0.0, 0.111959, 0.03732, -0.074639, 0.111959, 0.03732, 0.0, -0.03732, -0.074639, 0.0, 0.0, 0.0, 0.03732, 0.0, -0.03732, -0.074639, 0.0, 0.03732, 0.0, 0.074639, 0.03732, 0.03732, 0.03732, 0.0, 0.03732, -0.03732, 0.111959, -0.074639, -0.03732, 0.111959, 0.0, -0.074639, -0.074639, 0.0, 0.03732, -0.111959, 0.0, -0.03732, 0.0, -0.03732, -0.03732, -0.03732, 0.0, -0.03732, 0.111959, -0.03732, -0.074639, -0.03732, 0.0, 0.0, 0.0, 0.111959, -0.03732, 0.0, -0.074639, 0.0, 0.074639, 0.111959, 0.111959, -0.111959, 0.0, 0.03732, 0.03732, 0.149279, 0.0, -0.074639, 0.03732, -0.03732, 0.0, 0.0, -0.03732, 0.0, 0.0, 0.0, 0.03732, 0.074639, 0.0, -0.074639, 0.0, 0.03732, -0.111959, -0.03732, 0.074639, -0.03732, -0.074639, 0.0, 0.074639, -0.074639, -0.074639, 0.074639, -0.03732, 0.0, 0.03732, 0.0, -0.074639, 0.0, -0.03732, 0.0, 0.111959, -0.111959, 0.0, -0.074639, 0.03732, 0.03732, -0.03732, -0.074639, 0.0, 0.0, 0.0, 0.0, 0.03732, 0.111959, 0.0, 0.0, 0.03732, 0.03732, 0.0, 0.0, 0.03732, 0.0, 0.0, 0.0, 0.0, 0.0, 0.074639, 0.0, -0.03732, -0.03732, -0.074639, 0.0, 0.111959, -0.074639, 0.0, 0.0, -0.03732, 0.074639, -0.074639, 0.111959, 0.0, 0.03732, 0.111959, 0.074639, -0.186598, -0.03732, 0.0, 0.0, -0.03732, -0.03732, -0.03732, 0.0, -0.03732, 0.03732, -0.074639, 0.0, -0.074639, 0.111959, 0.03732, -0.03732, 0.0, 0.03732, 0.03732, 0.0, 0.0, 0.0, 0.074639, 0.0, 0.03732, 0.074639, 0.0, -0.03732, 0.03732, 0.03732, 0.0, -0.074639, 0.03732, 0.0, 0.03732, -0.074639, 0.0, 0.0, 0.0, 0.0, -0.074639, -0.074639, 0.0, -0.074639, -0.03732, -0.074639, -0.03732, 0.0, 0.0, -0.03732, 0.03732, -0.111959, 0.0, 0.0, 0.074639, -0.074639, 0.0, 0.0, 0.0, 0.0, 0.03732, 0.03732, 0.03732, 0.0, -0.03732, -0.03732, 0.0, -0.03732, -0.03732, 0.03732, -0.03732, -0.149279, 0.03732, -0.03732, 0.0, 0.0, 0.074639, 0.03732, 0.0, 0.03732, 0.111959, 0.0, 0.074639, 0.0, -0.074639, 0.0, 0.0, -0.074639, 0.0, 0.074639, -0.03732, 0.0, 0.0, 0.074639, 0.03732, -0.03732, 0.03732, -0.111959, -0.074639, 0.074639, -0.111959, 0.0, 0.03732, 0.03732, -0.03732, 0.074639, 0.0, 0.0, 0.03732, 0.0, 0.0, -0.03732, -0.03732]",12,6,6,106,138,0.5178,0.5319,0.5488,0.4822,1.0,0.4227,0.0833,0.5015,2026-09-20T12:09:31
a60ea790-c49f-41e1-8e30-9f825e8d0ce5,P-41FE7B6C8E,T8,low,medium,google/gemma-4-31b-it,0,Neutral Engagement Agent,You have a few free days and are thinking about visiting a place in Greece you have never been before. How do you choose where to go?,"[0.05712, -0.05712, -0.02856, -0.05712, 0.02856, 0.0, 0.0, -0.114239, 0.02856, 0.0, 0.02856, 0.05712, 0.085679, 0.0, 0.02856, 0.0, -0.02856, 0.05712, 0.0, 0.0, 0.02856, -0.02856, -0.05712, -0.02856, -0.05712, 0.085679, 0.0, 0.0, -0.02856, 0.05712, -0.02856, 0.02856, -0.02856, 0.085679, 0.085679, -0.085679, 0.02856, 0.02856, 0.05712, -0.02856, 0.0, 0.0, 0.0, -0.085679, -0.02856, -0.05712, 0.0, 0.0, 0.0, -0.02856, 0.05712, 0.0, 0.0, -0.02856, 0.0, -0.02856, 0.0, 0.02856, 0.0, -0.02856, 0.02856, 0.0, -0.02856, 0.0, 0.02856, 0.0, 0.02856, -0.05712, 0.0, 0.0, 0.0, 0.0, 0.0, 0.02856, 0.02856, 0.0, 0.0, 0.05712, 0.0, 0.05712, 0.0, 0.142799, 0.0, -0.05712, -0.02856, -0.085679, 0.0, -0.142799, 0.02856, -0.085679, 0.02856, -0.05712, 0.0, 0.0, -0.02856, -0.085679, 0.085679, 0.0, -0.02856, -0.05712, 0.0, -0.05712, 0.0, 0.085679, 0.0, -0.02856, 0.0, 0.0, 0.02856, 0.0, 0.0, -0.05712, 0.02856, 0.05712, -0.085679, 0.02856, -0.02856, 0.0, -0.02856, 0.0, 0.02856, -0.05712, -0.05712, 0.0, 0.05712, 0.0, 0.02856, -0.02856, 0.0, 0.085679, -0.02856, 0.05712, 0.0, 0.199918, 0.0, -0.05712, 0.0, -0.02856, 0.0, -0.02856, -0.02856, 0.02856, -0.05712, -0.085679, 0.0, -0.02856, 0.0, -0.02856, 0.05712, 0.02856, -0.02856, -0.114239, 0.02856, -0.02856, 0.02856, 0.05712, 0.0, 0.05712, 0.114239, 0.0, 0.02856, 0.085679, -0.02856, 0.114239, -0.171359, 0.085679, 0.0, 0.0, 0.0, 0.0, 0.0, 0.05712, -0.085679, 0.142799, 0.05712, 0.02856, 0.02856, -0.085679, 0.02856, 0.02856, 0.05712, -0.05712, 0.171359, 0.0, 0.02856, 0.0, 0.05712, 0.05712, 0.0, 0.085679, 0.05712, 0.05712, 0.05712, 0.05712, -0.142799, 0.05712, 0.05712, 0.0, 0.0, 0.05712, 0.02856, 0.085679, -0.02856, 0.0, -0.02856, 0.02856, 0.05712, -0.02856, -0.02856, -0.142799, 0.02856, 0.02856, 0.085679, -0.02856, 0.05712, 0.05712, 0.0, 0.05712, -0.02856, 0.0, -0.02856, -0.02856, 0.0, -0.05712, 0.02856, 0.02856, -0.05712, 0.114239, -0.114239, 0.02856, 0.0, 0.02856, 0.0, 0.0, 0.02856, -0.02856, -0.02856, 0.02856, 0.0, -0.085679, -0.02856, 0.0, 0.02856, 0.171359, 0.114239, 0.02856, 0.02856, -0.02856, 0.05712, 0.02856, -0.02856, 0.0, 0.085679, 0.0, 0.0, 0.02856, -0.085679, -0.114239, 0.0, 0.085679, 0.02856, -0.05712, -0.02856, 0.02856, 0.02856, 0.0, 0.02856, 0.02856, 0.05712, 0.02856, -0.02856, 0.05712, 0.05712, -0.02856, 0.05712, 0.02856, 0.05712, -0.02856, -0.114239, 0.02856, -0.114239, 0.0, 0.0, -0.02856, 0.0, 0.05712, 0.0, -0.02856, -0.05712, 0.0, -0.02856, -0.05712, -0.02856, 0.02856, -0.02856, -0.05712, 0.0, 0.0, -0.02856, 0.0, -0.02856, -0.02856, 0.02856, 0.114239, 0.0, -0.02856, 0.02856, 0.02856, 0.02856, 0.02856, 0.0, 0.02856, -0.085679, 0.0, 0.05712, -0.05712, 0.0, -0.02856, 0.0, 0.02856, 0.0, 0.0, 0.05712, 0.085679, -0.05712, 0.085679, -0.05712, 0.0, 0.0, 0.0, -0.114239, 0.02856, 0.0, -0.02856, 0.02856, -0.02856, 0.05712, 0.0, 0.0, 0.02856, 0.0, 0.02856, 0.0, 0.02856, -0.02856, -0.02856, 0.02856, -0.02856, 0.0, -0.05712, -0.02856, 0.05712, -0.02856, 0.0, -0.05712, -0.02856, 0.02856, 0.0, 0.02856, 0.02856, 0.085679, 0.0, 0.0, 0.0, -0.02856, 0.02856, -0.02856, 0.0, 0.0, -0.199918, 0.05712, 0.0, 0.05712, 0.0, 0.05712, 0.02856, -0.05712, 0.05712, 0.05712, 0.05712, 0.02856, 0.0, 0.0, -0.02856]",12,6,6,133,174,0.5074,0.5593,0.5595,0.4926,1.0,0.5398,0.0833,0.5031,2026-09-20T11:54:06
bf12adc9-6206-4dc7-bfd7-db540e3bc125,P-41FE7B6C8E,T8,low,small,google/gemma-3-4b-it,1,Neutral Engagement Agent,You have a few free days and are thinking about visiting a place in Greece you have never been before. How do you choose where to go?,"[0.05712, -0.05712, -0.02856, -0.05712, 0.02856, 0.0, 0.0, -0.114239, 0.02856, 0.0, 0.02856, 0.05712, 0.085679, 0.0, 0.02856, 0.0, -0.02856, 0.05712, 0.0, 0.0, 0.02856, -0.02856, -0.05712, -0.02856, -0.05712, 0.085679, 0.0, 0.0, -0.02856, 0.05712, -0.02856, 0.02856, -0.02856, 0.085679, 0.085679, -0.085679, 0.02856, 0.02856, 0.05712, -0.02856, 0.0, 0.0, 0.0, -0.085679, -0.02856, -0.05712, 0.0, 0.0, 0.0, -0.02856, 0.05712, 0.0, 0.0, -0.02856, 0.0, -0.02856, 0.0, 0.02856, 0.0, -0.02856, 0.02856, 0.0, -0.02856, 0.0, 0.02856, 0.0, 0.02856, -0.05712, 0.0, 0.0, 0.0, 0.0, 0.0, 0.02856, 0.02856, 0.0, 0.0, 0.05712, 0.0, 0.05712, 0.0, 0.142799, 0.0, -0.05712, -0.02856, -0.085679, 0.0, -0.142799, 0.02856, -0.085679, 0.02856, -0.05712, 0.0, 0.0, -0.02856, -0.085679, 0.085679, 0.0, -0.02856, -0.05712, 0.0, -0.05712, 0.0, 0.085679, 0.0, -0.02856, 0.0, 0.0, 0.02856, 0.0, 0.0, -0.05712, 0.02856, 0.05712, -0.085679, 0.02856, -0.02856, 0.0, -0.02856, 0.0, 0.02856, -0.05712, -0.05712, 0.0, 0.05712, 0.0, 0.02856, -0.02856, 0.0, 0.085679, -0.02856, 0.05712, 0.0, 0.199918, 0.0, -0.05712, 0.0, -0.02856, 0.0, -0.02856, -0.02856, 0.02856, -0.05712, -0.085679, 0.0, -0.02856, 0.0, -0.02856, 0.05712, 0.02856, -0.02856, -0.114239, 0.02856, -0.02856, 0.02856, 0.05712, 0.0, 0.05712, 0.114239, 0.0, 0.02856, 0.085679, -0.02856, 0.114239, -0.171359, 0.085679, 0.0, 0.0, 0.0, 0.0, 0.0, 0.05712, -0.085679, 0.142799, 0.05712, 0.02856, 0.02856, -0.085679, 0.02856, 0.02856, 0.05712, -0.05712, 0.171359, 0.0, 0.02856, 0.0, 0.05712, 0.05712, 0.0, 0.085679, 0.05712, 0.05712, 0.05712, 0.05712, -0.142799, 0.05712, 0.05712, 0.0, 0.0, 0.05712, 0.02856, 0.085679, -0.02856, 0.0, -0.02856, 0.02856, 0.05712, -0.02856, -0.02856, -0.142799, 0.02856, 0.02856, 0.085679, -0.02856, 0.05712, 0.05712, 0.0, 0.05712, -0.02856, 0.0, -0.02856, -0.02856, 0.0, -0.05712, 0.02856, 0.02856, -0.05712, 0.114239, -0.114239, 0.02856, 0.0, 0.02856, 0.0, 0.0, 0.02856, -0.02856, -0.02856, 0.02856, 0.0, -0.085679, -0.02856, 0.0, 0.02856, 0.171359, 0.114239, 0.02856, 0.02856, -0.02856, 0.05712, 0.02856, -0.02856, 0.0, 0.085679, 0.0, 0.0, 0.02856, -0.085679, -0.114239, 0.0, 0.085679, 0.02856, -0.05712, -0.02856, 0.02856, 0.02856, 0.0, 0.02856, 0.02856, 0.05712, 0.02856, -0.02856, 0.05712, 0.05712, -0.02856, 0.05712, 0.02856, 0.05712, -0.02856, -0.114239, 0.02856, -0.114239, 0.0, 0.0, -0.02856, 0.0, 0.05712, 0.0, -0.02856, -0.05712, 0.0, -0.02856, -0.05712, -0.02856, 0.02856, -0.02856, -0.05712, 0.0, 0.0, -0.02856, 0.0, -0.02856, -0.02856, 0.02856, 0.114239, 0.0, -0.02856, 0.02856, 0.02856, 0.02856, 0.02856, 0.0, 0.02856, -0.085679, 0.0, 0.05712, -0.05712, 0.0, -0.02856, 0.0, 0.02856, 0.0, 0.0, 0.05712, 0.085679, -0.05712, 0.085679, -0.05712, 0.0, 0.0, 0.0, -0.114239, 0.02856, 0.0, -0.02856, 0.02856, -0.02856, 0.05712, 0.0, 0.0, 0.02856, 0.0, 0.02856, 0.0, 0.02856, -0.02856, -0.02856, 0.02856, -0.02856, 0.0, -0.05712, -0.02856, 0.05712, -0.02856, 0.0, -0.05712, -0.02856, 0.02856, 0.0, 0.02856, 0.02856, 0.085679, 0.0, 0.0, 0.0, -0.02856, 0.02856, -0.02856, 0.0, 0.0, -0.199918, 0.05712, 0.0, 0.05712, 0.0, 0.05712, 0.02856, -0.05712, 0.05712, 0.05712, 0.05712, 0.02856, 0.0, 0.0, -0.02856]",12,6,6,73,96,0.5487,0.5406,0.508,0.4513,1.0,0.3913,0.1667,0.5069,2026-09-20T13:03:09
ca9d5c43-4dee-4b72-a115-100d21158992,P-41FE7B6C8E,T8,low,small,google/gemma-3-4b-it,1,Neutral Engagement Agent,"You are considering a short trip to another region of Greece. What kind of experience are you looking for, and how do you decide?","[0.121716, -0.030429, 0.0, -0.030429, 0.030429, 0.030429, 0.0, -0.060858, 0.0, 0.0, 0.030429, 0.030429, 0.060858, 0.030429, 0.0, -0.030429, 0.0, 0.030429, -0.091287, -0.030429, 0.030429, -0.060858, -0.121716, -0.091287, -0.030429, 0.060858, 0.0, -0.030429, 0.030429, 0.030429, 0.030429, -0.030429, 0.060858, 0.091287, 0.091287, 0.0, 0.0, 0.030429, 0.030429, -0.030429, -0.091287, 0.0, 0.030429, -0.060858, 0.0, -0.030429, 0.0, -0.030429, -0.030429, 0.0, 0.0, 0.091287, -0.030429, 0.0, 0.030429, -0.030429, 0.0, 0.0, 0.060858, -0.060858, 0.030429, -0.060858, -0.030429, 0.0, 0.0, -0.030429, 0.0, -0.060858, 0.030429, 0.0, 0.060858, -0.060858, -0.060858, 0.030429, 0.0, 0.0, 0.091287, -0.030429, 0.0, 0.0, 0.0, 0.060858, 0.030429, 0.0, 0.060858, -0.060858, 0.0, -0.121716, 0.091287, -0.060858, 0.030429, 0.060858, 0.030429, -0.091287, 0.0, -0.030429, 0.030429, 0.0, -0.060858, -0.060858, -0.060858, 0.0, -0.030429, -0.030429, 0.0, -0.030429, -0.060858, 0.0, 0.030429, 0.0, 0.060858, -0.030429, 0.0, 0.0, -0.060858, 0.060858, -0.091287, -0.030429, -0.030429, -0.030429, 0.030429, 0.0, 0.0, 0.030429, 0.030429, -0.030429, -0.060858, 0.0, 0.0, 0.060858, -0.030429, -0.030429, -0.060858, 0.152145, -0.091287, -0.060858, 0.030429, -0.060858, -0.060858, 0.0, 0.0, -0.030429, 0.0, -0.030429, 0.0, -0.060858, 0.0, 0.0, 0.030429, 0.0, -0.030429, -0.060858, 0.030429, -0.060858, 0.030429, 0.060858, 0.0, 0.060858, 0.121716, 0.0, -0.030429, -0.060858, 0.0, 0.060858, -0.091287, 0.0, -0.030429, 0.030429, 0.060858, -0.030429, -0.060858, 0.030429, -0.091287, 0.091287, -0.060858, 0.0, -0.091287, 0.0, -0.030429, 0.091287, -0.060858, -0.030429, 0.091287, -0.030429, 0.030429, -0.030429, 0.030429, 0.091287, 0.060858, 0.030429, -0.030429, 0.060858, 0.060858, 0.0, -0.060858, 0.060858, 0.030429, 0.030429, 0.0, 0.121716, -0.030429, 0.030429, -0.060858, 0.060858, -0.060858, 0.0, 0.030429, -0.030429, 0.0, -0.152145, -0.060858, 0.0, 0.0, -0.030429, 0.0, 0.030429, -0.121716, 0.030429, 0.0, 0.060858, -0.030429, 0.0, 0.0, -0.030429, 0.060858, -0.121716, -0.060858, 0.182574, -0.121716, 0.0, 0.030429, 0.0, -0.060858, -0.152145, -0.091287, -0.030429, 0.0, 0.030429, -0.030429, 0.0, -0.030429, 0.0, 0.0, 0.091287, 0.060858, 0.0, -0.030429, 0.030429, 0.0, 0.0, 0.030429, -0.030429, 0.030429, -0.030429, -0.030429, 0.030429, -0.060858, -0.060858, 0.030429, 0.060858, 0.0, 0.0, -0.030429, 0.0, 0.060858, -0.060858, 0.030429, 0.0, -0.030429, 0.091287, -0.091287, 0.030429, -0.030429, -0.091287, 0.030429, -0.091287, 0.0, -0.030429, 0.0, 0.0, 0.0, 0.030429, -0.030429, 0.0, 0.091287, 0.091287, -0.030429, 0.0, 0.060858, 0.0, 0.0, -0.030429, -0.030429, 0.060858, -0.030429, -0.091287, 0.0, 0.030429, 0.0, -0.091287, 0.030429, -0.030429, 0.0, 0.030429, 0.060858, 0.0, 0.0, 0.060858, 0.060858, -0.060858, 0.0, 0.060858, -0.091287, -0.030429, -0.091287, -0.030429, 0.0, -0.030429, 0.030429, 0.030429, 0.0, -0.030429, -0.060858, 0.091287, -0.091287, 0.091287, -0.030429, 0.060858, 0.0, 0.0, -0.060858, 0.152145, -0.030429, 0.060858, 0.060858, -0.060858, 0.0, 0.030429, 0.030429, 0.030429, 0.030429, 0.0, 0.060858, 0.0, -0.060858, 0.0, 0.030429, 0.0, 0.0, -0.060858, 0.0, 0.0, 0.030429, -0.060858, -0.030429, -0.030429, 0.0, 0.0, 0.0, 0.0, 0.091287, 0.0, 0.030429, 0.0, 0.030429, 0.0, 0.0, -0.030429, 0.0, -0.213003, 0.030429, -0.030429, 0.030429, -0.060858, 0.030429, 0.030429, -0.060858, 0.0, -0.030429, 0.0, 0.0, 0.0, -0.030429, -0.030429]",12,6,6,78,101,0.5255,0.5428,0.5165,0.4745,1.0,0.2469,0.25,0.5192,2026-09-20T13:06:37
cc7a8963-fc61-4cd5-9615-903ea975e0be,P-41FE7B6C8E,T6,high,small,google/gemma-3-4b-it,1,Neutral Engagement Agent,"You receive an online order, but one of the products arrives damaged. How do you typically handle the situation?","[-0.03732, 0.0, 0.074639, 0.03732, -0.03732, 0.0, 0.074639, -0.074639, 0.0, -0.03732, 0.0, 0.0, 0.074639, 0.0, -0.074639, -0.03732, 0.03732, -0.03732, 0.0, 0.0, -0.03732, -0.03732, 0.0, 0.0, -0.03732, 0.0, 0.0, 0.0, 0.0, 0.0, 0.0, -0.03732, 0.0, 0.074639, 0.074639, 0.0, -0.03732, 0.0, 0.0, 0.0, 0.03732, -0.03732, 0.03732, 0.074639, 0.03732, -0.03732, 0.03732, -0.03732, 0.074639, 0.0, -0.03732, 0.03732, -0.03732, -0.074639, 0.03732, 0.0, 0.0, 0.03732, 0.03732, 0.0, 0.0, 0.0, -0.074639, 0.0, 0.0, 0.0, -0.074639, 0.03732, 0.0, 0.0, -0.03732, -0.111959, 0.03732, 0.0, 0.0, -0.111959, 0.074639, 0.111959, 0.0, -0.074639, 0.0, 0.074639, 0.0, -0.03732, 0.0, -0.074639, -0.03732, -0.074639, 0.074639, -0.111959, 0.0, 0.03732, -0.03732, -0.074639, -0.03732, 0.03732, 0.0, 0.0, 0.03732, -0.03732, 0.0, 0.03732, 0.0, 0.03732, 0.03732, 0.03732, 0.0, 0.03732, 0.03732, 0.0, 0.074639, 0.0, 0.0, 0.0, -0.03732, 0.0, 0.111959, 0.0, -0.074639, 0.0, 0.0, -0.03732, 0.03732, 0.0, 0.0, 0.0, -0.074639, -0.03732, -0.03732, 0.0, 0.111959, 0.03732, -0.074639, 0.111959, 0.03732, 0.0, -0.03732, -0.074639, 0.0, 0.0, 0.0, 0.03732, 0.0, -0.03732, -0.074639, 0.0, 0.03732, 0.0, 0.074639, 0.03732, 0.03732, 0.03732, 0.0, 0.03732, -0.03732, 0.111959, -0.074639, -0.03732, 0.111959, 0.0, -0.074639, -0.074639, 0.0, 0.03732, -0.111959, 0.0, -0.03732, 0.0, -0.03732, -0.03732, -0.03732, 0.0, -0.03732, 0.111959, -0.03732, -0.074639, -0.03732, 0.0, 0.0, 0.0, 0.111959, -0.03732, 0.0, -0.074639, 0.0, 0.074639, 0.111959, 0.111959, -0.111959, 0.0, 0.03732, 0.03732, 0.149279, 0.0, -0.074639, 0.03732, -0.03732, 0.0, 0.0, -0.03732, 0.0, 0.0, 0.0, 0.03732, 0.074639, 0.0, -0.074639, 0.0, 0.03732, -0.111959, -0.03732, 0.074639, -0.03732, -0.074639, 0.0, 0.074639, -0.074639, -0.074639, 0.074639, -0.03732, 0.0, 0.03732, 0.0, -0.074639, 0.0, -0.03732, 0.0, 0.111959, -0.111959, 0.0, -0.074639, 0.03732, 0.03732, -0.03732, -0.074639, 0.0, 0.0, 0.0, 0.0, 0.03732, 0.111959, 0.0, 0.0, 0.03732, 0.03732, 0.0, 0.0, 0.03732, 0.0, 0.0, 0.0, 0.0, 0.0, 0.074639, 0.0, -0.03732, -0.03732, -0.074639, 0.0, 0.111959, -0.074639, 0.0, 0.0, -0.03732, 0.074639, -0.074639, 0.111959, 0.0, 0.03732, 0.111959, 0.074639, -0.186598, -0.03732, 0.0, 0.0, -0.03732, -0.03732, -0.03732, 0.0, -0.03732, 0.03732, -0.074639, 0.0, -0.074639, 0.111959, 0.03732, -0.03732, 0.0, 0.03732, 0.03732, 0.0, 0.0, 0.0, 0.074639, 0.0, 0.03732, 0.074639, 0.0, -0.03732, 0.03732, 0.03732, 0.0, -0.074639, 0.03732, 0.0, 0.03732, -0.074639, 0.0, 0.0, 0.0, 0.0, -0.074639, -0.074639, 0.0, -0.074639, -0.03732, -0.074639, -0.03732, 0.0, 0.0, -0.03732, 0.03732, -0.111959, 0.0, 0.0, 0.074639, -0.074639, 0.0, 0.0, 0.0, 0.0, 0.03732, 0.03732, 0.03732, 0.0, -0.03732, -0.03732, 0.0, -0.03732, -0.03732, 0.03732, -0.03732, -0.149279, 0.03732, -0.03732, 0.0, 0.0, 0.074639, 0.03732, 0.0, 0.03732, 0.111959, 0.0, 0.074639, 0.0, -0.074639, 0.0, 0.0, -0.074639, 0.0, 0.074639, -0.03732, 0.0, 0.0, 0.074639, 0.03732, -0.03732, 0.03732, -0.111959, -0.074639, 0.074639, -0.111959, 0.0, 0.03732, 0.03732, -0.03732, 0.074639, 0.0, 0.0, 0.03732, 0.0, 0.0, -0.03732, -0.03732]",12,6,6,70,89,0.5411,0.5412,0.5067,0.4589,1.0,0.5614,0.25,0.5183,2026-09-20T12:17:38
ddf2c467-8347-4034-a76c-ff2f4769ea1b,P-41FE7B6C8E,T6,high,medium,google/gemma-4-31b-it,1,Neutral Engagement Agent,"You receive an online order, but the delivery arrives much later than expected. How do you typically react?","[-0.0411, 0.0411, 0.0411, 0.0411, -0.0411, -0.0411, 0.0411, -0.082199, 0.0, -0.0411, 0.0, -0.0411, 0.082199, 0.0, -0.0411, 0.0, 0.0411, -0.082199, 0.0, 0.0, -0.0411, 0.0, 0.0, 0.0, 0.0, 0.0, -0.0411, -0.0411, 0.0, 0.0411, 0.0, -0.0411, 0.0, 0.082199, 0.082199, 0.0, -0.0411, 0.0411, 0.0, 0.0411, 0.0411, -0.082199, 0.0411, 0.082199, 0.0, -0.0411, 0.0, -0.0411, 0.0411, 0.0, 0.0, 0.0, -0.0411, -0.0411, 0.082199, 0.0, 0.0, 0.0411, 0.0, 0.0, 0.0, 0.0411, -0.0411, 0.0, 0.0, 0.0, -0.082199, 0.0, 0.0, 0.0, -0.0411, -0.0411, 0.0411, 0.0411, 0.0, -0.123299, 0.082199, 0.0411, 0.082199, -0.123299, 0.0, 0.082199, 0.0, -0.0411, -0.0411, -0.123299, 0.0, -0.082199, 0.0411, -0.082199, 0.0, 0.0, -0.0411, 0.0, 0.0411, 0.0411, 0.0411, 0.0, 0.0411, 0.0, 0.0, -0.082199, -0.0411, 0.0411, 0.0411, 0.0, 0.0, 0.0, 0.0, 0.0, 0.082199, 0.0411, -0.0411, 0.0411, 0.0, 0.0411, 0.082199, 0.0, 0.0, 0.0411, 0.0411, -0.0411, 0.0, 0.0411, 0.0411, 0.0411, -0.0411, -0.0411, -0.082199, 0.0, 0.082199, 0.0411, 0.0, 0.082199, 0.0411, 0.0411, -0.0411, -0.082199, 0.0, 0.0411, -0.0411, 0.0, 0.0, -0.0411, -0.164399, 0.0, 0.0411, -0.0411, 0.082199, 0.082199, -0.0411, 0.082199, -0.0411, 0.0411, -0.0411, 0.123299, -0.123299, 0.0, 0.123299, -0.0411, -0.082199, -0.123299, 0.0, 0.0, -0.123299, 0.0, 0.0, -0.0411, 0.0, -0.0411, -0.0411, 0.0, -0.0411, 0.0411, -0.0411, -0.0411, -0.0411, 0.0, 0.0, 0.0, 0.0411, -0.0411, 0.0, 0.0, 0.0, 0.0411, 0.123299, 0.082199, 0.0, 0.0, 0.0, 0.0411, 0.123299, 0.0, -0.082199, 0.082199, -0.0411, 0.0411, 0.0, 0.082199, 0.0, 0.0, 0.0, 0.0411, 0.082199, 0.0, -0.082199, 0.0, 0.0411, -0.123299, -0.082199, 0.0, 0.0, 0.0, 0.0411, 0.123299, 0.0, -0.0411, 0.0411, 0.0, 0.0, 0.0411, 0.0, -0.082199, 0.0, 0.0, 0.082199, 0.164399, -0.123299, -0.0411, 0.0, 0.0, 0.0, 0.0, -0.082199, 0.0, 0.0, 0.0, 0.0, 0.0, 0.082199, 0.0411, 0.0, 0.0, 0.0411, -0.0411, 0.0, -0.0411, 0.0, 0.0, 0.0, -0.0411, 0.0, 0.0411, 0.0411, -0.0411, 0.0, -0.082199, 0.123299, 0.0, -0.0411, 0.0, 0.0, 0.0, 0.082199, -0.082199, 0.0411, 0.0, 0.0411, 0.123299, 0.0411, -0.0411, -0.0411, 0.0, 0.0, -0.0411, 0.0, -0.0411, -0.0411, 0.0, 0.0, -0.082199, 0.0, -0.123299, 0.0, 0.082199, -0.082199, 0.0, 0.0411, 0.0411, 0.0, 0.0, 0.0, 0.082199, 0.0411, 0.0411, 0.082199, 0.0, -0.123299, 0.0, 0.0, 0.0, -0.082199, 0.082199, 0.0, -0.0411, -0.0411, 0.0, -0.0411, -0.123299, 0.0411, -0.0411, -0.123299, 0.0, 0.0, -0.082199, 0.0, 0.0, 0.0, 0.0, -0.0411, -0.0411, -0.0411, 0.0411, -0.0411, 0.123299, 0.0, 0.0, 0.0, -0.0411, 0.0411, 0.0, 0.0411, 0.0, -0.123299, -0.0411, -0.082199, 0.0, -0.0411, -0.0411, -0.0411, -0.0411, -0.0411, 0.0411, 0.0, 0.0411, 0.0, 0.0411, 0.0411, -0.082199, 0.0411, 0.082199, 0.0, 0.0411, 0.0, -0.0411, -0.082199, 0.0, -0.082199, 0.0, 0.0411, -0.0411, 0.0411, 0.0411, 0.0411, 0.0, -0.0411, 0.0, -0.082199, -0.082199, 0.0411, -0.0411, 0.0, 0.0, 0.0411, -0.0411, 0.0, 0.0, -0.0411, 0.0411, 0.0411, 0.0411, -0.0411, -0.0411]",12,6,6,103,133,0.5163,0.5352,0.5225,0.4837,1.0,0.4615,0.25,0.5198,2026-09-20T12:22:29
6909eca8-1cfb-4b45-999f-58f6f6c0bf8e,P-44138CFA98,T4,low,small,google/gemma-3-4b-it,1,Neutral Engagement Agent,Think about a typical weekday morning before leaving for work or university. How does that routine usually unfold?,"[-0.042182, 0.0, -0.084365, 0.0, -0.084365, 0.042182, 0.042182, -0.042182, 0.042182, 0.042182, 0.0, 0.0, 0.042182, 0.0, 0.0, 0.0, -0.042182, 0.042182, -0.042182, 0.0, 0.0, 0.042182, 0.084365, -0.042182, 0.0, 0.0, 0.0, -0.042182, -0.042182, 0.16873, 0.0, 0.0, 0.042182, 0.042182, 0.0, -0.042182, 0.0, 0.0, 0.126547, 0.042182, 0.0, -0.042182, 0.042182, -0.084365, -0.042182, -0.084365, 0.0, -0.042182, -0.042182, 0.0, 0.042182, -0.042182, 0.042182, 0.0, 0.084365, 0.084365, 0.0, -0.042182, 0.084365, 0.042182, -0.042182, -0.042182, 0.0, 0.0, 0.042182, -0.042182, 0.0, 0.0, 0.084365, -0.042182, -0.042182, 0.0, -0.042182, 0.126547, 0.042182, 0.0, -0.042182, 0.0, 0.084365, -0.084365, 0.0, 0.0, 0.042182, 0.042182, 0.084365, 0.042182, -0.042182, -0.084365, 0.0, -0.042182, 0.084365, 0.042182, 0.042182, 0.0, -0.084365, 0.0, 0.0, 0.0, 0.0, -0.042182, 0.042182, -0.126547, 0.042182, 0.0, 0.042182, 0.042182, 0.0, 0.0, -0.126547, 0.042182, 0.0, 0.0, -0.042182, 0.042182, -0.042182, 0.042182, 0.0, -0.042182, 0.0, -0.042182, 0.042182, 0.0, -0.084365, 0.0, -0.042182, 0.0, -0.042182, 0.0, 0.0, 0.0, -0.084365, 0.0, 0.0, 0.042182, -0.084365, -0.042182, 0.084365, -0.042182, 0.126547, 0.042182, -0.084365, 0.0, -0.042182, 0.0, 0.0, 0.0, 0.0, -0.084365, 0.0, -0.084365, -0.084365, -0.16873, 0.042182, 0.042182, 0.0, 0.042182, -0.042182, 0.042182, 0.0, -0.084365, 0.0, 0.042182, -0.042182, 0.042182, -0.084365, 0.042182, 0.042182, -0.042182, 0.084365, 0.0, -0.042182, 0.084365, 0.042182, 0.0, 0.0, 0.0, -0.084365, 0.0, -0.042182, 0.126547, -0.042182, 0.0, 0.042182, -0.042182, 0.0, -0.042182, 0.0, 0.0, 0.0, 0.0, -0.042182, 0.0, 0.0, -0.042182, -0.042182, 0.0, 0.0, 0.042182, 0.042182, 0.0, -0.084365, -0.042182, 0.0, 0.0, 0.042182, 0.084365, 0.042182, -0.084365, -0.084365, -0.084365, 0.126547, 0.042182, -0.084365, 0.084365, 0.0, 0.0, 0.0, 0.0, 0.0, 0.0, -0.042182, 0.0, 0.042182, 0.0, 0.042182, -0.126547, 0.0, 0.042182, 0.084365, 0.0, -0.084365, 0.042182, 0.0, -0.042182, 0.0, -0.042182, 0.0, 0.0, 0.0, 0.0, 0.0, 0.042182, -0.084365, 0.042182, 0.0, 0.042182, -0.084365, 0.042182, 0.0, -0.084365, 0.042182, -0.042182, 0.042182, 0.042182, -0.042182, 0.042182, 0.084365, -0.042182, -0.042182, -0.042182, 0.126547, 0.0, -0.084365, 0.042182, 0.0, 0.0, -0.042182, 0.0, 0.042182, -0.042182, 0.0, 0.0, 0.084365, -0.084365, 0.0, 0.084365, -0.042182, 0.0, -0.16873, 0.084365, 0.042182, -0.042182, 0.0, -0.084365, -0.042182, -0.042182, 0.042182, 0.0, -0.084365, 0.042182, -0.042182, 0.0, 0.042182, 0.084365, -0.042182, 0.0, -0.042182, -0.042182, 0.042182, 0.084365, 0.0, 0.042182, 0.0, 0.0, 0.084365, 0.0, 0.042182, 0.042182, 0.042182, 0.0, 0.084365, 0.0, 0.0, 0.0, -0.042182, 0.0, -0.042182, 0.0, 0.0, 0.042182, 0.0, -0.126547, -0.042182, -0.042182, -0.084365, 0.0, 0.0, 0.042182, -0.042182, 0.042182, -0.084365, -0.084365, -0.042182, -0.042182, 0.126547, -0.042182, 0.084365, -0.042182, -0.042182, 0.042182, 0.0, -0.042182, -0.042182, 0.0, 0.0, -0.042182, -0.042182, -0.042182, 0.0, -0.042182, 0.0, 0.0, -0.042182, 0.0, 0.0, 0.084365, 0.0, 0.0, 0.042182, 0.042182, 0.042182, -0.084365, 0.0, 0.042182, -0.042182, 0.0, -0.042182, 0.0, 0.0, -0.042182, 0.042182, 0.0, -0.042182, -0.042182, -0.042182, 0.0, 0.084365, 0.126547, -0.042182, -0.084365, 0.0, 0.0, 0.0, 0.042182]",12,6,6,68,87,0.5353,0.537,0.5182,0.4647,1.0,0.45,0.0,0.4831,2026-09-19T18:14:49
74304f8d-1d7d-4fc4-8bc2-f8a5044973e8,P-44138CFA98,T4,low,medium,google/gemma-4-31b-it,1,Neutral Engagement Agent,Think about a typical weekday evening after returning from work or university. How do you usually spend that time?,"[-0.038691, 0.0, 0.038691, -0.038691, -0.038691, 0.0, 0.038691, -0.038691, 0.038691, -0.038691, 0.0, 0.0, 0.038691, 0.038691, 0.0, -0.038691, 0.0, 0.038691, -0.038691, 0.0, 0.0, 0.038691, 0.0, -0.116073, -0.038691, 0.0, 0.0, 0.0, 0.0, 0.116073, 0.0, 0.0, 0.0, 0.116073, 0.038691, -0.077382, 0.0, 0.077382, 0.0, 0.077382, 0.0, 0.0, 0.038691, -0.077382, 0.0, -0.116073, 0.077382, -0.038691, -0.077382, 0.0, 0.038691, 0.077382, 0.038691, 0.077382, 0.077382, 0.038691, 0.0, -0.038691, 0.038691, 0.038691, -0.077382, 0.0, -0.038691, 0.0, 0.0, 0.0, 0.0, 0.0, 0.038691, -0.038691, -0.077382, 0.0, -0.038691, 0.116073, 0.0, 0.0, 0.0, -0.077382, 0.077382, -0.077382, 0.0, 0.038691, 0.038691, 0.077382, 0.077382, -0.077382, 0.077382, -0.077382, 0.0, -0.154765, 0.038691, 0.116073, 0.0, 0.0, -0.038691, -0.038691, 0.0, 0.0, -0.038691, -0.038691, 0.038691, -0.038691, 0.0, -0.038691, 0.038691, -0.038691, 0.0, -0.038691, -0.077382, -0.038691, 0.038691, -0.038691, 0.0, 0.077382, -0.116073, 0.038691, 0.0, 0.038691, -0.038691, -0.038691, 0.0, -0.038691, -0.116073, 0.0, -0.038691, 0.0, -0.038691, -0.038691, 0.0, 0.0, -0.038691, 0.0, 0.0, 0.077382, -0.077382, -0.038691, 0.077382, -0.038691, 0.038691, 0.0, -0.077382, 0.0, -0.077382, 0.0, -0.038691, 0.0, 0.0, 0.0, 0.0, -0.077382, 0.0, -0.232147, 0.038691, 0.038691, -0.038691, 0.038691, 0.0, 0.038691, 0.038691, -0.077382, 0.0, 0.038691, 0.0, 0.0, 0.038691, 0.0, 0.038691, 0.038691, 0.0, -0.116073, -0.038691, 0.0, 0.038691, 0.077382, 0.0, 0.0, 0.0, -0.038691, -0.077382, 0.077382, -0.038691, 0.0, 0.038691, -0.038691, -0.077382, -0.077382, 0.0, 0.038691, 0.0, 0.0, 0.0, 0.038691, 0.077382, 0.0, -0.077382, 0.038691, 0.038691, 0.038691, 0.0, 0.0, -0.038691, 0.038691, 0.0, -0.038691, 0.038691, 0.0, 0.0, -0.077382, 0.0, -0.116073, 0.077382, 0.038691, -0.038691, 0.077382, 0.0, 0.038691, 0.0, -0.038691, 0.0, 0.038691, 0.0, 0.0, 0.038691, -0.038691, -0.038691, -0.038691, 0.038691, 0.038691, 0.038691, 0.038691, -0.038691, 0.0, -0.077382, -0.038691, -0.038691, 0.0, 0.038691, -0.038691, 0.0, 0.038691, -0.038691, 0.038691, 0.0, 0.154765, 0.038691, 0.038691, -0.038691, -0.038691, 0.0, 0.0, 0.038691, -0.038691, 0.038691, 0.077382, 0.0, 0.0, 0.038691, -0.077382, -0.116073, 0.0, 0.0, 0.0, 0.0, 0.038691, 0.0, -0.116073, -0.038691, 0.0, 0.0, 0.077382, -0.038691, 0.038691, 0.038691, 0.038691, 0.0, 0.038691, -0.038691, -0.038691, -0.116073, 0.077382, 0.0, -0.077382, 0.0, -0.077382, -0.038691, 0.038691, 0.0, 0.0, -0.038691, 0.038691, 0.0, 0.0, 0.0, 0.077382, -0.038691, 0.0, -0.038691, 0.038691, -0.038691, 0.038691, -0.038691, 0.038691, -0.077382, 0.038691, 0.077382, 0.0, 0.0, 0.116073, 0.077382, 0.0, -0.038691, 0.038691, -0.038691, 0.0, 0.0, 0.038691, -0.038691, 0.077382, 0.038691, 0.038691, 0.0, -0.116073, 0.077382, 0.0, -0.116073, -0.077382, -0.038691, -0.077382, 0.038691, 0.077382, -0.077382, -0.038691, 0.0, 0.038691, 0.077382, -0.077382, 0.0, 0.0, -0.038691, 0.0, 0.0, -0.038691, -0.038691, 0.0, 0.038691, -0.038691, -0.038691, 0.0, 0.077382, -0.077382, 0.077382, 0.038691, -0.077382, 0.0, -0.038691, -0.077382, 0.077382, 0.0, 0.038691, 0.038691, 0.116073, -0.077382, 0.0, 0.0, -0.038691, 0.0, -0.038691, 0.0, 0.038691, -0.116073, 0.077382, -0.038691, 0.038691, -0.077382, -0.038691, 0.0, 0.0, 0.077382, -0.077382, -0.077382, 0.0, -0.038691, -0.038691, -0.038691]",12,6,6,196,255,0.5569,0.6013,0.5332,0.4431,1.0,0.7958,0.0,0.489,2026-09-19T16:55:53
7b1a9da6-6d7a-4356-9eab-43ef3c201af1,P-44138CFA98,T3,high,medium,google/gemma-4-31b-it,1,Neutral Engagement Agent,"You are browsing products on an online marketplace (e.g., Skroutz) and want to place an order. Several shops offer the same product. Two shops have identical ratings but different delivery times. Which shop do you choose, and why?","[0.0, -0.053567, 0.0, 0.0, 0.053567, 0.053567, 0.026784, -0.053567, -0.026784, 0.107134, 0.053567, 0.0, 0.080351, 0.026784, -0.026784, 0.0, 0.080351, 0.053567, -0.080351, -0.026784, 0.026784, -0.026784, 0.0, -0.053567, 0.0, 0.080351, 0.053567, 0.026784, 0.0, -0.026784, -0.053567, 0.0, 0.026784, 0.0, 0.107134, -0.026784, -0.026784, -0.026784, -0.053567, -0.080351, 0.026784, -0.053567, 0.026784, 0.053567, 0.0, -0.026784, 0.0, 0.026784, 0.053567, 0.026784, -0.107134, -0.026784, 0.080351, -0.026784, -0.026784, 0.0, 0.026784, 0.160701, -0.026784, -0.053567, 0.026784, -0.026784, 0.026784, 0.026784, 0.026784, 0.053567, 0.0, 0.026784, -0.026784, 0.026784, 0.053567, -0.080351, 0.053567, 0.026784, 0.0, -0.080351, 0.053567, 0.080351, 0.080351, 0.080351, 0.0, 0.053567, 0.0, -0.080351, 0.053567, -0.080351, 0.026784, -0.053567, 0.0, 0.0, -0.026784, -0.053567, -0.080351, 0.026784, -0.026784, -0.053567, 0.026784, 0.0, 0.0, -0.026784, 0.026784, 0.0, -0.026784, 0.053567, 0.026784, 0.026784, 0.0, 0.0, 0.053567, -0.080351, 0.053567, 0.0, 0.0, 0.053567, -0.026784, -0.026784, 0.0, 0.053567, -0.053567, 0.080351, 0.080351, 0.0, 0.053567, 0.026784, 0.107134, -0.053567, 0.0, -0.053567, 0.026784, 0.133918, -0.053567, 0.053567, 0.0, 0.080351, -0.026784, -0.107134, -0.107134, 0.0, -0.026784, 0.026784, 0.053567, 0.107134, 0.026784, -0.080351, -0.080351, -0.026784, 0.107134, 0.080351, 0.053567, 0.0, 0.026784, -0.026784, 0.053567, -0.053567, -0.080351, 0.160701, 0.026784, 0.026784, 0.053567, 0.053567, -0.053567, 0.053567, -0.053567, 0.107134, -0.107134, 0.080351, 0.053567, 0.0, -0.026784, 0.0, -0.080351, 0.0, -0.053567, 0.080351, 0.053567, 0.026784, -0.026784, 0.0, 0.053567, 0.026784, 0.026784, -0.026784, 0.0, -0.053567, 0.026784, 0.0, 0.0, 0.107134, 0.026784, -0.053567, -0.026784, 0.053567, 0.0, 0.0, -0.053567, 0.053567, 0.080351, -0.026784, 0.053567, 0.026784, 0.026784, 0.080351, -0.053567, 0.026784, 0.026784, -0.026784, -0.026784, 0.0, 0.080351, -0.053567, 0.0, 0.026784, -0.026784, -0.026784, 0.0, 0.053567, 0.053567, 0.026784, 0.026784, 0.053567, -0.026784, 0.107134, -0.026784, 0.0, 0.080351, 0.026784, 0.107134, 0.026784, -0.133918, 0.0, 0.026784, 0.053567, -0.026784, -0.026784, 0.0, -0.080351, 0.026784, 0.026784, 0.0, -0.026784, 0.080351, 0.080351, 0.026784, 0.080351, 0.0, 0.0, 0.026784, 0.0, 0.0, 0.053567, 0.0, -0.026784, 0.026784, 0.026784, 0.026784, 0.0, -0.026784, -0.053567, -0.080351, -0.026784, 0.0, -0.026784, 0.0, 0.026784, 0.053567, -0.053567, 0.053567, -0.053567, 0.026784, 0.026784, 0.0, -0.053567, 0.0, -0.026784, 0.026784, 0.0, 0.026784, -0.107134, 0.0, -0.080351, -0.107134, -0.026784, -0.026784, -0.080351, 0.107134, 0.026784, 0.0, 0.0, 0.0, 0.053567, -0.026784, 0.0, -0.026784, 0.0, 0.133918, 0.0, -0.026784, 0.0, -0.133918, 0.053567, 0.0, -0.026784, 0.0, 0.053567, 0.026784, 0.0, 0.0, -0.026784, 0.053567, 0.0, 0.026784, 0.026784, -0.080351, -0.026784, 0.053567, -0.107134, -0.026784, 0.026784, -0.080351, 0.026784, -0.026784, -0.026784, 0.0, 0.026784, -0.026784, 0.080351, 0.0, 0.080351, -0.026784, -0.026784, -0.053567, 0.053567, 0.026784, 0.0, 0.026784, 0.0, -0.080351, 0.026784, -0.026784, -0.080351, 0.026784, 0.026784, -0.026784, 0.026784, -0.080351, -0.080351, -0.026784, -0.026784, -0.053567, -0.026784, 0.053567, 0.053567, 0.0, 0.080351, -0.053567, -0.053567, 0.053567, -0.026784, 0.0, -0.026784, 0.133918, 0.0, -0.053567, -0.053567, 0.026784, 0.026784, -0.053567, -0.026784, -0.053567, -0.133918, 0.026784, -0.053567, 0.026784, 0.0, 0.026784, 0.026784, 0.026784, 0.0, -0.053567, 0.026784, 0.026784, 0.0, -0.080351, -0.026784]",12,6,6,200,260,0.5344,0.5798,0.5398,0.4656,1.0,0.8182,0.0,0.4884,2026-09-19T18:25:05
9224d3ed-2ed2-4685-964c-b0cfc485e948,P-44138CFA98,T4,low,medium,google/gemma-4-31b-it,0,Neutral Engagement Agent,Think about a typical weekday morning before leaving for work or university. How does that routine usually unfold?,"[-0.042182, 0.0, -0.084365, 0.0, -0.084365, 0.042182, 0.042182, -0.042182, 0.042182, 0.042182, 0.0, 0.0, 0.042182, 0.0, 0.0, 0.0, -0.042182, 0.042182, -0.042182, 0.0, 0.0, 0.042182, 0.084365, -0.042182, 0.0, 0.0, 0.0, -0.042182, -0.042182, 0.16873, 0.0, 0.0, 0.042182, 0.042182, 0.0, -0.042182, 0.0, 0.0, 0.126547, 0.042182, 0.0, -0.042182, 0.042182, -0.084365, -0.042182, -0.084365, 0.0, -0.042182, -0.042182, 0.0, 0.042182, -0.042182, 0.042182, 0.0, 0.084365, 0.084365, 0.0, -0.042182, 0.084365, 0.042182, -0.042182, -0.042182, 0.0, 0.0, 0.042182, -0.042182, 0.0, 0.0, 0.084365, -0.042182, -0.042182, 0.0, -0.042182, 0.126547, 0.042182, 0.0, -0.042182, 0.0, 0.084365, -0.084365, 0.0, 0.0, 0.042182, 0.042182, 0.084365, 0.042182, -0.042182, -0.084365, 0.0, -0.042182, 0.084365, 0.042182, 0.042182, 0.0, -0.084365, 0.0, 0.0, 0.0, 0.0, -0.042182, 0.042182, -0.126547, 0.042182, 0.0, 0.042182, 0.042182, 0.0, 0.0, -0.126547, 0.042182, 0.0, 0.0, -0.042182, 0.042182, -0.042182, 0.042182, 0.0, -0.042182, 0.0, -0.042182, 0.042182, 0.0, -0.084365, 0.0, -0.042182, 0.0, -0.042182, 0.0, 0.0, 0.0, -0.084365, 0.0, 0.0, 0.042182, -0.084365, -0.042182, 0.084365, -0.042182, 0.126547, 0.042182, -0.084365, 0.0, -0.042182, 0.0, 0.0, 0.0, 0.0, -0.084365, 0.0, -0.084365, -0.084365, -0.16873, 0.042182, 0.042182, 0.0, 0.042182, -0.042182, 0.042182, 0.0, -0.084365, 0.0, 0.042182, -0.042182, 0.042182, -0.084365, 0.042182, 0.042182, -0.042182, 0.084365, 0.0, -0.042182, 0.084365, 0.042182, 0.0, 0.0, 0.0, -0.084365, 0.0, -0.042182, 0.126547, -0.042182, 0.0, 0.042182, -0.042182, 0.0, -0.042182, 0.0, 0.0, 0.0, 0.0, -0.042182, 0.0, 0.0, -0.042182, -0.042182, 0.0, 0.0, 0.042182, 0.042182, 0.0, -0.084365, -0.042182, 0.0, 0.0, 0.042182, 0.084365, 0.042182, -0.084365, -0.084365, -0.084365, 0.126547, 0.042182, -0.084365, 0.084365, 0.0, 0.0, 0.0, 0.0, 0.0, 0.0, -0.042182, 0.0, 0.042182, 0.0, 0.042182, -0.126547, 0.0, 0.042182, 0.084365, 0.0, -0.084365, 0.042182, 0.0, -0.042182, 0.0, -0.042182, 0.0, 0.0, 0.0, 0.0, 0.0, 0.042182, -0.084365, 0.042182, 0.0, 0.042182, -0.084365, 0.042182, 0.0, -0.084365, 0.042182, -0.042182, 0.042182, 0.042182, -0.042182, 0.042182, 0.084365, -0.042182, -0.042182, -0.042182, 0.126547, 0.0, -0.084365, 0.042182, 0.0, 0.0, -0.042182, 0.0, 0.042182, -0.042182, 0.0, 0.0, 0.084365, -0.084365, 0.0, 0.084365, -0.042182, 0.0, -0.16873, 0.084365, 0.042182, -0.042182, 0.0, -0.084365, -0.042182, -0.042182, 0.042182, 0.0, -0.084365, 0.042182, -0.042182, 0.0, 0.042182, 0.084365, -0.042182, 0.0, -0.042182, -0.042182, 0.042182, 0.084365, 0.0, 0.042182, 0.0, 0.0, 0.084365, 0.0, 0.042182, 0.042182, 0.042182, 0.0, 0.084365, 0.0, 0.0, 0.0, -0.042182, 0.0, -0.042182, 0.0, 0.0, 0.042182, 0.0, -0.126547, -0.042182, -0.042182, -0.084365, 0.0, 0.0, 0.042182, -0.042182, 0.042182, -0.084365, -0.084365, -0.042182, -0.042182, 0.126547, -0.042182, 0.084365, -0.042182, -0.042182, 0.042182, 0.0, -0.042182, -0.042182, 0.0, 0.0, -0.042182, -0.042182, -0.042182, 0.0, -0.042182, 0.0, 0.0, -0.042182, 0.0, 0.0, 0.084365, 0.0, 0.0, 0.042182, 0.042182, 0.042182, -0.084365, 0.0, 0.042182, -0.042182, 0.0, -0.042182, 0.0, 0.0, -0.042182, 0.042182, 0.0, -0.042182, -0.042182, -0.042182, 0.0, 0.084365, 0.126547, -0.042182, -0.084365, 0.0, 0.0, 0.0, 0.042182]",12,6,6,120,155,0.5614,0.5559,0.5415,0.4386,1.0,0.4352,0.1667,0.5165,2026-09-19T15:26:24
93fe5d1d-83be-47e7-b6dd-f61a2332dca7,P-44138CFA98,T3,high,small,google/gemma-3-4b-it,1,Neutral Engagement Agent,"You are browsing products on an online marketplace (e.g., Skroutz) and want to place an order. Several shops offer the same product. Two shops have identical ratings but different delivery times. Which shop do you choose, and why?","[0.0, -0.053567, 0.0, 0.0, 0.053567, 0.053567, 0.026784, -0.053567, -0.026784, 0.107134, 0.053567, 0.0, 0.080351, 0.026784, -0.026784, 0.0, 0.080351, 0.053567, -0.080351, -0.026784, 0.026784, -0.026784, 0.0, -0.053567, 0.0, 0.080351, 0.053567, 0.026784, 0.0, -0.026784, -0.053567, 0.0, 0.026784, 0.0, 0.107134, -0.026784, -0.026784, -0.026784, -0.053567, -0.080351, 0.026784, -0.053567, 0.026784, 0.053567, 0.0, -0.026784, 0.0, 0.026784, 0.053567, 0.026784, -0.107134, -0.026784, 0.080351, -0.026784, -0.026784, 0.0, 0.026784, 0.160701, -0.026784, -0.053567, 0.026784, -0.026784, 0.026784, 0.026784, 0.026784, 0.053567, 0.0, 0.026784, -0.026784, 0.026784, 0.053567, -0.080351, 0.053567, 0.026784, 0.0, -0.080351, 0.053567, 0.080351, 0.080351, 0.080351, 0.0, 0.053567, 0.0, -0.080351, 0.053567, -0.080351, 0.026784, -0.053567, 0.0, 0.0, -0.026784, -0.053567, -0.080351, 0.026784, -0.026784, -0.053567, 0.026784, 0.0, 0.0, -0.026784, 0.026784, 0.0, -0.026784, 0.053567, 0.026784, 0.026784, 0.0, 0.0, 0.053567, -0.080351, 0.053567, 0.0, 0.0, 0.053567, -0.026784, -0.026784, 0.0, 0.053567, -0.053567, 0.080351, 0.080351, 0.0, 0.053567, 0.026784, 0.107134, -0.053567, 0.0, -0.053567, 0.026784, 0.133918, -0.053567, 0.053567, 0.0, 0.080351, -0.026784, -0.107134, -0.107134, 0.0, -0.026784, 0.026784, 0.053567, 0.107134, 0.026784, -0.080351, -0.080351, -0.026784, 0.107134, 0.080351, 0.053567, 0.0, 0.026784, -0.026784, 0.053567, -0.053567, -0.080351, 0.160701, 0.026784, 0.026784, 0.053567, 0.053567, -0.053567, 0.053567, -0.053567, 0.107134, -0.107134, 0.080351, 0.053567, 0.0, -0.026784, 0.0, -0.080351, 0.0, -0.053567, 0.080351, 0.053567, 0.026784, -0.026784, 0.0, 0.053567, 0.026784, 0.026784, -0.026784, 0.0, -0.053567, 0.026784, 0.0, 0.0, 0.107134, 0.026784, -0.053567, -0.026784, 0.053567, 0.0, 0.0, -0.053567, 0.053567, 0.080351, -0.026784, 0.053567, 0.026784, 0.026784, 0.080351, -0.053567, 0.026784, 0.026784, -0.026784, -0.026784, 0.0, 0.080351, -0.053567, 0.0, 0.026784, -0.026784, -0.026784, 0.0, 0.053567, 0.053567, 0.026784, 0.026784, 0.053567, -0.026784, 0.107134, -0.026784, 0.0, 0.080351, 0.026784, 0.107134, 0.026784, -0.133918, 0.0, 0.026784, 0.053567, -0.026784, -0.026784, 0.0, -0.080351, 0.026784, 0.026784, 0.0, -0.026784, 0.080351, 0.080351, 0.026784, 0.080351, 0.0, 0.0, 0.026784, 0.0, 0.0, 0.053567, 0.0, -0.026784, 0.026784, 0.026784, 0.026784, 0.0, -0.026784, -0.053567, -0.080351, -0.026784, 0.0, -0.026784, 0.0, 0.026784, 0.053567, -0.053567, 0.053567, -0.053567, 0.026784, 0.026784, 0.0, -0.053567, 0.0, -0.026784, 0.026784, 0.0, 0.026784, -0.107134, 0.0, -0.080351, -0.107134, -0.026784, -0.026784, -0.080351, 0.107134, 0.026784, 0.0, 0.0, 0.0, 0.053567, -0.026784, 0.0, -0.026784, 0.0, 0.133918, 0.0, -0.026784, 0.0, -0.133918, 0.053567, 0.0, -0.026784, 0.0, 0.053567, 0.026784, 0.0, 0.0, -0.026784, 0.053567, 0.0, 0.026784, 0.026784, -0.080351, -0.026784, 0.053567, -0.107134, -0.026784, 0.026784, -0.080351, 0.026784, -0.026784, -0.026784, 0.0, 0.026784, -0.026784, 0.080351, 0.0, 0.080351, -0.026784, -0.026784, -0.053567, 0.053567, 0.026784, 0.0, 0.026784, 0.0, -0.080351, 0.026784, -0.026784, -0.080351, 0.026784, 0.026784, -0.026784, 0.026784, -0.080351, -0.080351, -0.026784, -0.026784, -0.053567, -0.026784, 0.053567, 0.053567, 0.0, 0.080351, -0.053567, -0.053567, 0.053567, -0.026784, 0.0, -0.026784, 0.133918, 0.0, -0.053567, -0.053567, 0.026784, 0.026784, -0.053567, -0.026784, -0.053567, -0.133918, 0.026784, -0.053567, 0.026784, 0.0, 0.026784, 0.026784, 0.026784, 0.0, -0.053567, 0.026784, 0.026784, 0.0, -0.080351, -0.026784]",12,6,6,57,74,0.529,0.5436,0.5145,0.471,1.0,0.3214,0.0,0.4815,2026-09-19T16:47:14
adc4bdb8-cdc4-4621-9b0c-7f5cfb9c1a78,P-44138CFA98,T3,high,small,google/gemma-3-4b-it,0,Neutral Engagement Agent,"You are browsing products on an online marketplace (e.g., Skroutz) and want to place an order. Two shops offer very similar prices, but one includes free shipping. Which shop do you choose, and what factors influence your decision?","[-0.026537, 0.026537, 0.026537, -0.026537, 0.079612, 0.079612, 0.053074, -0.053074, 0.026537, 0.053074, 0.026537, -0.053074, 0.106149, 0.0, 0.0, -0.079612, 0.079612, 0.079612, -0.026537, -0.026537, -0.053074, -0.026537, 0.0, -0.079612, -0.053074, 0.0, 0.053074, 0.0, 0.026537, -0.026537, -0.079612, 0.0, 0.026537, -0.026537, 0.106149, -0.079612, 0.0, 0.0, 0.0, -0.079612, 0.026537, -0.053074, 0.026537, 0.0, -0.026537, -0.026537, 0.026537, -0.026537, 0.0, -0.026537, -0.079612, -0.026537, 0.0, -0.026537, -0.026537, -0.026537, 0.0, 0.079612, 0.026537, -0.053074, 0.026537, 0.0, -0.053074, 0.053074, 0.053074, -0.026537, 0.0, -0.026537, -0.026537, -0.026537, 0.053074, -0.053074, 0.053074, -0.026537, -0.053074, -0.053074, 0.053074, 0.053074, 0.079612, 0.026537, -0.026537, 0.026537, 0.0, -0.026537, 0.026537, -0.053074, -0.026537, -0.079612, -0.026537, -0.026537, -0.026537, 0.026537, -0.079612, 0.026537, 0.053074, -0.079612, 0.0, -0.026537, -0.026537, 0.026537, 0.026537, -0.026537, -0.026537, 0.026537, 0.026537, -0.026537, -0.026537, -0.026537, 0.079612, -0.079612, 0.079612, -0.026537, 0.0, 0.053074, -0.053074, 0.0, -0.079612, 0.053074, -0.053074, 0.079612, 0.079612, -0.053074, 0.026537, 0.0, 0.026537, -0.053074, 0.026537, 0.026537, -0.026537, 0.132686, -0.079612, 0.026537, 0.0, 0.079612, -0.079612, -0.106149, -0.079612, -0.053074, -0.053074, 0.079612, 0.0, 0.106149, -0.026537, -0.053074, -0.053074, -0.106149, 0.079612, 0.0, 0.0, 0.026537, 0.053074, -0.106149, -0.026537, -0.053074, -0.053074, 0.132686, 0.026537, -0.026537, 0.079612, 0.079612, -0.053074, 0.026537, -0.026537, 0.106149, -0.026537, 0.026537, 0.079612, 0.0, -0.053074, -0.026537, -0.106149, 0.0, -0.053074, 0.106149, 0.026537, 0.026537, -0.079612, 0.053074, 0.0, 0.026537, 0.0, 0.0, 0.053074, -0.026537, 0.0, -0.026537, 0.0, 0.159223, 0.053074, -0.026537, -0.053074, 0.053074, 0.026537, 0.026537, -0.026537, 0.079612, 0.132686, 0.0, 0.026537, 0.026537, 0.026537, 0.053074, -0.053074, 0.0, 0.026537, -0.053074, -0.026537, 0.0, 0.079612, 0.026537, -0.053074, 0.106149, -0.026537, -0.026537, -0.026537, 0.026537, 0.079612, 0.0, -0.026537, 0.026537, -0.026537, 0.053074, 0.026537, -0.026537, -0.026537, 0.026537, 0.079612, 0.026537, -0.159223, 0.0, 0.0, 0.026537, 0.0, -0.079612, 0.0, -0.053074, -0.026537, 0.106149, -0.026537, -0.026537, 0.026537, -0.026537, 0.026537, 0.106149, 0.026537, 0.053074, 0.026537, 0.053074, -0.053074, 0.026537, 0.0, -0.026537, -0.053074, -0.026537, 0.0, 0.053074, -0.026537, -0.053074, -0.026537, -0.026537, -0.026537, -0.079612, -0.053074, -0.026537, 0.053074, -0.026537, 0.026537, -0.053074, 0.079612, 0.079612, -0.026537, -0.026537, 0.0, -0.053074, 0.0, 0.026537, 0.0, -0.053074, 0.0, -0.132686, -0.079612, -0.053074, -0.026537, -0.026537, 0.106149, -0.079612, 0.026537, -0.053074, 0.0, 0.0, -0.026537, -0.026537, -0.026537, -0.026537, 0.053074, 0.026537, 0.0, -0.026537, -0.106149, 0.053074, 0.0, 0.0, -0.026537, 0.079612, -0.026537, -0.026537, 0.079612, 0.026537, 0.0, 0.0, 0.026537, -0.053074, -0.079612, -0.079612, 0.079612, -0.079612, -0.026537, 0.0, -0.053074, 0.026537, -0.026537, 0.0, 0.0, 0.053074, 0.053074, 0.079612, 0.0, 0.053074, -0.053074, -0.026537, -0.053074, 0.026537, 0.0, 0.053074, -0.026537, 0.0, -0.106149, 0.053074, 0.0, -0.026537, -0.026537, 0.026537, -0.026537, -0.026537, 0.0, -0.079612, -0.026537, -0.053074, -0.026537, -0.026537, 0.0, 0.026537, -0.026537, 0.053074, -0.053074, -0.026537, 0.053074, 0.0, 0.0, -0.053074, 0.132686, 0.0, -0.053074, -0.053074, -0.053074, 0.0, -0.079612, -0.079612, -0.053074, -0.132686, 0.053074, -0.026537, 0.0, 0.079612, 0.0, -0.026537, 0.0, 0.0, -0.026537, 0.0, 0.0, 0.026537, -0.053074, -0.053074]",12,6,6,71,93,0.5512,0.5458,0.5144,0.4488,1.0,0.3286,0.0,0.4837,2026-09-19T17:00:28
b8f7c864-5b0d-4022-9c3a-c2deda319e09,P-44138CFA98,T3,high,small,google/gemma-3-4b-it,1,Neutral Engagement Agent,"You are browsing products on an online marketplace (e.g., Skroutz) and want to place an order. Two shops offer very similar prices, but one includes free shipping. Which shop do you choose, and what factors influence your decision?","[-0.026537, 0.026537, 0.026537, -0.026537, 0.079612, 0.079612, 0.053074, -0.053074, 0.026537, 0.053074, 0.026537, -0.053074, 0.106149, 0.0, 0.0, -0.079612, 0.079612, 0.079612, -0.026537, -0.026537, -0.053074, -0.026537, 0.0, -0.079612, -0.053074, 0.0, 0.053074, 0.0, 0.026537, -0.026537, -0.079612, 0.0, 0.026537, -0.026537, 0.106149, -0.079612, 0.0, 0.0, 0.0, -0.079612, 0.026537, -0.053074, 0.026537, 0.0, -0.026537, -0.026537, 0.026537, -0.026537, 0.0, -0.026537, -0.079612, -0.026537, 0.0, -0.026537, -0.026537, -0.026537, 0.0, 0.079612, 0.026537, -0.053074, 0.026537, 0.0, -0.053074, 0.053074, 0.053074, -0.026537, 0.0, -0.026537, -0.026537, -0.026537, 0.053074, -0.053074, 0.053074, -0.026537, -0.053074, -0.053074, 0.053074, 0.053074, 0.079612, 0.026537, -0.026537, 0.026537, 0.0, -0.026537, 0.026537, -0.053074, -0.026537, -0.079612, -0.026537, -0.026537, -0.026537, 0.026537, -0.079612, 0.026537, 0.053074, -0.079612, 0.0, -0.026537, -0.026537, 0.026537, 0.026537, -0.026537, -0.026537, 0.026537, 0.026537, -0.026537, -0.026537, -0.026537, 0.079612, -0.079612, 0.079612, -0.026537, 0.0, 0.053074, -0.053074, 0.0, -0.079612, 0.053074, -0.053074, 0.079612, 0.079612, -0.053074, 0.026537, 0.0, 0.026537, -0.053074, 0.026537, 0.026537, -0.026537, 0.132686, -0.079612, 0.026537, 0.0, 0.079612, -0.079612, -0.106149, -0.079612, -0.053074, -0.053074, 0.079612, 0.0, 0.106149, -0.026537, -0.053074, -0.053074, -0.106149, 0.079612, 0.0, 0.0, 0.026537, 0.053074, -0.106149, -0.026537, -0.053074, -0.053074, 0.132686, 0.026537, -0.026537, 0.079612, 0.079612, -0.053074, 0.026537, -0.026537, 0.106149, -0.026537, 0.026537, 0.079612, 0.0, -0.053074, -0.026537, -0.106149, 0.0, -0.053074, 0.106149, 0.026537, 0.026537, -0.079612, 0.053074, 0.0, 0.026537, 0.0, 0.0, 0.053074, -0.026537, 0.0, -0.026537, 0.0, 0.159223, 0.053074, -0.026537, -0.053074, 0.053074, 0.026537, 0.026537, -0.026537, 0.079612, 0.132686, 0.0, 0.026537, 0.026537, 0.026537, 0.053074, -0.053074, 0.0, 0.026537, -0.053074, -0.026537, 0.0, 0.079612, 0.026537, -0.053074, 0.106149, -0.026537, -0.026537, -0.026537, 0.026537, 0.079612, 0.0, -0.026537, 0.026537, -0.026537, 0.053074, 0.026537, -0.026537, -0.026537, 0.026537, 0.079612, 0.026537, -0.159223, 0.0, 0.0, 0.026537, 0.0, -0.079612, 0.0, -0.053074, -0.026537, 0.106149, -0.026537, -0.026537, 0.026537, -0.026537, 0.026537, 0.106149, 0.026537, 0.053074, 0.026537, 0.053074, -0.053074, 0.026537, 0.0, -0.026537, -0.053074, -0.026537, 0.0, 0.053074, -0.026537, -0.053074, -0.026537, -0.026537, -0.026537, -0.079612, -0.053074, -0.026537, 0.053074, -0.026537, 0.026537, -0.053074, 0.079612, 0.079612, -0.026537, -0.026537, 0.0, -0.053074, 0.0, 0.026537, 0.0, -0.053074, 0.0, -0.132686, -0.079612, -0.053074, -0.026537, -0.026537, 0.106149, -0.079612, 0.026537, -0.053074, 0.0, 0.0, -0.026537, -0.026537, -0.026537, -0.026537, 0.053074, 0.026537, 0.0, -0.026537, -0.106149, 0.053074, 0.0, 0.0, -0.026537, 0.079612, -0.026537, -0.026537, 0.079612, 0.026537, 0.0, 0.0, 0.026537, -0.053074, -0.079612, -0.079612, 0.079612, -0.079612, -0.026537, 0.0, -0.053074, 0.026537, -0.026537, 0.0, 0.0, 0.053074, 0.053074, 0.079612, 0.0, 0.053074, -0.053074, -0.026537, -0.053074, 0.026537, 0.0, 0.053074, -0.026537, 0.0, -0.106149, 0.053074, 0.0, -0.026537, -0.026537, 0.026537, -0.026537, -0.026537, 0.0, -0.079612, -0.026537, -0.053074, -0.026537, -0.026537, 0.0, 0.026537, -0.026537, 0.053074, -0.053074, -0.026537, 0.053074, 0.0, 0.0, -0.053074, 0.132686, 0.0, -0.053074, -0.053074, -0.053074, 0.0, -0.079612, -0.079612, -0.053074, -0.132686, 0.053074, -0.026537, 0.0, 0.079612, 0.0, -0.026537, 0.0, 0.0, -0.026537, 0.0, 0.0, 0.026537, -0.053074, -0.053074]",12,6,6,82,104,0.5424,0.571,0.5406,0.4576,1.0,0.7333,0.25,0.5269,2026-09-19T15:26:24
bcc1c60d-d19a-45a9-af2c-fd39b1e4bceb,P-44138CFA98,T4,low,small,google/gemma-3-4b-it,0,Neutral Engagement Agent,Think about a typical weekday evening after returning from work or university. How do you usually spend that time?,"[-0.038691, 0.0, 0.038691, -0.038691, -0.038691, 0.0, 0.038691, -0.038691, 0.038691, -0.038691, 0.0, 0.0, 0.038691, 0.038691, 0.0, -0.038691, 0.0, 0.038691, -0.038691, 0.0, 0.0, 0.038691, 0.0, -0.116073, -0.038691, 0.0, 0.0, 0.0, 0.0, 0.116073, 0.0, 0.0, 0.0, 0.116073, 0.038691, -0.077382, 0.0, 0.077382, 0.0, 0.077382, 0.0, 0.0, 0.038691, -0.077382, 0.0, -0.116073, 0.077382, -0.038691, -0.077382, 0.0, 0.038691, 0.077382, 0.038691, 0.077382, 0.077382, 0.038691, 0.0, -0.038691, 0.038691, 0.038691, -0.077382, 0.0, -0.038691, 0.0, 0.0, 0.0, 0.0, 0.0, 0.038691, -0.038691, -0.077382, 0.0, -0.038691, 0.116073, 0.0, 0.0, 0.0, -0.077382, 0.077382, -0.077382, 0.0, 0.038691, 0.038691, 0.077382, 0.077382, -0.077382, 0.077382, -0.077382, 0.0, -0.154765, 0.038691, 0.116073, 0.0, 0.0, -0.038691, -0.038691, 0.0, 0.0, -0.038691, -0.038691, 0.038691, -0.038691, 0.0, -0.038691, 0.038691, -0.038691, 0.0, -0.038691, -0.077382, -0.038691, 0.038691, -0.038691, 0.0, 0.077382, -0.116073, 0.038691, 0.0, 0.038691, -0.038691, -0.038691, 0.0, -0.038691, -0.116073, 0.0, -0.038691, 0.0, -0.038691, -0.038691, 0.0, 0.0, -0.038691, 0.0, 0.0, 0.077382, -0.077382, -0.038691, 0.077382, -0.038691, 0.038691, 0.0, -0.077382, 0.0, -0.077382, 0.0, -0.038691, 0.0, 0.0, 0.0, 0.0, -0.077382, 0.0, -0.232147, 0.038691, 0.038691, -0.038691, 0.038691, 0.0, 0.038691, 0.038691, -0.077382, 0.0, 0.038691, 0.0, 0.0, 0.038691, 0.0, 0.038691, 0.038691, 0.0, -0.116073, -0.038691, 0.0, 0.038691, 0.077382, 0.0, 0.0, 0.0, -0.038691, -0.077382, 0.077382, -0.038691, 0.0, 0.038691, -0.038691, -0.077382, -0.077382, 0.0, 0.038691, 0.0, 0.0, 0.0, 0.038691, 0.077382, 0.0, -0.077382, 0.038691, 0.038691, 0.038691, 0.0, 0.0, -0.038691, 0.038691, 0.0, -0.038691, 0.038691, 0.0, 0.0, -0.077382, 0.0, -0.116073, 0.077382, 0.038691, -0.038691, 0.077382, 0.0, 0.038691, 0.0, -0.038691, 0.0, 0.038691, 0.0, 0.0, 0.038691, -0.038691, -0.038691, -0.038691, 0.038691, 0.038691, 0.038691, 0.038691, -0.038691, 0.0, -0.077382, -0.038691, -0.038691, 0.0, 0.038691, -0.038691, 0.0, 0.038691, -0.038691, 0.038691, 0.0, 0.154765, 0.038691, 0.038691, -0.038691, -0.038691, 0.0, 0.0, 0.038691, -0.038691, 0.038691, 0.077382, 0.0, 0.0, 0.038691, -0.077382, -0.116073, 0.0, 0.0, 0.0, 0.0, 0.038691, 0.0, -0.116073, -0.038691, 0.0, 0.0, 0.077382, -0.038691, 0.038691, 0.038691, 0.038691, 0.0, 0.038691, -0.038691, -0.038691, -0.116073, 0.077382, 0.0, -0.077382, 0.0, -0.077382, -0.038691, 0.038691, 0.0, 0.0, -0.038691, 0.038691, 0.0, 0.0, 0.0, 0.077382, -0.038691, 0.0, -0.038691, 0.038691, -0.038691, 0.038691, -0.038691, 0.038691, -0.077382, 0.038691, 0.077382, 0.0, 0.0, 0.116073, 0.077382, 0.0, -0.038691, 0.038691, -0.038691, 0.0, 0.0, 0.038691, -0.038691, 0.077382, 0.038691, 0.038691, 0.0, -0.116073, 0.077382, 0.0, -0.116073, -0.077382, -0.038691, -0.077382, 0.038691, 0.077382, -0.077382, -0.038691, 0.0, 0.038691, 0.077382, -0.077382, 0.0, 0.0, -0.038691, 0.0, 0.0, -0.038691, -0.038691, 0.0, 0.038691, -0.038691, -0.038691, 0.0, 0.077382, -0.077382, 0.077382, 0.038691, -0.077382, 0.0, -0.038691, -0.077382, 0.077382, 0.0, 0.038691, 0.038691, 0.116073, -0.077382, 0.0, 0.0, -0.038691, 0.0, -0.038691, 0.0, 0.038691, -0.116073, 0.077382, -0.038691, 0.038691, -0.077382, -0.038691, 0.0, 0.0, 0.077382, -0.077382, -0.077382, 0.0, -0.038691, -0.038691, -0.038691]",12,6,6,76,100,0.54,0.5327,0.5218,0.46,1.0,0.2987,0.1667,0.5095,2026-09-19T18:43:52
be121571-15e8-4a96-9ded-3b60d91847a3,P-44138CFA98,T4,low,medium,google/gemma-4-31b-it,0,Neutral Engagement Agent,Think about a typical weekday evening after returning from work or university. How do you usually spend that time?,"[-0.038691, 0.0, 0.038691, -0.038691, -0.038691, 0.0, 0.038691, -0.038691, 0.038691, -0.038691, 0.0, 0.0, 0.038691, 0.038691, 0.0, -0.038691, 0.0, 0.038691, -0.038691, 0.0, 0.0, 0.038691, 0.0, -0.116073, -0.038691, 0.0, 0.0, 0.0, 0.0, 0.116073, 0.0, 0.0, 0.0, 0.116073, 0.038691, -0.077382, 0.0, 0.077382, 0.0, 0.077382, 0.0, 0.0, 0.038691, -0.077382, 0.0, -0.116073, 0.077382, -0.038691, -0.077382, 0.0, 0.038691, 0.077382, 0.038691, 0.077382, 0.077382, 0.038691, 0.0, -0.038691, 0.038691, 0.038691, -0.077382, 0.0, -0.038691, 0.0, 0.0, 0.0, 0.0, 0.0, 0.038691, -0.038691, -0.077382, 0.0, -0.038691, 0.116073, 0.0, 0.0, 0.0, -0.077382, 0.077382, -0.077382, 0.0, 0.038691, 0.038691, 0.077382, 0.077382, -0.077382, 0.077382, -0.077382, 0.0, -0.154765, 0.038691, 0.116073, 0.0, 0.0, -0.038691, -0.038691, 0.0, 0.0, -0.038691, -0.038691, 0.038691, -0.038691, 0.0, -0.038691, 0.038691, -0.038691, 0.0, -0.038691, -0.077382, -0.038691, 0.038691, -0.038691, 0.0, 0.077382, -0.116073, 0.038691, 0.0, 0.038691, -0.038691, -0.038691, 0.0, -0.038691, -0.116073, 0.0, -0.038691, 0.0, -0.038691, -0.038691, 0.0, 0.0, -0.038691, 0.0, 0.0, 0.077382, -0.077382, -0.038691, 0.077382, -0.038691, 0.038691, 0.0, -0.077382, 0.0, -0.077382, 0.0, -0.038691, 0.0, 0.0, 0.0, 0.0, -0.077382, 0.0, -0.232147, 0.038691, 0.038691, -0.038691, 0.038691, 0.0, 0.038691, 0.038691, -0.077382, 0.0, 0.038691, 0.0, 0.0, 0.038691, 0.0, 0.038691, 0.038691, 0.0, -0.116073, -0.038691, 0.0, 0.038691, 0.077382, 0.0, 0.0, 0.0, -0.038691, -0.077382, 0.077382, -0.038691, 0.0, 0.038691, -0.038691, -0.077382, -0.077382, 0.0, 0.038691, 0.0, 0.0, 0.0, 0.038691, 0.077382, 0.0, -0.077382, 0.038691, 0.038691, 0.038691, 0.0, 0.0, -0.038691, 0.038691, 0.0, -0.038691, 0.038691, 0.0, 0.0, -0.077382, 0.0, -0.116073, 0.077382, 0.038691, -0.038691, 0.077382, 0.0, 0.038691, 0.0, -0.038691, 0.0, 0.038691, 0.0, 0.0, 0.038691, -0.038691, -0.038691, -0.038691, 0.038691, 0.038691, 0.038691, 0.038691, -0.038691, 0.0, -0.077382, -0.038691, -0.038691, 0.0, 0.038691, -0.038691, 0.0, 0.038691, -0.038691, 0.038691, 0.0, 0.154765, 0.038691, 0.038691, -0.038691, -0.038691, 0.0, 0.0, 0.038691, -0.038691, 0.038691, 0.077382, 0.0, 0.0, 0.038691, -0.077382, -0.116073, 0.0, 0.0, 0.0, 0.0, 0.038691, 0.0, -0.116073, -0.038691, 0.0, 0.0, 0.077382, -0.038691, 0.038691, 0.038691, 0.038691, 0.0, 0.038691, -0.038691, -0.038691, -0.116073, 0.077382, 0.0, -0.077382, 0.0, -0.077382, -0.038691, 0.038691, 0.0, 0.0, -0.038691, 0.038691, 0.0, 0.0, 0.0, 0.077382, -0.038691, 0.0, -0.038691, 0.038691, -0.038691, 0.038691, -0.038691, 0.038691, -0.077382, 0.038691, 0.077382, 0.0, 0.0, 0.116073, 0.077382, 0.0, -0.038691, 0.038691, -0.038691, 0.0, 0.0, 0.038691, -0.038691, 0.077382, 0.038691, 0.038691, 0.0, -0.116073, 0.077382, 0.0, -0.116073, -0.077382, -0.038691, -0.077382, 0.038691, 0.077382, -0.077382, -0.038691, 0.0, 0.038691, 0.077382, -0.077382, 0.0, 0.0, -0.038691, 0.0, 0.0, -0.038691, -0.038691, 0.0, 0.038691, -0.038691, -0.038691, 0.0, 0.077382, -0.077382, 0.077382, 0.038691, -0.077382, 0.0, -0.038691, -0.077382, 0.077382, 0.0, 0.038691, 0.038691, 0.116073, -0.077382, 0.0, 0.0, -0.038691, 0.0, -0.038691, 0.0, 0.038691, -0.116073, 0.077382, -0.038691, 0.038691, -0.077382, -0.038691, 0.0, 0.0, 0.077382, -0.077382, -0.077382, 0.0, -0.038691, -0.038691, -0.038691]",12,6,6,99,129,0.4971,0.5265,0.5676,0.5029,1.0,0.2524,0.1667,0.5166,2026-09-19T15:26:24
ce5372c1-e4b0-4882-91a1-380b2d155047,P-44138CFA98,T4,low,small,google/gemma-3-4b-it,1,Neutral Engagement Agent,Think about a typical weekday evening after returning from work or university. How do you usually spend that time?,"[-0.038691, 0.0, 0.038691, -0.038691, -0.038691, 0.0, 0.038691, -0.038691, 0.038691, -0.038691, 0.0, 0.0, 0.038691, 0.038691, 0.0, -0.038691, 0.0, 0.038691, -0.038691, 0.0, 0.0, 0.038691, 0.0, -0.116073, -0.038691, 0.0, 0.0, 0.0, 0.0, 0.116073, 0.0, 0.0, 0.0, 0.116073, 0.038691, -0.077382, 0.0, 0.077382, 0.0, 0.077382, 0.0, 0.0, 0.038691, -0.077382, 0.0, -0.116073, 0.077382, -0.038691, -0.077382, 0.0, 0.038691, 0.077382, 0.038691, 0.077382, 0.077382, 0.038691, 0.0, -0.038691, 0.038691, 0.038691, -0.077382, 0.0, -0.038691, 0.0, 0.0, 0.0, 0.0, 0.0, 0.038691, -0.038691, -0.077382, 0.0, -0.038691, 0.116073, 0.0, 0.0, 0.0, -0.077382, 0.077382, -0.077382, 0.0, 0.038691, 0.038691, 0.077382, 0.077382, -0.077382, 0.077382, -0.077382, 0.0, -0.154765, 0.038691, 0.116073, 0.0, 0.0, -0.038691, -0.038691, 0.0, 0.0, -0.038691, -0.038691, 0.038691, -0.038691, 0.0, -0.038691, 0.038691, -0.038691, 0.0, -0.038691, -0.077382, -0.038691, 0.038691, -0.038691, 0.0, 0.077382, -0.116073, 0.038691, 0.0, 0.038691, -0.038691, -0.038691, 0.0, -0.038691, -0.116073, 0.0, -0.038691, 0.0, -0.038691, -0.038691, 0.0, 0.0, -0.038691, 0.0, 0.0, 0.077382, -0.077382, -0.038691, 0.077382, -0.038691, 0.038691, 0.0, -0.077382, 0.0, -0.077382, 0.0, -0.038691, 0.0, 0.0, 0.0, 0.0, -0.077382, 0.0, -0.232147, 0.038691, 0.038691, -0.038691, 0.038691, 0.0, 0.038691, 0.038691, -0.077382, 0.0, 0.038691, 0.0, 0.0, 0.038691, 0.0, 0.038691, 0.038691, 0.0, -0.116073, -0.038691, 0.0, 0.038691, 0.077382, 0.0, 0.0, 0.0, -0.038691, -0.077382, 0.077382, -0.038691, 0.0, 0.038691, -0.038691, -0.077382, -0.077382, 0.0, 0.038691, 0.0, 0.0, 0.0, 0.038691, 0.077382, 0.0, -0.077382, 0.038691, 0.038691, 0.038691, 0.0, 0.0, -0.038691, 0.038691, 0.0, -0.038691, 0.038691, 0.0, 0.0, -0.077382, 0.0, -0.116073, 0.077382, 0.038691, -0.038691, 0.077382, 0.0, 0.038691, 0.0, -0.038691, 0.0, 0.038691, 0.0, 0.0, 0.038691, -0.038691, -0.038691, -0.038691, 0.038691, 0.038691, 0.038691, 0.038691, -0.038691, 0.0, -0.077382, -0.038691, -0.038691, 0.0, 0.038691, -0.038691, 0.0, 0.038691, -0.038691, 0.038691, 0.0, 0.154765, 0.038691, 0.038691, -0.038691, -0.038691, 0.0, 0.0, 0.038691, -0.038691, 0.038691, 0.077382, 0.0, 0.0, 0.038691, -0.077382, -0.116073, 0.0, 0.0, 0.0, 0.0, 0.038691, 0.0, -0.116073, -0.038691, 0.0, 0.0, 0.077382, -0.038691, 0.038691, 0.038691, 0.038691, 0.0, 0.038691, -0.038691, -0.038691, -0.116073, 0.077382, 0.0, -0.077382, 0.0, -0.077382, -0.038691, 0.038691, 0.0, 0.0, -0.038691, 0.038691, 0.0, 0.0, 0.0, 0.077382, -0.038691, 0.0, -0.038691, 0.038691, -0.038691, 0.038691, -0.038691, 0.038691, -0.077382, 0.038691, 0.077382, 0.0, 0.0, 0.116073, 0.077382, 0.0, -0.038691, 0.038691, -0.038691, 0.0, 0.0, 0.038691, -0.038691, 0.077382, 0.038691, 0.038691, 0.0, -0.116073, 0.077382, 0.0, -0.116073, -0.077382, -0.038691, -0.077382, 0.038691, 0.077382, -0.077382, -0.038691, 0.0, 0.038691, 0.077382, -0.077382, 0.0, 0.0, -0.038691, 0.0, 0.0, -0.038691, -0.038691, 0.0, 0.038691, -0.038691, -0.038691, 0.0, 0.077382, -0.077382, 0.077382, 0.038691, -0.077382, 0.0, -0.038691, -0.077382, 0.077382, 0.0, 0.038691, 0.038691, 0.116073, -0.077382, 0.0, 0.0, -0.038691, 0.0, -0.038691, 0.0, 0.038691, -0.116073, 0.077382, -0.038691, 0.038691, -0.077382, -0.038691, 0.0, 0.0, 0.077382, -0.077382, -0.077382, 0.0, -0.038691, -0.038691, -0.038691]",12,6,6,75,98,0.531,0.5371,0.5249,0.469,1.0,0.3425,0.1667,0.5093,2026-09-19T18:16:40
cebc6689-b3eb-4a07-8da1-3f39b9826127,P-44138CFA98,T3,high,medium,google/gemma-4-31b-it,1,Neutral Engagement Agent,"You are browsing products on an online marketplace (e.g., Skroutz) and want to place an order. Two shops offer very similar prices, but one includes free shipping. Which shop do you choose, and what factors influence your decision?","[-0.026537, 0.026537, 0.026537, -0.026537, 0.079612, 0.079612, 0.053074, -0.053074, 0.026537, 0.053074, 0.026537, -0.053074, 0.106149, 0.0, 0.0, -0.079612, 0.079612, 0.079612, -0.026537, -0.026537, -0.053074, -0.026537, 0.0, -0.079612, -0.053074, 0.0, 0.053074, 0.0, 0.026537, -0.026537, -0.079612, 0.0, 0.026537, -0.026537, 0.106149, -0.079612, 0.0, 0.0, 0.0, -0.079612, 0.026537, -0.053074, 0.026537, 0.0, -0.026537, -0.026537, 0.026537, -0.026537, 0.0, -0.026537, -0.079612, -0.026537, 0.0, -0.026537, -0.026537, -0.026537, 0.0, 0.079612, 0.026537, -0.053074, 0.026537, 0.0, -0.053074, 0.053074, 0.053074, -0.026537, 0.0, -0.026537, -0.026537, -0.026537, 0.053074, -0.053074, 0.053074, -0.026537, -0.053074, -0.053074, 0.053074, 0.053074, 0.079612, 0.026537, -0.026537, 0.026537, 0.0, -0.026537, 0.026537, -0.053074, -0.026537, -0.079612, -0.026537, -0.026537, -0.026537, 0.026537, -0.079612, 0.026537, 0.053074, -0.079612, 0.0, -0.026537, -0.026537, 0.026537, 0.026537, -0.026537, -0.026537, 0.026537, 0.026537, -0.026537, -0.026537, -0.026537, 0.079612, -0.079612, 0.079612, -0.026537, 0.0, 0.053074, -0.053074, 0.0, -0.079612, 0.053074, -0.053074, 0.079612, 0.079612, -0.053074, 0.026537, 0.0, 0.026537, -0.053074, 0.026537, 0.026537, -0.026537, 0.132686, -0.079612, 0.026537, 0.0, 0.079612, -0.079612, -0.106149, -0.079612, -0.053074, -0.053074, 0.079612, 0.0, 0.106149, -0.026537, -0.053074, -0.053074, -0.106149, 0.079612, 0.0, 0.0, 0.026537, 0.053074, -0.106149, -0.026537, -0.053074, -0.053074, 0.132686, 0.026537, -0.026537, 0.079612, 0.079612, -0.053074, 0.026537, -0.026537, 0.106149, -0.026537, 0.026537, 0.079612, 0.0, -0.053074, -0.026537, -0.106149, 0.0, -0.053074, 0.106149, 0.026537, 0.026537, -0.079612, 0.053074, 0.0, 0.026537, 0.0, 0.0, 0.053074, -0.026537, 0.0, -0.026537, 0.0, 0.159223, 0.053074, -0.026537, -0.053074, 0.053074, 0.026537, 0.026537, -0.026537, 0.079612, 0.132686, 0.0, 0.026537, 0.026537, 0.026537, 0.053074, -0.053074, 0.0, 0.026537, -0.053074, -0.026537, 0.0, 0.079612, 0.026537, -0.053074, 0.106149, -0.026537, -0.026537, -0.026537, 0.026537, 0.079612, 0.0, -0.026537, 0.026537, -0.026537, 0.053074, 0.026537, -0.026537, -0.026537, 0.026537, 0.079612, 0.026537, -0.159223, 0.0, 0.0, 0.026537, 0.0, -0.079612, 0.0, -0.053074, -0.026537, 0.106149, -0.026537, -0.026537, 0.026537, -0.026537, 0.026537, 0.106149, 0.026537, 0.053074, 0.026537, 0.053074, -0.053074, 0.026537, 0.0, -0.026537, -0.053074, -0.026537, 0.0, 0.053074, -0.026537, -0.053074, -0.026537, -0.026537, -0.026537, -0.079612, -0.053074, -0.026537, 0.053074, -0.026537, 0.026537, -0.053074, 0.079612, 0.079612, -0.026537, -0.026537, 0.0, -0.053074, 0.0, 0.026537, 0.0, -0.053074, 0.0, -0.132686, -0.079612, -0.053074, -0.026537, -0.026537, 0.106149, -0.079612, 0.026537, -0.053074, 0.0, 0.0, -0.026537, -0.026537, -0.026537, -0.026537, 0.053074, 0.026537, 0.0, -0.026537, -0.106149, 0.053074, 0.0, 0.0, -0.026537, 0.079612, -0.026537, -0.026537, 0.079612, 0.026537, 0.0, 0.0, 0.026537, -0.053074, -0.079612, -0.079612, 0.079612, -0.079612, -0.026537, 0.0, -0.053074, 0.026537, -0.026537, 0.0, 0.0, 0.053074, 0.053074, 0.079612, 0.0, 0.053074, -0.053074, -0.026537, -0.053074, 0.026537, 0.0, 0.053074, -0.026537, 0.0, -0.106149, 0.053074, 0.0, -0.026537, -0.026537, 0.026537, -0.026537, -0.026537, 0.0, -0.079612, -0.026537, -0.053074, -0.026537, -0.026537, 0.0, 0.026537, -0.026537, 0.053074, -0.053074, -0.026537, 0.053074, 0.0, 0.0, -0.053074, 0.132686, 0.0, -0.053074, -0.053074, -0.053074, 0.0, -0.079612, -0.079612, -0.053074, -0.132686, 0.053074, -0.026537, 0.0, 0.079612, 0.0, -0.026537, 0.0, 0.0, -0.026537, 0.0, 0.0, 0.026537, -0.053074, -0.053074]",12,6,6,193,251,0.5638,0.5854,0.5465,0.4362,1.0,0.9457,0.0833,0.5055,2026-09-19T18:21:15
dbf6766d-9a04-461e-bc59-0044cc86037f,P-44138CFA98,T4,low,small,google/gemma-3-4b-it,0,Neutral Engagement Agent,Think about a typical weekday morning before leaving for work or university. How does that routine usually unfold?,"[-0.042182, 0.0, -0.084365, 0.0, -0.084365, 0.042182, 0.042182, -0.042182, 0.042182, 0.042182, 0.0, 0.0, 0.042182, 0.0, 0.0, 0.0, -0.042182, 0.042182, -0.042182, 0.0, 0.0, 0.042182, 0.084365, -0.042182, 0.0, 0.0, 0.0, -0.042182, -0.042182, 0.16873, 0.0, 0.0, 0.042182, 0.042182, 0.0, -0.042182, 0.0, 0.0, 0.126547, 0.042182, 0.0, -0.042182, 0.042182, -0.084365, -0.042182, -0.084365, 0.0, -0.042182, -0.042182, 0.0, 0.042182, -0.042182, 0.042182, 0.0, 0.084365, 0.084365, 0.0, -0.042182, 0.084365, 0.042182, -0.042182, -0.042182, 0.0, 0.0, 0.042182, -0.042182, 0.0, 0.0, 0.084365, -0.042182, -0.042182, 0.0, -0.042182, 0.126547, 0.042182, 0.0, -0.042182, 0.0, 0.084365, -0.084365, 0.0, 0.0, 0.042182, 0.042182, 0.084365, 0.042182, -0.042182, -0.084365, 0.0, -0.042182, 0.084365, 0.042182, 0.042182, 0.0, -0.084365, 0.0, 0.0, 0.0, 0.0, -0.042182, 0.042182, -0.126547, 0.042182, 0.0, 0.042182, 0.042182, 0.0, 0.0, -0.126547, 0.042182, 0.0, 0.0, -0.042182, 0.042182, -0.042182, 0.042182, 0.0, -0.042182, 0.0, -0.042182, 0.042182, 0.0, -0.084365, 0.0, -0.042182, 0.0, -0.042182, 0.0, 0.0, 0.0, -0.084365, 0.0, 0.0, 0.042182, -0.084365, -0.042182, 0.084365, -0.042182, 0.126547, 0.042182, -0.084365, 0.0, -0.042182, 0.0, 0.0, 0.0, 0.0, -0.084365, 0.0, -0.084365, -0.084365, -0.16873, 0.042182, 0.042182, 0.0, 0.042182, -0.042182, 0.042182, 0.0, -0.084365, 0.0, 0.042182, -0.042182, 0.042182, -0.084365, 0.042182, 0.042182, -0.042182, 0.084365, 0.0, -0.042182, 0.084365, 0.042182, 0.0, 0.0, 0.0, -0.084365, 0.0, -0.042182, 0.126547, -0.042182, 0.0, 0.042182, -0.042182, 0.0, -0.042182, 0.0, 0.0, 0.0, 0.0, -0.042182, 0.0, 0.0, -0.042182, -0.042182, 0.0, 0.0, 0.042182, 0.042182, 0.0, -0.084365, -0.042182, 0.0, 0.0, 0.042182, 0.084365, 0.042182, -0.084365, -0.084365, -0.084365, 0.126547, 0.042182, -0.084365, 0.084365, 0.0, 0.0, 0.0, 0.0, 0.0, 0.0, -0.042182, 0.0, 0.042182, 0.0, 0.042182, -0.126547, 0.0, 0.042182, 0.084365, 0.0, -0.084365, 0.042182, 0.0, -0.042182, 0.0, -0.042182, 0.0, 0.0, 0.0, 0.0, 0.0, 0.042182, -0.084365, 0.042182, 0.0, 0.042182, -0.084365, 0.042182, 0.0, -0.084365, 0.042182, -0.042182, 0.042182, 0.042182, -0.042182, 0.042182, 0.084365, -0.042182, -0.042182, -0.042182, 0.126547, 0.0, -0.084365, 0.042182, 0.0, 0.0, -0.042182, 0.0, 0.042182, -0.042182, 0.0, 0.0, 0.084365, -0.084365, 0.0, 0.084365, -0.042182, 0.0, -0.16873, 0.084365, 0.042182, -0.042182, 0.0, -0.084365, -0.042182, -0.042182, 0.042182, 0.0, -0.084365, 0.042182, -0.042182, 0.0, 0.042182, 0.084365, -0.042182, 0.0, -0.042182, -0.042182, 0.042182, 0.084365, 0.0, 0.042182, 0.0, 0.0, 0.084365, 0.0, 0.042182, 0.042182, 0.042182, 0.0, 0.084365, 0.0, 0.0, 0.0, -0.042182, 0.0, -0.042182, 0.0, 0.0, 0.042182, 0.0, -0.126547, -0.042182, -0.042182, -0.084365, 0.0, 0.0, 0.042182, -0.042182, 0.042182, -0.084365, -0.084365, -0.042182, -0.042182, 0.126547, -0.042182, 0.084365, -0.042182, -0.042182, 0.042182, 0.0, -0.042182, -0.042182, 0.0, 0.0, -0.042182, -0.042182, -0.042182, 0.0, -0.042182, 0.0, 0.0, -0.042182, 0.0, 0.0, 0.084365, 0.0, 0.0, 0.042182, 0.042182, 0.042182, -0.084365, 0.0, 0.042182, -0.042182, 0.0, -0.042182, 0.0, 0.0, -0.042182, 0.042182, 0.0, -0.042182, -0.042182, -0.042182, 0.0, 0.084365, 0.126547, -0.042182, -0.084365, 0.0, 0.0, 0.0, 0.042182]",12,6,6,77,98,0.5024,0.5064,0.5165,0.4976,1.0,0.2564,0.0,0.4794,2026-09-19T18:27:26
e44739e8-5e9a-4bed-a678-6fbb07f94629,P-44138CFA98,T3,high,medium,google/gemma-4-31b-it,0,Neutral Engagement Agent,"You are browsing products on an online marketplace (e.g., Skroutz) and want to place an order. Two shops offer very similar prices, but one includes free shipping. Which shop do you choose, and what factors influence your decision?","[-0.026537, 0.026537, 0.026537, -0.026537, 0.079612, 0.079612, 0.053074, -0.053074, 0.026537, 0.053074, 0.026537, -0.053074, 0.106149, 0.0, 0.0, -0.079612, 0.079612, 0.079612, -0.026537, -0.026537, -0.053074, -0.026537, 0.0, -0.079612, -0.053074, 0.0, 0.053074, 0.0, 0.026537, -0.026537, -0.079612, 0.0, 0.026537, -0.026537, 0.106149, -0.079612, 0.0, 0.0, 0.0, -0.079612, 0.026537, -0.053074, 0.026537, 0.0, -0.026537, -0.026537, 0.026537, -0.026537, 0.0, -0.026537, -0.079612, -0.026537, 0.0, -0.026537, -0.026537, -0.026537, 0.0, 0.079612, 0.026537, -0.053074, 0.026537, 0.0, -0.053074, 0.053074, 0.053074, -0.026537, 0.0, -0.026537, -0.026537, -0.026537, 0.053074, -0.053074, 0.053074, -0.026537, -0.053074, -0.053074, 0.053074, 0.053074, 0.079612, 0.026537, -0.026537, 0.026537, 0.0, -0.026537, 0.026537, -0.053074, -0.026537, -0.079612, -0.026537, -0.026537, -0.026537, 0.026537, -0.079612, 0.026537, 0.053074, -0.079612, 0.0, -0.026537, -0.026537, 0.026537, 0.026537, -0.026537, -0.026537, 0.026537, 0.026537, -0.026537, -0.026537, -0.026537, 0.079612, -0.079612, 0.079612, -0.026537, 0.0, 0.053074, -0.053074, 0.0, -0.079612, 0.053074, -0.053074, 0.079612, 0.079612, -0.053074, 0.026537, 0.0, 0.026537, -0.053074, 0.026537, 0.026537, -0.026537, 0.132686, -0.079612, 0.026537, 0.0, 0.079612, -0.079612, -0.106149, -0.079612, -0.053074, -0.053074, 0.079612, 0.0, 0.106149, -0.026537, -0.053074, -0.053074, -0.106149, 0.079612, 0.0, 0.0, 0.026537, 0.053074, -0.106149, -0.026537, -0.053074, -0.053074, 0.132686, 0.026537, -0.026537, 0.079612, 0.079612, -0.053074, 0.026537, -0.026537, 0.106149, -0.026537, 0.026537, 0.079612, 0.0, -0.053074, -0.026537, -0.106149, 0.0, -0.053074, 0.106149, 0.026537, 0.026537, -0.079612, 0.053074, 0.0, 0.026537, 0.0, 0.0, 0.053074, -0.026537, 0.0, -0.026537, 0.0, 0.159223, 0.053074, -0.026537, -0.053074, 0.053074, 0.026537, 0.026537, -0.026537, 0.079612, 0.132686, 0.0, 0.026537, 0.026537, 0.026537, 0.053074, -0.053074, 0.0, 0.026537, -0.053074, -0.026537, 0.0, 0.079612, 0.026537, -0.053074, 0.106149, -0.026537, -0.026537, -0.026537, 0.026537, 0.079612, 0.0, -0.026537, 0.026537, -0.026537, 0.053074, 0.026537, -0.026537, -0.026537, 0.026537, 0.079612, 0.026537, -0.159223, 0.0, 0.0, 0.026537, 0.0, -0.079612, 0.0, -0.053074, -0.026537, 0.106149, -0.026537, -0.026537, 0.026537, -0.026537, 0.026537, 0.106149, 0.026537, 0.053074, 0.026537, 0.053074, -0.053074, 0.026537, 0.0, -0.026537, -0.053074, -0.026537, 0.0, 0.053074, -0.026537, -0.053074, -0.026537, -0.026537, -0.026537, -0.079612, -0.053074, -0.026537, 0.053074, -0.026537, 0.026537, -0.053074, 0.079612, 0.079612, -0.026537, -0.026537, 0.0, -0.053074, 0.0, 0.026537, 0.0, -0.053074, 0.0, -0.132686, -0.079612, -0.053074, -0.026537, -0.026537, 0.106149, -0.079612, 0.026537, -0.053074, 0.0, 0.0, -0.026537, -0.026537, -0.026537, -0.026537, 0.053074, 0.026537, 0.0, -0.026537, -0.106149, 0.053074, 0.0, 0.0, -0.026537, 0.079612, -0.026537, -0.026537, 0.079612, 0.026537, 0.0, 0.0, 0.026537, -0.053074, -0.079612, -0.079612, 0.079612, -0.079612, -0.026537, 0.0, -0.053074, 0.026537, -0.026537, 0.0, 0.0, 0.053074, 0.053074, 0.079612, 0.0, 0.053074, -0.053074, -0.026537, -0.053074, 0.026537, 0.0, 0.053074, -0.026537, 0.0, -0.106149, 0.053074, 0.0, -0.026537, -0.026537, 0.026537, -0.026537, -0.026537, 0.0, -0.079612, -0.026537, -0.053074, -0.026537, -0.026537, 0.0, 0.026537, -0.026537, 0.053074, -0.053074, -0.026537, 0.053074, 0.0, 0.0, -0.053074, 0.132686, 0.0, -0.053074, -0.053074, -0.053074, 0.0, -0.079612, -0.079612, -0.053074, -0.132686, 0.053074, -0.026537, 0.0, 0.079612, 0.0, -0.026537, 0.0, 0.0, -0.026537, 0.0, 0.0, 0.026537, -0.053074, -0.053074]",12,6,6,202,263,0.5813,0.59,0.5543,0.4187,1.0,0.8392,0.0833,0.5092,2026-09-19T18:12:12
e9a3cfd5-2a6c-4445-8934-387991e2b346,P-44138CFA98,T4,low,medium,google/gemma-4-31b-it,1,Neutral Engagement Agent,Think about a typical weekday morning before leaving for work or university. How does that routine usually unfold?,"[-0.042182, 0.0, -0.084365, 0.0, -0.084365, 0.042182, 0.042182, -0.042182, 0.042182, 0.042182, 0.0, 0.0, 0.042182, 0.0, 0.0, 0.0, -0.042182, 0.042182, -0.042182, 0.0, 0.0, 0.042182, 0.084365, -0.042182, 0.0, 0.0, 0.0, -0.042182, -0.042182, 0.16873, 0.0, 0.0, 0.042182, 0.042182, 0.0, -0.042182, 0.0, 0.0, 0.126547, 0.042182, 0.0, -0.042182, 0.042182, -0.084365, -0.042182, -0.084365, 0.0, -0.042182, -0.042182, 0.0, 0.042182, -0.042182, 0.042182, 0.0, 0.084365, 0.084365, 0.0, -0.042182, 0.084365, 0.042182, -0.042182, -0.042182, 0.0, 0.0, 0.042182, -0.042182, 0.0, 0.0, 0.084365, -0.042182, -0.042182, 0.0, -0.042182, 0.126547, 0.042182, 0.0, -0.042182, 0.0, 0.084365, -0.084365, 0.0, 0.0, 0.042182, 0.042182, 0.084365, 0.042182, -0.042182, -0.084365, 0.0, -0.042182, 0.084365, 0.042182, 0.042182, 0.0, -0.084365, 0.0, 0.0, 0.0, 0.0, -0.042182, 0.042182, -0.126547, 0.042182, 0.0, 0.042182, 0.042182, 0.0, 0.0, -0.126547, 0.042182, 0.0, 0.0, -0.042182, 0.042182, -0.042182, 0.042182, 0.0, -0.042182, 0.0, -0.042182, 0.042182, 0.0, -0.084365, 0.0, -0.042182, 0.0, -0.042182, 0.0, 0.0, 0.0, -0.084365, 0.0, 0.0, 0.042182, -0.084365, -0.042182, 0.084365, -0.042182, 0.126547, 0.042182, -0.084365, 0.0, -0.042182, 0.0, 0.0, 0.0, 0.0, -0.084365, 0.0, -0.084365, -0.084365, -0.16873, 0.042182, 0.042182, 0.0, 0.042182, -0.042182, 0.042182, 0.0, -0.084365, 0.0, 0.042182, -0.042182, 0.042182, -0.084365, 0.042182, 0.042182, -0.042182, 0.084365, 0.0, -0.042182, 0.084365, 0.042182, 0.0, 0.0, 0.0, -0.084365, 0.0, -0.042182, 0.126547, -0.042182, 0.0, 0.042182, -0.042182, 0.0, -0.042182, 0.0, 0.0, 0.0, 0.0, -0.042182, 0.0, 0.0, -0.042182, -0.042182, 0.0, 0.0, 0.042182, 0.042182, 0.0, -0.084365, -0.042182, 0.0, 0.0, 0.042182, 0.084365, 0.042182, -0.084365, -0.084365, -0.084365, 0.126547, 0.042182, -0.084365, 0.084365, 0.0, 0.0, 0.0, 0.0, 0.0, 0.0, -0.042182, 0.0, 0.042182, 0.0, 0.042182, -0.126547, 0.0, 0.042182, 0.084365, 0.0, -0.084365, 0.042182, 0.0, -0.042182, 0.0, -0.042182, 0.0, 0.0, 0.0, 0.0, 0.0, 0.042182, -0.084365, 0.042182, 0.0, 0.042182, -0.084365, 0.042182, 0.0, -0.084365, 0.042182, -0.042182, 0.042182, 0.042182, -0.042182, 0.042182, 0.084365, -0.042182, -0.042182, -0.042182, 0.126547, 0.0, -0.084365, 0.042182, 0.0, 0.0, -0.042182, 0.0, 0.042182, -0.042182, 0.0, 0.0, 0.084365, -0.084365, 0.0, 0.084365, -0.042182, 0.0, -0.16873, 0.084365, 0.042182, -0.042182, 0.0, -0.084365, -0.042182, -0.042182, 0.042182, 0.0, -0.084365, 0.042182, -0.042182, 0.0, 0.042182, 0.084365, -0.042182, 0.0, -0.042182, -0.042182, 0.042182, 0.084365, 0.0, 0.042182, 0.0, 0.0, 0.084365, 0.0, 0.042182, 0.042182, 0.042182, 0.0, 0.084365, 0.0, 0.0, 0.0, -0.042182, 0.0, -0.042182, 0.0, 0.0, 0.042182, 0.0, -0.126547, -0.042182, -0.042182, -0.084365, 0.0, 0.0, 0.042182, -0.042182, 0.042182, -0.084365, -0.084365, -0.042182, -0.042182, 0.126547, -0.042182, 0.084365, -0.042182, -0.042182, 0.042182, 0.0, -0.042182, -0.042182, 0.0, 0.0, -0.042182, -0.042182, -0.042182, 0.0, -0.042182, 0.0, 0.0, -0.042182, 0.0, 0.0, 0.084365, 0.0, 0.0, 0.042182, 0.042182, 0.042182, -0.084365, 0.0, 0.042182, -0.042182, 0.0, -0.042182, 0.0, 0.0, -0.042182, 0.042182, 0.0, -0.042182, -0.042182, -0.042182, 0.0, 0.084365, 0.126547, -0.042182, -0.084365, 0.0, 0.0, 0.0, 0.042182]",12,6,6,198,258,0.5377,0.5835,0.5384,0.4623,1.0,0.9111,0.1667,0.5134,2026-09-19T16:51:36
ec325b46-d013-415f-aea5-55623a0656b3,P-44138CFA98,T3,high,small,google/gemma-3-4b-it,0,Neutral Engagement Agent,"You are browsing products on an online marketplace (e.g., Skroutz) and want to place an order. Several shops offer the same product. Two shops have identical ratings but different delivery times. Which shop do you choose, and why?","[0.0, -0.053567, 0.0, 0.0, 0.053567, 0.053567, 0.026784, -0.053567, -0.026784, 0.107134, 0.053567, 0.0, 0.080351, 0.026784, -0.026784, 0.0, 0.080351, 0.053567, -0.080351, -0.026784, 0.026784, -0.026784, 0.0, -0.053567, 0.0, 0.080351, 0.053567, 0.026784, 0.0, -0.026784, -0.053567, 0.0, 0.026784, 0.0, 0.107134, -0.026784, -0.026784, -0.026784, -0.053567, -0.080351, 0.026784, -0.053567, 0.026784, 0.053567, 0.0, -0.026784, 0.0, 0.026784, 0.053567, 0.026784, -0.107134, -0.026784, 0.080351, -0.026784, -0.026784, 0.0, 0.026784, 0.160701, -0.026784, -0.053567, 0.026784, -0.026784, 0.026784, 0.026784, 0.026784, 0.053567, 0.0, 0.026784, -0.026784, 0.026784, 0.053567, -0.080351, 0.053567, 0.026784, 0.0, -0.080351, 0.053567, 0.080351, 0.080351, 0.080351, 0.0, 0.053567, 0.0, -0.080351, 0.053567, -0.080351, 0.026784, -0.053567, 0.0, 0.0, -0.026784, -0.053567, -0.080351, 0.026784, -0.026784, -0.053567, 0.026784, 0.0, 0.0, -0.026784, 0.026784, 0.0, -0.026784, 0.053567, 0.026784, 0.026784, 0.0, 0.0, 0.053567, -0.080351, 0.053567, 0.0, 0.0, 0.053567, -0.026784, -0.026784, 0.0, 0.053567, -0.053567, 0.080351, 0.080351, 0.0, 0.053567, 0.026784, 0.107134, -0.053567, 0.0, -0.053567, 0.026784, 0.133918, -0.053567, 0.053567, 0.0, 0.080351, -0.026784, -0.107134, -0.107134, 0.0, -0.026784, 0.026784, 0.053567, 0.107134, 0.026784, -0.080351, -0.080351, -0.026784, 0.107134, 0.080351, 0.053567, 0.0, 0.026784, -0.026784, 0.053567, -0.053567, -0.080351, 0.160701, 0.026784, 0.026784, 0.053567, 0.053567, -0.053567, 0.053567, -0.053567, 0.107134, -0.107134, 0.080351, 0.053567, 0.0, -0.026784, 0.0, -0.080351, 0.0, -0.053567, 0.080351, 0.053567, 0.026784, -0.026784, 0.0, 0.053567, 0.026784, 0.026784, -0.026784, 0.0, -0.053567, 0.026784, 0.0, 0.0, 0.107134, 0.026784, -0.053567, -0.026784, 0.053567, 0.0, 0.0, -0.053567, 0.053567, 0.080351, -0.026784, 0.053567, 0.026784, 0.026784, 0.080351, -0.053567, 0.026784, 0.026784, -0.026784, -0.026784, 0.0, 0.080351, -0.053567, 0.0, 0.026784, -0.026784, -0.026784, 0.0, 0.053567, 0.053567, 0.026784, 0.026784, 0.053567, -0.026784, 0.107134, -0.026784, 0.0, 0.080351, 0.026784, 0.107134, 0.026784, -0.133918, 0.0, 0.026784, 0.053567, -0.026784, -0.026784, 0.0, -0.080351, 0.026784, 0.026784, 0.0, -0.026784, 0.080351, 0.080351, 0.026784, 0.080351, 0.0, 0.0, 0.026784, 0.0, 0.0, 0.053567, 0.0, -0.026784, 0.026784, 0.026784, 0.026784, 0.0, -0.026784, -0.053567, -0.080351, -0.026784, 0.0, -0.026784, 0.0, 0.026784, 0.053567, -0.053567, 0.053567, -0.053567, 0.026784, 0.026784, 0.0, -0.053567, 0.0, -0.026784, 0.026784, 0.0, 0.026784, -0.107134, 0.0, -0.080351, -0.107134, -0.026784, -0.026784, -0.080351, 0.107134, 0.026784, 0.0, 0.0, 0.0, 0.053567, -0.026784, 0.0, -0.026784, 0.0, 0.133918, 0.0, -0.026784, 0.0, -0.133918, 0.053567, 0.0, -0.026784, 0.0, 0.053567, 0.026784, 0.0, 0.0, -0.026784, 0.053567, 0.0, 0.026784, 0.026784, -0.080351, -0.026784, 0.053567, -0.107134, -0.026784, 0.026784, -0.080351, 0.026784, -0.026784, -0.026784, 0.0, 0.026784, -0.026784, 0.080351, 0.0, 0.080351, -0.026784, -0.026784, -0.053567, 0.053567, 0.026784, 0.0, 0.026784, 0.0, -0.080351, 0.026784, -0.026784, -0.080351, 0.026784, 0.026784, -0.026784, 0.026784, -0.080351, -0.080351, -0.026784, -0.026784, -0.053567, -0.026784, 0.053567, 0.053567, 0.0, 0.080351, -0.053567, -0.053567, 0.053567, -0.026784, 0.0, -0.026784, 0.133918, 0.0, -0.053567, -0.053567, 0.026784, 0.026784, -0.053567, -0.026784, -0.053567, -0.133918, 0.026784, -0.053567, 0.026784, 0.0, 0.026784, 0.026784, 0.026784, 0.0, -0.053567, 0.026784, 0.026784, 0.0, -0.080351, -0.026784]",12,6,6,57,76,0.5056,0.5113,0.522,0.4944,1.0,0.2881,0.0,0.4811,2026-09-19T17:02:12
f4efc0b5-9002-4569-824b-fcbe34064274,P-44138CFA98,T3,high,medium,google/gemma-4-31b-it,0,Neutral Engagement Agent,"You are browsing products on an online marketplace (e.g., Skroutz) and want to place an order. Several shops offer the same product. Two shops have identical ratings but different delivery times. Which shop do you choose, and why?","[0.0, -0.053567, 0.0, 0.0, 0.053567, 0.053567, 0.026784, -0.053567, -0.026784, 0.107134, 0.053567, 0.0, 0.080351, 0.026784, -0.026784, 0.0, 0.080351, 0.053567, -0.080351, -0.026784, 0.026784, -0.026784, 0.0, -0.053567, 0.0, 0.080351, 0.053567, 0.026784, 0.0, -0.026784, -0.053567, 0.0, 0.026784, 0.0, 0.107134, -0.026784, -0.026784, -0.026784, -0.053567, -0.080351, 0.026784, -0.053567, 0.026784, 0.053567, 0.0, -0.026784, 0.0, 0.026784, 0.053567, 0.026784, -0.107134, -0.026784, 0.080351, -0.026784, -0.026784, 0.0, 0.026784, 0.160701, -0.026784, -0.053567, 0.026784, -0.026784, 0.026784, 0.026784, 0.026784, 0.053567, 0.0, 0.026784, -0.026784, 0.026784, 0.053567, -0.080351, 0.053567, 0.026784, 0.0, -0.080351, 0.053567, 0.080351, 0.080351, 0.080351, 0.0, 0.053567, 0.0, -0.080351, 0.053567, -0.080351, 0.026784, -0.053567, 0.0, 0.0, -0.026784, -0.053567, -0.080351, 0.026784, -0.026784, -0.053567, 0.026784, 0.0, 0.0, -0.026784, 0.026784, 0.0, -0.026784, 0.053567, 0.026784, 0.026784, 0.0, 0.0, 0.053567, -0.080351, 0.053567, 0.0, 0.0, 0.053567, -0.026784, -0.026784, 0.0, 0.053567, -0.053567, 0.080351, 0.080351, 0.0, 0.053567, 0.026784, 0.107134, -0.053567, 0.0, -0.053567, 0.026784, 0.133918, -0.053567, 0.053567, 0.0, 0.080351, -0.026784, -0.107134, -0.107134, 0.0, -0.026784, 0.026784, 0.053567, 0.107134, 0.026784, -0.080351, -0.080351, -0.026784, 0.107134, 0.080351, 0.053567, 0.0, 0.026784, -0.026784, 0.053567, -0.053567, -0.080351, 0.160701, 0.026784, 0.026784, 0.053567, 0.053567, -0.053567, 0.053567, -0.053567, 0.107134, -0.107134, 0.080351, 0.053567, 0.0, -0.026784, 0.0, -0.080351, 0.0, -0.053567, 0.080351, 0.053567, 0.026784, -0.026784, 0.0, 0.053567, 0.026784, 0.026784, -0.026784, 0.0, -0.053567, 0.026784, 0.0, 0.0, 0.107134, 0.026784, -0.053567, -0.026784, 0.053567, 0.0, 0.0, -0.053567, 0.053567, 0.080351, -0.026784, 0.053567, 0.026784, 0.026784, 0.080351, -0.053567, 0.026784, 0.026784, -0.026784, -0.026784, 0.0, 0.080351, -0.053567, 0.0, 0.026784, -0.026784, -0.026784, 0.0, 0.053567, 0.053567, 0.026784, 0.026784, 0.053567, -0.026784, 0.107134, -0.026784, 0.0, 0.080351, 0.026784, 0.107134, 0.026784, -0.133918, 0.0, 0.026784, 0.053567, -0.026784, -0.026784, 0.0, -0.080351, 0.026784, 0.026784, 0.0, -0.026784, 0.080351, 0.080351, 0.026784, 0.080351, 0.0, 0.0, 0.026784, 0.0, 0.0, 0.053567, 0.0, -0.026784, 0.026784, 0.026784, 0.026784, 0.0, -0.026784, -0.053567, -0.080351, -0.026784, 0.0, -0.026784, 0.0, 0.026784, 0.053567, -0.053567, 0.053567, -0.053567, 0.026784, 0.026784, 0.0, -0.053567, 0.0, -0.026784, 0.026784, 0.0, 0.026784, -0.107134, 0.0, -0.080351, -0.107134, -0.026784, -0.026784, -0.080351, 0.107134, 0.026784, 0.0, 0.0, 0.0, 0.053567, -0.026784, 0.0, -0.026784, 0.0, 0.133918, 0.0, -0.026784, 0.0, -0.133918, 0.053567, 0.0, -0.026784, 0.0, 0.053567, 0.026784, 0.0, 0.0, -0.026784, 0.053567, 0.0, 0.026784, 0.026784, -0.080351, -0.026784, 0.053567, -0.107134, -0.026784, 0.026784, -0.080351, 0.026784, -0.026784, -0.026784, 0.0, 0.026784, -0.026784, 0.080351, 0.0, 0.080351, -0.026784, -0.026784, -0.053567, 0.053567, 0.026784, 0.0, 0.026784, 0.0, -0.080351, 0.026784, -0.026784, -0.080351, 0.026784, 0.026784, -0.026784, 0.026784, -0.080351, -0.080351, -0.026784, -0.026784, -0.053567, -0.026784, 0.053567, 0.053567, 0.0, 0.080351, -0.053567, -0.053567, 0.053567, -0.026784, 0.0, -0.026784, 0.133918, 0.0, -0.053567, -0.053567, 0.026784, 0.026784, -0.053567, -0.026784, -0.053567, -0.133918, 0.026784, -0.053567, 0.026784, 0.0, 0.026784, 0.026784, 0.026784, 0.0, -0.053567, 0.026784, 0.026784, 0.0, -0.080351, -0.026784]",12,6,6,171,225,0.5776,0.5836,0.5378,0.4224,1.0,0.9068,0.1667,0.5172,2026-09-19T18:06:46
07ae710c-6ca7-4f8e-81f4-a4bcc23cbb55,P-482AABB718,T5,high,small,google/gemma-3-4b-it,1,Neutral Engagement Agent,"After completing a demanding task or exam, you finally have some free time. How do you usually relax?","[0.0, 0.0, 0.037743, 0.0, -0.037743, -0.075485, 0.0, -0.075485, 0.0, 0.0, 0.0, 0.0, 0.075485, 0.075485, 0.0, 0.037743, -0.075485, 0.037743, 0.0, 0.0, 0.0, 0.037743, 0.0, -0.037743, -0.037743, 0.037743, 0.0, 0.0, 0.0, 0.037743, 0.0, 0.0, -0.037743, 0.113228, 0.075485, -0.037743, 0.0, 0.113228, 0.0, 0.037743, 0.037743, 0.037743, 0.075485, -0.075485, -0.037743, -0.113228, 0.037743, 0.0, 0.0, 0.0, 0.037743, 0.037743, 0.037743, 0.075485, 0.037743, 0.0, 0.0, -0.037743, -0.037743, -0.075485, -0.037743, 0.0, 0.0, 0.0, -0.037743, 0.0, -0.037743, 0.0, 0.037743, 0.037743, 0.037743, -0.037743, 0.0, 0.0, 0.0, 0.0, 0.113228, 0.0, 0.037743, 0.0, 0.0, 0.226455, 0.0, -0.037743, 0.113228, -0.075485, 0.037743, -0.113228, 0.0, 0.0, 0.0, -0.037743, 0.037743, 0.037743, -0.075485, -0.113228, 0.0, -0.037743, 0.0, 0.0, 0.037743, 0.037743, -0.037743, 0.037743, 0.037743, 0.037743, 0.0, 0.0, 0.0, -0.037743, 0.037743, 0.0, 0.0, 0.037743, -0.075485, -0.037743, -0.037743, 0.037743, -0.037743, -0.037743, 0.0, 0.0, 0.0, 0.0, -0.037743, -0.037743, 0.0, 0.0, -0.037743, -0.037743, 0.0, 0.075485, 0.0, 0.113228, 0.0, 0.037743, 0.0, -0.075485, 0.075485, 0.0, 0.0, 0.0, -0.037743, 0.0, -0.037743, 0.0, 0.0, -0.037743, 0.075485, 0.0, -0.037743, -0.113228, -0.037743, 0.037743, 0.037743, 0.037743, -0.037743, 0.037743, 0.113228, 0.0, 0.037743, 0.037743, 0.0, 0.037743, -0.037743, 0.113228, 0.0, -0.037743, -0.037743, 0.0, 0.037743, 0.037743, 0.0, 0.113228, 0.037743, 0.037743, -0.075485, -0.037743, -0.037743, 0.0, 0.113228, 0.037743, 0.113228, 0.0, 0.0, 0.0, 0.0, 0.075485, -0.037743, 0.0, 0.0, 0.075485, 0.15097, 0.0, -0.15097, 0.075485, 0.037743, 0.037743, -0.037743, 0.0, -0.037743, 0.037743, 0.037743, 0.075485, 0.075485, -0.037743, -0.037743, -0.037743, -0.037743, -0.113228, 0.15097, -0.037743, 0.075485, 0.037743, 0.0, 0.0, 0.037743, -0.037743, 0.037743, 0.0, 0.0, -0.075485, 0.037743, -0.075485, 0.0, 0.037743, 0.037743, 0.075485, -0.037743, -0.113228, 0.0, 0.075485, -0.075485, -0.037743, -0.037743, -0.037743, -0.037743, 0.037743, 0.037743, -0.037743, -0.037743, 0.037743, 0.037743, 0.113228, 0.075485, 0.0, 0.0, -0.037743, 0.0, 0.0, -0.037743, 0.0, 0.15097, 0.0, -0.037743, -0.075485, -0.037743, -0.113228, -0.075485, 0.0, -0.037743, -0.037743, 0.0, 0.037743, 0.037743, -0.037743, 0.075485, 0.037743, 0.075485, 0.113228, -0.075485, 0.0, 0.0, 0.0, 0.0, 0.0, -0.037743, -0.037743, -0.075485, 0.0, -0.075485, 0.0, 0.037743, -0.037743, -0.113228, 0.113228, -0.037743, -0.075485, -0.037743, 0.0, 0.037743, 0.0, -0.037743, 0.075485, -0.037743, 0.113228, -0.075485, 0.0, -0.037743, 0.037743, -0.037743, 0.0, -0.037743, 0.113228, 0.037743, 0.037743, 0.0, 0.037743, 0.037743, -0.037743, 0.0, 0.037743, -0.075485, 0.037743, 0.075485, 0.0, 0.0, 0.037743, 0.0, 0.0, 0.037743, -0.037743, 0.0, 0.037743, 0.0, 0.0, 0.0, -0.113228, 0.0, 0.037743, -0.037743, 0.0, -0.037743, 0.037743, 0.075485, 0.0, 0.0, -0.037743, 0.0, 0.0, 0.037743, 0.037743, -0.037743, -0.037743, 0.0, -0.037743, 0.0, 0.0, 0.037743, -0.037743, -0.037743, 0.0, -0.075485, 0.0, 0.0, -0.113228, 0.0, -0.037743, -0.037743, -0.037743, 0.037743, 0.0, 0.037743, 0.0, -0.037743, 0.0, 0.0, 0.0, 0.0, -0.188713, 0.0, 0.0, 0.0, -0.075485, 0.0, 0.037743, 0.037743, 0.0, -0.075485, -0.037743, 0.075485, 0.0, 0.0, 0.0]",12,6,6,122,158,0.5441,0.5535,0.5596,0.4559,1.0,0.6989,0.1667,0.5193,2026-09-19T15:26:22
1190bf41-27f4-4277-9966-33c4bf150fa2,P-482AABB718,T5,high,medium,google/gemma-4-31b-it,1,Neutral Engagement Agent,"After completing a demanding task or exam, you finally have some free time. How do you usually relax?","[0.0, 0.0, 0.037743, 0.0, -0.037743, -0.075485, 0.0, -0.075485, 0.0, 0.0, 0.0, 0.0, 0.075485, 0.075485, 0.0, 0.037743, -0.075485, 0.037743, 0.0, 0.0, 0.0, 0.037743, 0.0, -0.037743, -0.037743, 0.037743, 0.0, 0.0, 0.0, 0.037743, 0.0, 0.0, -0.037743, 0.113228, 0.075485, -0.037743, 0.0, 0.113228, 0.0, 0.037743, 0.037743, 0.037743, 0.075485, -0.075485, -0.037743, -0.113228, 0.037743, 0.0, 0.0, 0.0, 0.037743, 0.037743, 0.037743, 0.075485, 0.037743, 0.0, 0.0, -0.037743, -0.037743, -0.075485, -0.037743, 0.0, 0.0, 0.0, -0.037743, 0.0, -0.037743, 0.0, 0.037743, 0.037743, 0.037743, -0.037743, 0.0, 0.0, 0.0, 0.0, 0.113228, 0.0, 0.037743, 0.0, 0.0, 0.226455, 0.0, -0.037743, 0.113228, -0.075485, 0.037743, -0.113228, 0.0, 0.0, 0.0, -0.037743, 0.037743, 0.037743, -0.075485, -0.113228, 0.0, -0.037743, 0.0, 0.0, 0.037743, 0.037743, -0.037743, 0.037743, 0.037743, 0.037743, 0.0, 0.0, 0.0, -0.037743, 0.037743, 0.0, 0.0, 0.037743, -0.075485, -0.037743, -0.037743, 0.037743, -0.037743, -0.037743, 0.0, 0.0, 0.0, 0.0, -0.037743, -0.037743, 0.0, 0.0, -0.037743, -0.037743, 0.0, 0.075485, 0.0, 0.113228, 0.0, 0.037743, 0.0, -0.075485, 0.075485, 0.0, 0.0, 0.0, -0.037743, 0.0, -0.037743, 0.0, 0.0, -0.037743, 0.075485, 0.0, -0.037743, -0.113228, -0.037743, 0.037743, 0.037743, 0.037743, -0.037743, 0.037743, 0.113228, 0.0, 0.037743, 0.037743, 0.0, 0.037743, -0.037743, 0.113228, 0.0, -0.037743, -0.037743, 0.0, 0.037743, 0.037743, 0.0, 0.113228, 0.037743, 0.037743, -0.075485, -0.037743, -0.037743, 0.0, 0.113228, 0.037743, 0.113228, 0.0, 0.0, 0.0, 0.0, 0.075485, -0.037743, 0.0, 0.0, 0.075485, 0.15097, 0.0, -0.15097, 0.075485, 0.037743, 0.037743, -0.037743, 0.0, -0.037743, 0.037743, 0.037743, 0.075485, 0.075485, -0.037743, -0.037743, -0.037743, -0.037743, -0.113228, 0.15097, -0.037743, 0.075485, 0.037743, 0.0, 0.0, 0.037743, -0.037743, 0.037743, 0.0, 0.0, -0.075485, 0.037743, -0.075485, 0.0, 0.037743, 0.037743, 0.075485, -0.037743, -0.113228, 0.0, 0.075485, -0.075485, -0.037743, -0.037743, -0.037743, -0.037743, 0.037743, 0.037743, -0.037743, -0.037743, 0.037743, 0.037743, 0.113228, 0.075485, 0.0, 0.0, -0.037743, 0.0, 0.0, -0.037743, 0.0, 0.15097, 0.0, -0.037743, -0.075485, -0.037743, -0.113228, -0.075485, 0.0, -0.037743, -0.037743, 0.0, 0.037743, 0.037743, -0.037743, 0.075485, 0.037743, 0.075485, 0.113228, -0.075485, 0.0, 0.0, 0.0, 0.0, 0.0, -0.037743, -0.037743, -0.075485, 0.0, -0.075485, 0.0, 0.037743, -0.037743, -0.113228, 0.113228, -0.037743, -0.075485, -0.037743, 0.0, 0.037743, 0.0, -0.037743, 0.075485, -0.037743, 0.113228, -0.075485, 0.0, -0.037743, 0.037743, -0.037743, 0.0, -0.037743, 0.113228, 0.037743, 0.037743, 0.0, 0.037743, 0.037743, -0.037743, 0.0, 0.037743, -0.075485, 0.037743, 0.075485, 0.0, 0.0, 0.037743, 0.0, 0.0, 0.037743, -0.037743, 0.0, 0.037743, 0.0, 0.0, 0.0, -0.113228, 0.0, 0.037743, -0.037743, 0.0, -0.037743, 0.037743, 0.075485, 0.0, 0.0, -0.037743, 0.0, 0.0, 0.037743, 0.037743, -0.037743, -0.037743, 0.0, -0.037743, 0.0, 0.0, 0.037743, -0.037743, -0.037743, 0.0, -0.075485, 0.0, 0.0, -0.113228, 0.0, -0.037743, -0.037743, -0.037743, 0.037743, 0.0, 0.037743, 0.0, -0.037743, 0.0, 0.0, 0.0, 0.0, -0.188713, 0.0, 0.0, 0.0, -0.075485, 0.0, 0.037743, 0.037743, 0.0, -0.075485, -0.037743, 0.075485, 0.0, 0.0, 0.0]",12,6,6,160,209,0.5798,0.5826,0.5284,0.4202,1.0,0.8333,0.0833,0.5026,2026-09-19T15:26:22
2e7f012c-50fd-4d49-bdab-6620411b721f,P-482AABB718,T5,high,medium,google/gemma-4-31b-it,0,Neutral Engagement Agent,"After completing a demanding task or exam, you finally have some free time. How do you usually relax?","[0.0, 0.0, 0.037743, 0.0, -0.037743, -0.075485, 0.0, -0.075485, 0.0, 0.0, 0.0, 0.0, 0.075485, 0.075485, 0.0, 0.037743, -0.075485, 0.037743, 0.0, 0.0, 0.0, 0.037743, 0.0, -0.037743, -0.037743, 0.037743, 0.0, 0.0, 0.0, 0.037743, 0.0, 0.0, -0.037743, 0.113228, 0.075485, -0.037743, 0.0, 0.113228, 0.0, 0.037743, 0.037743, 0.037743, 0.075485, -0.075485, -0.037743, -0.113228, 0.037743, 0.0, 0.0, 0.0, 0.037743, 0.037743, 0.037743, 0.075485, 0.037743, 0.0, 0.0, -0.037743, -0.037743, -0.075485, -0.037743, 0.0, 0.0, 0.0, -0.037743, 0.0, -0.037743, 0.0, 0.037743, 0.037743, 0.037743, -0.037743, 0.0, 0.0, 0.0, 0.0, 0.113228, 0.0, 0.037743, 0.0, 0.0, 0.226455, 0.0, -0.037743, 0.113228, -0.075485, 0.037743, -0.113228, 0.0, 0.0, 0.0, -0.037743, 0.037743, 0.037743, -0.075485, -0.113228, 0.0, -0.037743, 0.0, 0.0, 0.037743, 0.037743, -0.037743, 0.037743, 0.037743, 0.037743, 0.0, 0.0, 0.0, -0.037743, 0.037743, 0.0, 0.0, 0.037743, -0.075485, -0.037743, -0.037743, 0.037743, -0.037743, -0.037743, 0.0, 0.0, 0.0, 0.0, -0.037743, -0.037743, 0.0, 0.0, -0.037743, -0.037743, 0.0, 0.075485, 0.0, 0.113228, 0.0, 0.037743, 0.0, -0.075485, 0.075485, 0.0, 0.0, 0.0, -0.037743, 0.0, -0.037743, 0.0, 0.0, -0.037743, 0.075485, 0.0, -0.037743, -0.113228, -0.037743, 0.037743, 0.037743, 0.037743, -0.037743, 0.037743, 0.113228, 0.0, 0.037743, 0.037743, 0.0, 0.037743, -0.037743, 0.113228, 0.0, -0.037743, -0.037743, 0.0, 0.037743, 0.037743, 0.0, 0.113228, 0.037743, 0.037743, -0.075485, -0.037743, -0.037743, 0.0, 0.113228, 0.037743, 0.113228, 0.0, 0.0, 0.0, 0.0, 0.075485, -0.037743, 0.0, 0.0, 0.075485, 0.15097, 0.0, -0.15097, 0.075485, 0.037743, 0.037743, -0.037743, 0.0, -0.037743, 0.037743, 0.037743, 0.075485, 0.075485, -0.037743, -0.037743, -0.037743, -0.037743, -0.113228, 0.15097, -0.037743, 0.075485, 0.037743, 0.0, 0.0, 0.037743, -0.037743, 0.037743, 0.0, 0.0, -0.075485, 0.037743, -0.075485, 0.0, 0.037743, 0.037743, 0.075485, -0.037743, -0.113228, 0.0, 0.075485, -0.075485, -0.037743, -0.037743, -0.037743, -0.037743, 0.037743, 0.037743, -0.037743, -0.037743, 0.037743, 0.037743, 0.113228, 0.075485, 0.0, 0.0, -0.037743, 0.0, 0.0, -0.037743, 0.0, 0.15097, 0.0, -0.037743, -0.075485, -0.037743, -0.113228, -0.075485, 0.0, -0.037743, -0.037743, 0.0, 0.037743, 0.037743, -0.037743, 0.075485, 0.037743, 0.075485, 0.113228, -0.075485, 0.0, 0.0, 0.0, 0.0, 0.0, -0.037743, -0.037743, -0.075485, 0.0, -0.075485, 0.0, 0.037743, -0.037743, -0.113228, 0.113228, -0.037743, -0.075485, -0.037743, 0.0, 0.037743, 0.0, -0.037743, 0.075485, -0.037743, 0.113228, -0.075485, 0.0, -0.037743, 0.037743, -0.037743, 0.0, -0.037743, 0.113228, 0.037743, 0.037743, 0.0, 0.037743, 0.037743, -0.037743, 0.0, 0.037743, -0.075485, 0.037743, 0.075485, 0.0, 0.0, 0.037743, 0.0, 0.0, 0.037743, -0.037743, 0.0, 0.037743, 0.0, 0.0, 0.0, -0.113228, 0.0, 0.037743, -0.037743, 0.0, -0.037743, 0.037743, 0.075485, 0.0, 0.0, -0.037743, 0.0, 0.0, 0.037743, 0.037743, -0.037743, -0.037743, 0.0, -0.037743, 0.0, 0.0, 0.037743, -0.037743, -0.037743, 0.0, -0.075485, 0.0, 0.0, -0.113228, 0.0, -0.037743, -0.037743, -0.037743, 0.037743, 0.0, 0.037743, 0.0, -0.037743, 0.0, 0.0, 0.0, 0.0, -0.188713, 0.0, 0.0, 0.0, -0.075485, 0.0, 0.037743, 0.037743, 0.0, -0.075485, -0.037743, 0.075485, 0.0, 0.0, 0.0]",12,6,6,165,216,0.5504,0.5909,0.55,0.4496,1.0,0.8151,0.0,0.4925,2026-09-19T15:26:22
33ad0f17-eeed-42b1-9786-d601d92dbf95,P-482AABB718,T5,high,small,google/gemma-3-4b-it,0,Neutral Engagement Agent,"After completing a demanding task or exam, you finally have some free time. How do you usually relax?","[0.0, 0.0, 0.037743, 0.0, -0.037743, -0.075485, 0.0, -0.075485, 0.0, 0.0, 0.0, 0.0, 0.075485, 0.075485, 0.0, 0.037743, -0.075485, 0.037743, 0.0, 0.0, 0.0, 0.037743, 0.0, -0.037743, -0.037743, 0.037743, 0.0, 0.0, 0.0, 0.037743, 0.0, 0.0, -0.037743, 0.113228, 0.075485, -0.037743, 0.0, 0.113228, 0.0, 0.037743, 0.037743, 0.037743, 0.075485, -0.075485, -0.037743, -0.113228, 0.037743, 0.0, 0.0, 0.0, 0.037743, 0.037743, 0.037743, 0.075485, 0.037743, 0.0, 0.0, -0.037743, -0.037743, -0.075485, -0.037743, 0.0, 0.0, 0.0, -0.037743, 0.0, -0.037743, 0.0, 0.037743, 0.037743, 0.037743, -0.037743, 0.0, 0.0, 0.0, 0.0, 0.113228, 0.0, 0.037743, 0.0, 0.0, 0.226455, 0.0, -0.037743, 0.113228, -0.075485, 0.037743, -0.113228, 0.0, 0.0, 0.0, -0.037743, 0.037743, 0.037743, -0.075485, -0.113228, 0.0, -0.037743, 0.0, 0.0, 0.037743, 0.037743, -0.037743, 0.037743, 0.037743, 0.037743, 0.0, 0.0, 0.0, -0.037743, 0.037743, 0.0, 0.0, 0.037743, -0.075485, -0.037743, -0.037743, 0.037743, -0.037743, -0.037743, 0.0, 0.0, 0.0, 0.0, -0.037743, -0.037743, 0.0, 0.0, -0.037743, -0.037743, 0.0, 0.075485, 0.0, 0.113228, 0.0, 0.037743, 0.0, -0.075485, 0.075485, 0.0, 0.0, 0.0, -0.037743, 0.0, -0.037743, 0.0, 0.0, -0.037743, 0.075485, 0.0, -0.037743, -0.113228, -0.037743, 0.037743, 0.037743, 0.037743, -0.037743, 0.037743, 0.113228, 0.0, 0.037743, 0.037743, 0.0, 0.037743, -0.037743, 0.113228, 0.0, -0.037743, -0.037743, 0.0, 0.037743, 0.037743, 0.0, 0.113228, 0.037743, 0.037743, -0.075485, -0.037743, -0.037743, 0.0, 0.113228, 0.037743, 0.113228, 0.0, 0.0, 0.0, 0.0, 0.075485, -0.037743, 0.0, 0.0, 0.075485, 0.15097, 0.0, -0.15097, 0.075485, 0.037743, 0.037743, -0.037743, 0.0, -0.037743, 0.037743, 0.037743, 0.075485, 0.075485, -0.037743, -0.037743, -0.037743, -0.037743, -0.113228, 0.15097, -0.037743, 0.075485, 0.037743, 0.0, 0.0, 0.037743, -0.037743, 0.037743, 0.0, 0.0, -0.075485, 0.037743, -0.075485, 0.0, 0.037743, 0.037743, 0.075485, -0.037743, -0.113228, 0.0, 0.075485, -0.075485, -0.037743, -0.037743, -0.037743, -0.037743, 0.037743, 0.037743, -0.037743, -0.037743, 0.037743, 0.037743, 0.113228, 0.075485, 0.0, 0.0, -0.037743, 0.0, 0.0, -0.037743, 0.0, 0.15097, 0.0, -0.037743, -0.075485, -0.037743, -0.113228, -0.075485, 0.0, -0.037743, -0.037743, 0.0, 0.037743, 0.037743, -0.037743, 0.075485, 0.037743, 0.075485, 0.113228, -0.075485, 0.0, 0.0, 0.0, 0.0, 0.0, -0.037743, -0.037743, -0.075485, 0.0, -0.075485, 0.0, 0.037743, -0.037743, -0.113228, 0.113228, -0.037743, -0.075485, -0.037743, 0.0, 0.037743, 0.0, -0.037743, 0.075485, -0.037743, 0.113228, -0.075485, 0.0, -0.037743, 0.037743, -0.037743, 0.0, -0.037743, 0.113228, 0.037743, 0.037743, 0.0, 0.037743, 0.037743, -0.037743, 0.0, 0.037743, -0.075485, 0.037743, 0.075485, 0.0, 0.0, 0.037743, 0.0, 0.0, 0.037743, -0.037743, 0.0, 0.037743, 0.0, 0.0, 0.0, -0.113228, 0.0, 0.037743, -0.037743, 0.0, -0.037743, 0.037743, 0.075485, 0.0, 0.0, -0.037743, 0.0, 0.0, 0.037743, 0.037743, -0.037743, -0.037743, 0.0, -0.037743, 0.0, 0.0, 0.037743, -0.037743, -0.037743, 0.0, -0.075485, 0.0, 0.0, -0.113228, 0.0, -0.037743, -0.037743, -0.037743, 0.037743, 0.0, 0.037743, 0.0, -0.037743, 0.0, 0.0, 0.0, 0.0, -0.188713, 0.0, 0.0, 0.0, -0.075485, 0.0, 0.037743, 0.037743, 0.0, -0.075485, -0.037743, 0.075485, 0.0, 0.0, 0.0]",12,6,6,107,139,0.5599,0.5921,0.5156,0.4401,1.0,0.7595,0.0,0.4849,2026-09-19T15:26:22
3c81d34c-f4df-4587-90f0-51cd5209dd1d,P-482AABB718,T4,low,medium,google/gemma-4-31b-it,1,Neutral Engagement Agent,Think about a typical weekday evening after returning from work or university. How do you usually spend that time?,"[-0.038691, 0.0, 0.038691, -0.038691, -0.038691, 0.0, 0.038691, -0.038691, 0.038691, -0.038691, 0.0, 0.0, 0.038691, 0.038691, 0.0, -0.038691, 0.0, 0.038691, -0.038691, 0.0, 0.0, 0.038691, 0.0, -0.116073, -0.038691, 0.0, 0.0, 0.0, 0.0, 0.116073, 0.0, 0.0, 0.0, 0.116073, 0.038691, -0.077382, 0.0, 0.077382, 0.0, 0.077382, 0.0, 0.0, 0.038691, -0.077382, 0.0, -0.116073, 0.077382, -0.038691, -0.077382, 0.0, 0.038691, 0.077382, 0.038691, 0.077382, 0.077382, 0.038691, 0.0, -0.038691, 0.038691, 0.038691, -0.077382, 0.0, -0.038691, 0.0, 0.0, 0.0, 0.0, 0.0, 0.038691, -0.038691, -0.077382, 0.0, -0.038691, 0.116073, 0.0, 0.0, 0.0, -0.077382, 0.077382, -0.077382, 0.0, 0.038691, 0.038691, 0.077382, 0.077382, -0.077382, 0.077382, -0.077382, 0.0, -0.154765, 0.038691, 0.116073, 0.0, 0.0, -0.038691, -0.038691, 0.0, 0.0, -0.038691, -0.038691, 0.038691, -0.038691, 0.0, -0.038691, 0.038691, -0.038691, 0.0, -0.038691, -0.077382, -0.038691, 0.038691, -0.038691, 0.0, 0.077382, -0.116073, 0.038691, 0.0, 0.038691, -0.038691, -0.038691, 0.0, -0.038691, -0.116073, 0.0, -0.038691, 0.0, -0.038691, -0.038691, 0.0, 0.0, -0.038691, 0.0, 0.0, 0.077382, -0.077382, -0.038691, 0.077382, -0.038691, 0.038691, 0.0, -0.077382, 0.0, -0.077382, 0.0, -0.038691, 0.0, 0.0, 0.0, 0.0, -0.077382, 0.0, -0.232147, 0.038691, 0.038691, -0.038691, 0.038691, 0.0, 0.038691, 0.038691, -0.077382, 0.0, 0.038691, 0.0, 0.0, 0.038691, 0.0, 0.038691, 0.038691, 0.0, -0.116073, -0.038691, 0.0, 0.038691, 0.077382, 0.0, 0.0, 0.0, -0.038691, -0.077382, 0.077382, -0.038691, 0.0, 0.038691, -0.038691, -0.077382, -0.077382, 0.0, 0.038691, 0.0, 0.0, 0.0, 0.038691, 0.077382, 0.0, -0.077382, 0.038691, 0.038691, 0.038691, 0.0, 0.0, -0.038691, 0.038691, 0.0, -0.038691, 0.038691, 0.0, 0.0, -0.077382, 0.0, -0.116073, 0.077382, 0.038691, -0.038691, 0.077382, 0.0, 0.038691, 0.0, -0.038691, 0.0, 0.038691, 0.0, 0.0, 0.038691, -0.038691, -0.038691, -0.038691, 0.038691, 0.038691, 0.038691, 0.038691, -0.038691, 0.0, -0.077382, -0.038691, -0.038691, 0.0, 0.038691, -0.038691, 0.0, 0.038691, -0.038691, 0.038691, 0.0, 0.154765, 0.038691, 0.038691, -0.038691, -0.038691, 0.0, 0.0, 0.038691, -0.038691, 0.038691, 0.077382, 0.0, 0.0, 0.038691, -0.077382, -0.116073, 0.0, 0.0, 0.0, 0.0, 0.038691, 0.0, -0.116073, -0.038691, 0.0, 0.0, 0.077382, -0.038691, 0.038691, 0.038691, 0.038691, 0.0, 0.038691, -0.038691, -0.038691, -0.116073, 0.077382, 0.0, -0.077382, 0.0, -0.077382, -0.038691, 0.038691, 0.0, 0.0, -0.038691, 0.038691, 0.0, 0.0, 0.0, 0.077382, -0.038691, 0.0, -0.038691, 0.038691, -0.038691, 0.038691, -0.038691, 0.038691, -0.077382, 0.038691, 0.077382, 0.0, 0.0, 0.116073, 0.077382, 0.0, -0.038691, 0.038691, -0.038691, 0.0, 0.0, 0.038691, -0.038691, 0.077382, 0.038691, 0.038691, 0.0, -0.116073, 0.077382, 0.0, -0.116073, -0.077382, -0.038691, -0.077382, 0.038691, 0.077382, -0.077382, -0.038691, 0.0, 0.038691, 0.077382, -0.077382, 0.0, 0.0, -0.038691, 0.0, 0.0, -0.038691, -0.038691, 0.0, 0.038691, -0.038691, -0.038691, 0.0, 0.077382, -0.077382, 0.077382, 0.038691, -0.077382, 0.0, -0.038691, -0.077382, 0.077382, 0.0, 0.038691, 0.038691, 0.116073, -0.077382, 0.0, 0.0, -0.038691, 0.0, -0.038691, 0.0, 0.038691, -0.116073, 0.077382, -0.038691, 0.038691, -0.077382, -0.038691, 0.0, 0.0, 0.077382, -0.077382, -0.077382, 0.0, -0.038691, -0.038691, -0.038691]",12,6,6,161,211,0.5465,0.5886,0.5417,0.4535,1.0,0.972,0.0,0.4901,2026-09-19T15:26:22
55354ad4-3a58-4166-81a2-da7515337603,P-482AABB718,T5,high,small,google/gemma-3-4b-it,1,Neutral Engagement Agent,"After a long and tiring day, you return home with no immediate obligations. How do you usually spend that time?","[0.110282, -0.036761, 0.0, 0.0, 0.0, 0.036761, -0.036761, -0.036761, 0.0, -0.036761, 0.073521, -0.036761, 0.110282, 0.036761, 0.036761, -0.036761, -0.036761, 0.036761, 0.0, 0.0, 0.036761, 0.036761, -0.036761, 0.036761, 0.0, 0.0, 0.0, 0.0, 0.0, 0.036761, -0.036761, 0.0, 0.073521, 0.073521, 0.073521, -0.036761, -0.073521, 0.110282, 0.0, -0.036761, 0.0, 0.036761, 0.036761, 0.0, 0.0, -0.036761, 0.0, 0.0, -0.036761, 0.0, 0.036761, 0.073521, 0.036761, 0.073521, 0.036761, 0.0, 0.0, 0.0, 0.0, -0.036761, -0.036761, -0.036761, -0.036761, 0.036761, 0.0, -0.036761, 0.0, 0.0, 0.036761, -0.036761, -0.036761, 0.036761, 0.0, 0.0, 0.0, 0.0, 0.073521, -0.073521, -0.036761, 0.036761, 0.0, 0.036761, 0.036761, 0.0, 0.073521, -0.147043, 0.036761, -0.110282, 0.0, -0.036761, 0.0, 0.110282, -0.036761, -0.073521, 0.0, -0.036761, 0.036761, 0.0, -0.036761, -0.073521, 0.036761, 0.073521, -0.036761, 0.036761, 0.036761, 0.0, 0.0, -0.036761, 0.036761, -0.036761, 0.036761, -0.036761, 0.0, 0.073521, -0.073521, 0.036761, -0.036761, 0.036761, -0.036761, -0.036761, 0.0, 0.0, 0.0, 0.036761, 0.0, 0.0, -0.036761, 0.0, 0.073521, 0.036761, 0.0, -0.036761, 0.0, 0.110282, 0.0, -0.036761, 0.073521, 0.0, 0.0, 0.0, -0.036761, 0.036761, -0.073521, -0.036761, -0.036761, -0.036761, 0.0, 0.036761, 0.0, 0.0, -0.036761, -0.036761, -0.036761, 0.0, -0.036761, 0.0, 0.0, 0.036761, 0.110282, 0.0, 0.036761, 0.036761, -0.036761, 0.073521, 0.036761, 0.0, 0.110282, -0.036761, 0.036761, 0.0, -0.036761, 0.0, 0.0, 0.0, 0.0, -0.073521, -0.073521, -0.073521, -0.110282, 0.0, 0.036761, -0.036761, 0.036761, 0.036761, 0.0, 0.0, 0.0, 0.110282, 0.036761, 0.036761, 0.036761, 0.073521, 0.147043, 0.0, -0.036761, 0.036761, 0.073521, 0.0, -0.036761, 0.036761, 0.0, 0.036761, -0.036761, 0.073521, 0.0, -0.036761, -0.073521, -0.110282, 0.036761, -0.110282, 0.036761, 0.036761, 0.0, 0.073521, 0.0, 0.147043, 0.036761, 0.0, 0.036761, 0.036761, 0.0, -0.036761, 0.036761, -0.036761, 0.0, 0.0, 0.147043, 0.147043, 0.0, -0.036761, -0.073521, 0.0, -0.036761, -0.073521, 0.0, -0.110282, 0.036761, -0.036761, -0.036761, 0.0, -0.073521, 0.0, 0.036761, 0.220564, 0.036761, 0.0, 0.0, 0.0, 0.036761, -0.036761, -0.036761, 0.036761, 0.0, 0.0, -0.036761, 0.0, -0.073521, -0.036761, -0.110282, 0.0, -0.036761, -0.036761, -0.073521, 0.0, 0.0, -0.036761, 0.0, 0.0, -0.036761, 0.183804, -0.036761, 0.0, 0.036761, 0.036761, 0.036761, -0.036761, -0.036761, -0.110282, -0.073521, 0.036761, 0.073521, 0.0, 0.036761, 0.0, -0.073521, 0.073521, -0.036761, -0.036761, -0.036761, 0.110282, 0.0, 0.036761, 0.0, -0.036761, 0.036761, 0.0, -0.073521, 0.073521, -0.036761, -0.036761, 0.0, -0.036761, -0.147043, 0.073521, 0.0, 0.147043, 0.036761, 0.110282, 0.073521, 0.036761, 0.0, 0.0, -0.073521, -0.073521, 0.036761, 0.0, -0.073521, 0.036761, 0.0, 0.0, 0.036761, 0.0, 0.036761, 0.036761, -0.073521, -0.036761, -0.036761, -0.073521, 0.036761, 0.036761, 0.0, -0.036761, 0.0, 0.0, 0.110282, -0.036761, 0.0, 0.0, 0.110282, 0.0, 0.036761, 0.0, -0.036761, 0.0, -0.036761, 0.036761, 0.0, -0.073521, 0.036761, -0.036761, 0.036761, 0.036761, 0.036761, 0.0, 0.0, -0.110282, 0.0, -0.036761, 0.0, 0.0, 0.0, -0.036761, 0.036761, -0.036761, 0.0, 0.0, -0.036761, -0.036761, -0.036761, -0.147043, -0.036761, 0.0, 0.036761, -0.073521, 0.0, 0.036761, -0.073521, -0.036761, -0.036761, -0.036761, 0.0, 0.0, 0.073521, 0.0]",12,6,6,69,90,0.5869,0.5778,0.5324,0.4131,1.0,0.875,0.1667,0.5168,2026-09-19T15:26:22
7e01d3af-48f4-407f-9dc9-7c648b2efcec,P-482AABB718,T4,low,medium,google/gemma-4-31b-it,0,Neutral Engagement Agent,Think about a typical weekday morning before leaving for work or university. How does that routine usually unfold?,"[-0.042182, 0.0, -0.084365, 0.0, -0.084365, 0.042182, 0.042182, -0.042182, 0.042182, 0.042182, 0.0, 0.0, 0.042182, 0.0, 0.0, 0.0, -0.042182, 0.042182, -0.042182, 0.0, 0.0, 0.042182, 0.084365, -0.042182, 0.0, 0.0, 0.0, -0.042182, -0.042182, 0.16873, 0.0, 0.0, 0.042182, 0.042182, 0.0, -0.042182, 0.0, 0.0, 0.126547, 0.042182, 0.0, -0.042182, 0.042182, -0.084365, -0.042182, -0.084365, 0.0, -0.042182, -0.042182, 0.0, 0.042182, -0.042182, 0.042182, 0.0, 0.084365, 0.084365, 0.0, -0.042182, 0.084365, 0.042182, -0.042182, -0.042182, 0.0, 0.0, 0.042182, -0.042182, 0.0, 0.0, 0.084365, -0.042182, -0.042182, 0.0, -0.042182, 0.126547, 0.042182, 0.0, -0.042182, 0.0, 0.084365, -0.084365, 0.0, 0.0, 0.042182, 0.042182, 0.084365, 0.042182, -0.042182, -0.084365, 0.0, -0.042182, 0.084365, 0.042182, 0.042182, 0.0, -0.084365, 0.0, 0.0, 0.0, 0.0, -0.042182, 0.042182, -0.126547, 0.042182, 0.0, 0.042182, 0.042182, 0.0, 0.0, -0.126547, 0.042182, 0.0, 0.0, -0.042182, 0.042182, -0.042182, 0.042182, 0.0, -0.042182, 0.0, -0.042182, 0.042182, 0.0, -0.084365, 0.0, -0.042182, 0.0, -0.042182, 0.0, 0.0, 0.0, -0.084365, 0.0, 0.0, 0.042182, -0.084365, -0.042182, 0.084365, -0.042182, 0.126547, 0.042182, -0.084365, 0.0, -0.042182, 0.0, 0.0, 0.0, 0.0, -0.084365, 0.0, -0.084365, -0.084365, -0.16873, 0.042182, 0.042182, 0.0, 0.042182, -0.042182, 0.042182, 0.0, -0.084365, 0.0, 0.042182, -0.042182, 0.042182, -0.084365, 0.042182, 0.042182, -0.042182, 0.084365, 0.0, -0.042182, 0.084365, 0.042182, 0.0, 0.0, 0.0, -0.084365, 0.0, -0.042182, 0.126547, -0.042182, 0.0, 0.042182, -0.042182, 0.0, -0.042182, 0.0, 0.0, 0.0, 0.0, -0.042182, 0.0, 0.0, -0.042182, -0.042182, 0.0, 0.0, 0.042182, 0.042182, 0.0, -0.084365, -0.042182, 0.0, 0.0, 0.042182, 0.084365, 0.042182, -0.084365, -0.084365, -0.084365, 0.126547, 0.042182, -0.084365, 0.084365, 0.0, 0.0, 0.0, 0.0, 0.0, 0.0, -0.042182, 0.0, 0.042182, 0.0, 0.042182, -0.126547, 0.0, 0.042182, 0.084365, 0.0, -0.084365, 0.042182, 0.0, -0.042182, 0.0, -0.042182, 0.0, 0.0, 0.0, 0.0, 0.0, 0.042182, -0.084365, 0.042182, 0.0, 0.042182, -0.084365, 0.042182, 0.0, -0.084365, 0.042182, -0.042182, 0.042182, 0.042182, -0.042182, 0.042182, 0.084365, -0.042182, -0.042182, -0.042182, 0.126547, 0.0, -0.084365, 0.042182, 0.0, 0.0, -0.042182, 0.0, 0.042182, -0.042182, 0.0, 0.0, 0.084365, -0.084365, 0.0, 0.084365, -0.042182, 0.0, -0.16873, 0.084365, 0.042182, -0.042182, 0.0, -0.084365, -0.042182, -0.042182, 0.042182, 0.0, -0.084365, 0.042182, -0.042182, 0.0, 0.042182, 0.084365, -0.042182, 0.0, -0.042182, -0.042182, 0.042182, 0.084365, 0.0, 0.042182, 0.0, 0.0, 0.084365, 0.0, 0.042182, 0.042182, 0.042182, 0.0, 0.084365, 0.0, 0.0, 0.0, -0.042182, 0.0, -0.042182, 0.0, 0.0, 0.042182, 0.0, -0.126547, -0.042182, -0.042182, -0.084365, 0.0, 0.0, 0.042182, -0.042182, 0.042182, -0.084365, -0.084365, -0.042182, -0.042182, 0.126547, -0.042182, 0.084365, -0.042182, -0.042182, 0.042182, 0.0, -0.042182, -0.042182, 0.0, 0.0, -0.042182, -0.042182, -0.042182, 0.0, -0.042182, 0.0, 0.0, -0.042182, 0.0, 0.0, 0.084365, 0.0, 0.0, 0.042182, 0.042182, 0.042182, -0.084365, 0.0, 0.042182, -0.042182, 0.0, -0.042182, 0.0, 0.0, -0.042182, 0.042182, 0.0, -0.042182, -0.042182, -0.042182, 0.0, 0.084365, 0.126547, -0.042182, -0.084365, 0.0, 0.0, 0.0, 0.042182]",12,6,6,169,222,0.595,0.61,0.5464,0.405,1.0,0.8049,0.0,0.4961,2026-09-19T15:26:22
8726895a-87cf-4184-b683-3f16a0a9ab0a,P-482AABB718,T4,low,small,google/gemma-3-4b-it,0,Neutral Engagement Agent,Think about a typical weekday evening after returning from work or university. How do you usually spend that time?,"[-0.038691, 0.0, 0.038691, -0.038691, -0.038691, 0.0, 0.038691, -0.038691, 0.038691, -0.038691, 0.0, 0.0, 0.038691, 0.038691, 0.0, -0.038691, 0.0, 0.038691, -0.038691, 0.0, 0.0, 0.038691, 0.0, -0.116073, -0.038691, 0.0, 0.0, 0.0, 0.0, 0.116073, 0.0, 0.0, 0.0, 0.116073, 0.038691, -0.077382, 0.0, 0.077382, 0.0, 0.077382, 0.0, 0.0, 0.038691, -0.077382, 0.0, -0.116073, 0.077382, -0.038691, -0.077382, 0.0, 0.038691, 0.077382, 0.038691, 0.077382, 0.077382, 0.038691, 0.0, -0.038691, 0.038691, 0.038691, -0.077382, 0.0, -0.038691, 0.0, 0.0, 0.0, 0.0, 0.0, 0.038691, -0.038691, -0.077382, 0.0, -0.038691, 0.116073, 0.0, 0.0, 0.0, -0.077382, 0.077382, -0.077382, 0.0, 0.038691, 0.038691, 0.077382, 0.077382, -0.077382, 0.077382, -0.077382, 0.0, -0.154765, 0.038691, 0.116073, 0.0, 0.0, -0.038691, -0.038691, 0.0, 0.0, -0.038691, -0.038691, 0.038691, -0.038691, 0.0, -0.038691, 0.038691, -0.038691, 0.0, -0.038691, -0.077382, -0.038691, 0.038691, -0.038691, 0.0, 0.077382, -0.116073, 0.038691, 0.0, 0.038691, -0.038691, -0.038691, 0.0, -0.038691, -0.116073, 0.0, -0.038691, 0.0, -0.038691, -0.038691, 0.0, 0.0, -0.038691, 0.0, 0.0, 0.077382, -0.077382, -0.038691, 0.077382, -0.038691, 0.038691, 0.0, -0.077382, 0.0, -0.077382, 0.0, -0.038691, 0.0, 0.0, 0.0, 0.0, -0.077382, 0.0, -0.232147, 0.038691, 0.038691, -0.038691, 0.038691, 0.0, 0.038691, 0.038691, -0.077382, 0.0, 0.038691, 0.0, 0.0, 0.038691, 0.0, 0.038691, 0.038691, 0.0, -0.116073, -0.038691, 0.0, 0.038691, 0.077382, 0.0, 0.0, 0.0, -0.038691, -0.077382, 0.077382, -0.038691, 0.0, 0.038691, -0.038691, -0.077382, -0.077382, 0.0, 0.038691, 0.0, 0.0, 0.0, 0.038691, 0.077382, 0.0, -0.077382, 0.038691, 0.038691, 0.038691, 0.0, 0.0, -0.038691, 0.038691, 0.0, -0.038691, 0.038691, 0.0, 0.0, -0.077382, 0.0, -0.116073, 0.077382, 0.038691, -0.038691, 0.077382, 0.0, 0.038691, 0.0, -0.038691, 0.0, 0.038691, 0.0, 0.0, 0.038691, -0.038691, -0.038691, -0.038691, 0.038691, 0.038691, 0.038691, 0.038691, -0.038691, 0.0, -0.077382, -0.038691, -0.038691, 0.0, 0.038691, -0.038691, 0.0, 0.038691, -0.038691, 0.038691, 0.0, 0.154765, 0.038691, 0.038691, -0.038691, -0.038691, 0.0, 0.0, 0.038691, -0.038691, 0.038691, 0.077382, 0.0, 0.0, 0.038691, -0.077382, -0.116073, 0.0, 0.0, 0.0, 0.0, 0.038691, 0.0, -0.116073, -0.038691, 0.0, 0.0, 0.077382, -0.038691, 0.038691, 0.038691, 0.038691, 0.0, 0.038691, -0.038691, -0.038691, -0.116073, 0.077382, 0.0, -0.077382, 0.0, -0.077382, -0.038691, 0.038691, 0.0, 0.0, -0.038691, 0.038691, 0.0, 0.0, 0.0, 0.077382, -0.038691, 0.0, -0.038691, 0.038691, -0.038691, 0.038691, -0.038691, 0.038691, -0.077382, 0.038691, 0.077382, 0.0, 0.0, 0.116073, 0.077382, 0.0, -0.038691, 0.038691, -0.038691, 0.0, 0.0, 0.038691, -0.038691, 0.077382, 0.038691, 0.038691, 0.0, -0.116073, 0.077382, 0.0, -0.116073, -0.077382, -0.038691, -0.077382, 0.038691, 0.077382, -0.077382, -0.038691, 0.0, 0.038691, 0.077382, -0.077382, 0.0, 0.0, -0.038691, 0.0, 0.0, -0.038691, -0.038691, 0.0, 0.038691, -0.038691, -0.038691, 0.0, 0.077382, -0.077382, 0.077382, 0.038691, -0.077382, 0.0, -0.038691, -0.077382, 0.077382, 0.0, 0.038691, 0.038691, 0.116073, -0.077382, 0.0, 0.0, -0.038691, 0.0, -0.038691, 0.0, 0.038691, -0.116073, 0.077382, -0.038691, 0.038691, -0.077382, -0.038691, 0.0, 0.0, 0.077382, -0.077382, -0.077382, 0.0, -0.038691, -0.038691, -0.038691]",12,6,6,115,151,0.5383,0.5629,0.517,0.4617,1.0,0.6778,0.0833,0.4956,2026-09-19T15:26:22
8f7207da-dc3f-4412-9b6b-90ed4daedc5f,P-482AABB718,T5,high,small,google/gemma-3-4b-it,0,Neutral Engagement Agent,"After a long and tiring day, you return home with no immediate obligations. How do you usually spend that time?","[0.110282, -0.036761, 0.0, 0.0, 0.0, 0.036761, -0.036761, -0.036761, 0.0, -0.036761, 0.073521, -0.036761, 0.110282, 0.036761, 0.036761, -0.036761, -0.036761, 0.036761, 0.0, 0.0, 0.036761, 0.036761, -0.036761, 0.036761, 0.0, 0.0, 0.0, 0.0, 0.0, 0.036761, -0.036761, 0.0, 0.073521, 0.073521, 0.073521, -0.036761, -0.073521, 0.110282, 0.0, -0.036761, 0.0, 0.036761, 0.036761, 0.0, 0.0, -0.036761, 0.0, 0.0, -0.036761, 0.0, 0.036761, 0.073521, 0.036761, 0.073521, 0.036761, 0.0, 0.0, 0.0, 0.0, -0.036761, -0.036761, -0.036761, -0.036761, 0.036761, 0.0, -0.036761, 0.0, 0.0, 0.036761, -0.036761, -0.036761, 0.036761, 0.0, 0.0, 0.0, 0.0, 0.073521, -0.073521, -0.036761, 0.036761, 0.0, 0.036761, 0.036761, 0.0, 0.073521, -0.147043, 0.036761, -0.110282, 0.0, -0.036761, 0.0, 0.110282, -0.036761, -0.073521, 0.0, -0.036761, 0.036761, 0.0, -0.036761, -0.073521, 0.036761, 0.073521, -0.036761, 0.036761, 0.036761, 0.0, 0.0, -0.036761, 0.036761, -0.036761, 0.036761, -0.036761, 0.0, 0.073521, -0.073521, 0.036761, -0.036761, 0.036761, -0.036761, -0.036761, 0.0, 0.0, 0.0, 0.036761, 0.0, 0.0, -0.036761, 0.0, 0.073521, 0.036761, 0.0, -0.036761, 0.0, 0.110282, 0.0, -0.036761, 0.073521, 0.0, 0.0, 0.0, -0.036761, 0.036761, -0.073521, -0.036761, -0.036761, -0.036761, 0.0, 0.036761, 0.0, 0.0, -0.036761, -0.036761, -0.036761, 0.0, -0.036761, 0.0, 0.0, 0.036761, 0.110282, 0.0, 0.036761, 0.036761, -0.036761, 0.073521, 0.036761, 0.0, 0.110282, -0.036761, 0.036761, 0.0, -0.036761, 0.0, 0.0, 0.0, 0.0, -0.073521, -0.073521, -0.073521, -0.110282, 0.0, 0.036761, -0.036761, 0.036761, 0.036761, 0.0, 0.0, 0.0, 0.110282, 0.036761, 0.036761, 0.036761, 0.073521, 0.147043, 0.0, -0.036761, 0.036761, 0.073521, 0.0, -0.036761, 0.036761, 0.0, 0.036761, -0.036761, 0.073521, 0.0, -0.036761, -0.073521, -0.110282, 0.036761, -0.110282, 0.036761, 0.036761, 0.0, 0.073521, 0.0, 0.147043, 0.036761, 0.0, 0.036761, 0.036761, 0.0, -0.036761, 0.036761, -0.036761, 0.0, 0.0, 0.147043, 0.147043, 0.0, -0.036761, -0.073521, 0.0, -0.036761, -0.073521, 0.0, -0.110282, 0.036761, -0.036761, -0.036761, 0.0, -0.073521, 0.0, 0.036761, 0.220564, 0.036761, 0.0, 0.0, 0.0, 0.036761, -0.036761, -0.036761, 0.036761, 0.0, 0.0, -0.036761, 0.0, -0.073521, -0.036761, -0.110282, 0.0, -0.036761, -0.036761, -0.073521, 0.0, 0.0, -0.036761, 0.0, 0.0, -0.036761, 0.183804, -0.036761, 0.0, 0.036761, 0.036761, 0.036761, -0.036761, -0.036761, -0.110282, -0.073521, 0.036761, 0.073521, 0.0, 0.036761, 0.0, -0.073521, 0.073521, -0.036761, -0.036761, -0.036761, 0.110282, 0.0, 0.036761, 0.0, -0.036761, 0.036761, 0.0, -0.073521, 0.073521, -0.036761, -0.036761, 0.0, -0.036761, -0.147043, 0.073521, 0.0, 0.147043, 0.036761, 0.110282, 0.073521, 0.036761, 0.0, 0.0, -0.073521, -0.073521, 0.036761, 0.0, -0.073521, 0.036761, 0.0, 0.0, 0.036761, 0.0, 0.036761, 0.036761, -0.073521, -0.036761, -0.036761, -0.073521, 0.036761, 0.036761, 0.0, -0.036761, 0.0, 0.0, 0.110282, -0.036761, 0.0, 0.0, 0.110282, 0.0, 0.036761, 0.0, -0.036761, 0.0, -0.036761, 0.036761, 0.0, -0.073521, 0.036761, -0.036761, 0.036761, 0.036761, 0.036761, 0.0, 0.0, -0.110282, 0.0, -0.036761, 0.0, 0.0, 0.0, -0.036761, 0.036761, -0.036761, 0.0, 0.0, -0.036761, -0.036761, -0.036761, -0.147043, -0.036761, 0.0, 0.036761, -0.073521, 0.0, 0.036761, -0.073521, -0.036761, -0.036761, -0.036761, 0.0, 0.0, 0.073521, 0.0]",12,6,6,109,142,0.5587,0.5574,0.5256,0.4413,1.0,0.9722,0.1667,0.5123,2026-09-19T15:26:22
b3ee33c2-85e3-455e-8907-900eb70e4e8f,P-482AABB718,T5,high,medium,google/gemma-4-31b-it,1,Neutral Engagement Agent,"After a long and tiring day, you return home with no immediate obligations. How do you usually spend that time?","[0.110282, -0.036761, 0.0, 0.0, 0.0, 0.036761, -0.036761, -0.036761, 0.0, -0.036761, 0.073521, -0.036761, 0.110282, 0.036761, 0.036761, -0.036761, -0.036761, 0.036761, 0.0, 0.0, 0.036761, 0.036761, -0.036761, 0.036761, 0.0, 0.0, 0.0, 0.0, 0.0, 0.036761, -0.036761, 0.0, 0.073521, 0.073521, 0.073521, -0.036761, -0.073521, 0.110282, 0.0, -0.036761, 0.0, 0.036761, 0.036761, 0.0, 0.0, -0.036761, 0.0, 0.0, -0.036761, 0.0, 0.036761, 0.073521, 0.036761, 0.073521, 0.036761, 0.0, 0.0, 0.0, 0.0, -0.036761, -0.036761, -0.036761, -0.036761, 0.036761, 0.0, -0.036761, 0.0, 0.0, 0.036761, -0.036761, -0.036761, 0.036761, 0.0, 0.0, 0.0, 0.0, 0.073521, -0.073521, -0.036761, 0.036761, 0.0, 0.036761, 0.036761, 0.0, 0.073521, -0.147043, 0.036761, -0.110282, 0.0, -0.036761, 0.0, 0.110282, -0.036761, -0.073521, 0.0, -0.036761, 0.036761, 0.0, -0.036761, -0.073521, 0.036761, 0.073521, -0.036761, 0.036761, 0.036761, 0.0, 0.0, -0.036761, 0.036761, -0.036761, 0.036761, -0.036761, 0.0, 0.073521, -0.073521, 0.036761, -0.036761, 0.036761, -0.036761, -0.036761, 0.0, 0.0, 0.0, 0.036761, 0.0, 0.0, -0.036761, 0.0, 0.073521, 0.036761, 0.0, -0.036761, 0.0, 0.110282, 0.0, -0.036761, 0.073521, 0.0, 0.0, 0.0, -0.036761, 0.036761, -0.073521, -0.036761, -0.036761, -0.036761, 0.0, 0.036761, 0.0, 0.0, -0.036761, -0.036761, -0.036761, 0.0, -0.036761, 0.0, 0.0, 0.036761, 0.110282, 0.0, 0.036761, 0.036761, -0.036761, 0.073521, 0.036761, 0.0, 0.110282, -0.036761, 0.036761, 0.0, -0.036761, 0.0, 0.0, 0.0, 0.0, -0.073521, -0.073521, -0.073521, -0.110282, 0.0, 0.036761, -0.036761, 0.036761, 0.036761, 0.0, 0.0, 0.0, 0.110282, 0.036761, 0.036761, 0.036761, 0.073521, 0.147043, 0.0, -0.036761, 0.036761, 0.073521, 0.0, -0.036761, 0.036761, 0.0, 0.036761, -0.036761, 0.073521, 0.0, -0.036761, -0.073521, -0.110282, 0.036761, -0.110282, 0.036761, 0.036761, 0.0, 0.073521, 0.0, 0.147043, 0.036761, 0.0, 0.036761, 0.036761, 0.0, -0.036761, 0.036761, -0.036761, 0.0, 0.0, 0.147043, 0.147043, 0.0, -0.036761, -0.073521, 0.0, -0.036761, -0.073521, 0.0, -0.110282, 0.036761, -0.036761, -0.036761, 0.0, -0.073521, 0.0, 0.036761, 0.220564, 0.036761, 0.0, 0.0, 0.0, 0.036761, -0.036761, -0.036761, 0.036761, 0.0, 0.0, -0.036761, 0.0, -0.073521, -0.036761, -0.110282, 0.0, -0.036761, -0.036761, -0.073521, 0.0, 0.0, -0.036761, 0.0, 0.0, -0.036761, 0.183804, -0.036761, 0.0, 0.036761, 0.036761, 0.036761, -0.036761, -0.036761, -0.110282, -0.073521, 0.036761, 0.073521, 0.0, 0.036761, 0.0, -0.073521, 0.073521, -0.036761, -0.036761, -0.036761, 0.110282, 0.0, 0.036761, 0.0, -0.036761, 0.036761, 0.0, -0.073521, 0.073521, -0.036761, -0.036761, 0.0, -0.036761, -0.147043, 0.073521, 0.0, 0.147043, 0.036761, 0.110282, 0.073521, 0.036761, 0.0, 0.0, -0.073521, -0.073521, 0.036761, 0.0, -0.073521, 0.036761, 0.0, 0.0, 0.036761, 0.0, 0.036761, 0.036761, -0.073521, -0.036761, -0.036761, -0.073521, 0.036761, 0.036761, 0.0, -0.036761, 0.0, 0.0, 0.110282, -0.036761, 0.0, 0.0, 0.110282, 0.0, 0.036761, 0.0, -0.036761, 0.0, -0.036761, 0.036761, 0.0, -0.073521, 0.036761, -0.036761, 0.036761, 0.036761, 0.036761, 0.0, 0.0, -0.110282, 0.0, -0.036761, 0.0, 0.0, 0.0, -0.036761, 0.036761, -0.036761, 0.0, 0.0, -0.036761, -0.036761, -0.036761, -0.147043, -0.036761, 0.0, 0.036761, -0.073521, 0.0, 0.036761, -0.073521, -0.036761, -0.036761, -0.036761, 0.0, 0.0, 0.073521, 0.0]",12,6,6,165,215,0.5468,0.5735,0.5608,0.4532,1.0,0.6165,0.0,0.4949,2026-09-19T15:26:22
bda8893e-bc23-4acb-a7b8-ec8cda7a8307,P-482AABB718,T4,low,small,google/gemma-3-4b-it,1,Neutral Engagement Agent,Think about a typical weekday morning before leaving for work or university. How does that routine usually unfold?,"[-0.042182, 0.0, -0.084365, 0.0, -0.084365, 0.042182, 0.042182, -0.042182, 0.042182, 0.042182, 0.0, 0.0, 0.042182, 0.0, 0.0, 0.0, -0.042182, 0.042182, -0.042182, 0.0, 0.0, 0.042182, 0.084365, -0.042182, 0.0, 0.0, 0.0, -0.042182, -0.042182, 0.16873, 0.0, 0.0, 0.042182, 0.042182, 0.0, -0.042182, 0.0, 0.0, 0.126547, 0.042182, 0.0, -0.042182, 0.042182, -0.084365, -0.042182, -0.084365, 0.0, -0.042182, -0.042182, 0.0, 0.042182, -0.042182, 0.042182, 0.0, 0.084365, 0.084365, 0.0, -0.042182, 0.084365, 0.042182, -0.042182, -0.042182, 0.0, 0.0, 0.042182, -0.042182, 0.0, 0.0, 0.084365, -0.042182, -0.042182, 0.0, -0.042182, 0.126547, 0.042182, 0.0, -0.042182, 0.0, 0.084365, -0.084365, 0.0, 0.0, 0.042182, 0.042182, 0.084365, 0.042182, -0.042182, -0.084365, 0.0, -0.042182, 0.084365, 0.042182, 0.042182, 0.0, -0.084365, 0.0, 0.0, 0.0, 0.0, -0.042182, 0.042182, -0.126547, 0.042182, 0.0, 0.042182, 0.042182, 0.0, 0.0, -0.126547, 0.042182, 0.0, 0.0, -0.042182, 0.042182, -0.042182, 0.042182, 0.0, -0.042182, 0.0, -0.042182, 0.042182, 0.0, -0.084365, 0.0, -0.042182, 0.0, -0.042182, 0.0, 0.0, 0.0, -0.084365, 0.0, 0.0, 0.042182, -0.084365, -0.042182, 0.084365, -0.042182, 0.126547, 0.042182, -0.084365, 0.0, -0.042182, 0.0, 0.0, 0.0, 0.0, -0.084365, 0.0, -0.084365, -0.084365, -0.16873, 0.042182, 0.042182, 0.0, 0.042182, -0.042182, 0.042182, 0.0, -0.084365, 0.0, 0.042182, -0.042182, 0.042182, -0.084365, 0.042182, 0.042182, -0.042182, 0.084365, 0.0, -0.042182, 0.084365, 0.042182, 0.0, 0.0, 0.0, -0.084365, 0.0, -0.042182, 0.126547, -0.042182, 0.0, 0.042182, -0.042182, 0.0, -0.042182, 0.0, 0.0, 0.0, 0.0, -0.042182, 0.0, 0.0, -0.042182, -0.042182, 0.0, 0.0, 0.042182, 0.042182, 0.0, -0.084365, -0.042182, 0.0, 0.0, 0.042182, 0.084365, 0.042182, -0.084365, -0.084365, -0.084365, 0.126547, 0.042182, -0.084365, 0.084365, 0.0, 0.0, 0.0, 0.0, 0.0, 0.0, -0.042182, 0.0, 0.042182, 0.0, 0.042182, -0.126547, 0.0, 0.042182, 0.084365, 0.0, -0.084365, 0.042182, 0.0, -0.042182, 0.0, -0.042182, 0.0, 0.0, 0.0, 0.0, 0.0, 0.042182, -0.084365, 0.042182, 0.0, 0.042182, -0.084365, 0.042182, 0.0, -0.084365, 0.042182, -0.042182, 0.042182, 0.042182, -0.042182, 0.042182, 0.084365, -0.042182, -0.042182, -0.042182, 0.126547, 0.0, -0.084365, 0.042182, 0.0, 0.0, -0.042182, 0.0, 0.042182, -0.042182, 0.0, 0.0, 0.084365, -0.084365, 0.0, 0.084365, -0.042182, 0.0, -0.16873, 0.084365, 0.042182, -0.042182, 0.0, -0.084365, -0.042182, -0.042182, 0.042182, 0.0, -0.084365, 0.042182, -0.042182, 0.0, 0.042182, 0.084365, -0.042182, 0.0, -0.042182, -0.042182, 0.042182, 0.084365, 0.0, 0.042182, 0.0, 0.0, 0.084365, 0.0, 0.042182, 0.042182, 0.042182, 0.0, 0.084365, 0.0, 0.0, 0.0, -0.042182, 0.0, -0.042182, 0.0, 0.0, 0.042182, 0.0, -0.126547, -0.042182, -0.042182, -0.084365, 0.0, 0.0, 0.042182, -0.042182, 0.042182, -0.084365, -0.084365, -0.042182, -0.042182, 0.126547, -0.042182, 0.084365, -0.042182, -0.042182, 0.042182, 0.0, -0.042182, -0.042182, 0.0, 0.0, -0.042182, -0.042182, -0.042182, 0.0, -0.042182, 0.0, 0.0, -0.042182, 0.0, 0.0, 0.084365, 0.0, 0.0, 0.042182, 0.042182, 0.042182, -0.084365, 0.0, 0.042182, -0.042182, 0.0, -0.042182, 0.0, 0.0, -0.042182, 0.042182, 0.0, -0.042182, -0.042182, -0.042182, 0.0, 0.084365, 0.126547, -0.042182, -0.084365, 0.0, 0.0, 0.0, 0.042182]",12,6,6,118,154,0.5462,0.5772,0.5247,0.4538,1.0,0.878,0.25,0.5233,2026-09-19T15:26:22
cbdb663f-c231-482f-8a37-a76620fd7007,P-482AABB718,T4,low,small,google/gemma-3-4b-it,1,Neutral Engagement Agent,Think about a typical weekday evening after returning from work or university. How do you usually spend that time?,"[-0.038691, 0.0, 0.038691, -0.038691, -0.038691, 0.0, 0.038691, -0.038691, 0.038691, -0.038691, 0.0, 0.0, 0.038691, 0.038691, 0.0, -0.038691, 0.0, 0.038691, -0.038691, 0.0, 0.0, 0.038691, 0.0, -0.116073, -0.038691, 0.0, 0.0, 0.0, 0.0, 0.116073, 0.0, 0.0, 0.0, 0.116073, 0.038691, -0.077382, 0.0, 0.077382, 0.0, 0.077382, 0.0, 0.0, 0.038691, -0.077382, 0.0, -0.116073, 0.077382, -0.038691, -0.077382, 0.0, 0.038691, 0.077382, 0.038691, 0.077382, 0.077382, 0.038691, 0.0, -0.038691, 0.038691, 0.038691, -0.077382, 0.0, -0.038691, 0.0, 0.0, 0.0, 0.0, 0.0, 0.038691, -0.038691, -0.077382, 0.0, -0.038691, 0.116073, 0.0, 0.0, 0.0, -0.077382, 0.077382, -0.077382, 0.0, 0.038691, 0.038691, 0.077382, 0.077382, -0.077382, 0.077382, -0.077382, 0.0, -0.154765, 0.038691, 0.116073, 0.0, 0.0, -0.038691, -0.038691, 0.0, 0.0, -0.038691, -0.038691, 0.038691, -0.038691, 0.0, -0.038691, 0.038691, -0.038691, 0.0, -0.038691, -0.077382, -0.038691, 0.038691, -0.038691, 0.0, 0.077382, -0.116073, 0.038691, 0.0, 0.038691, -0.038691, -0.038691, 0.0, -0.038691, -0.116073, 0.0, -0.038691, 0.0, -0.038691, -0.038691, 0.0, 0.0, -0.038691, 0.0, 0.0, 0.077382, -0.077382, -0.038691, 0.077382, -0.038691, 0.038691, 0.0, -0.077382, 0.0, -0.077382, 0.0, -0.038691, 0.0, 0.0, 0.0, 0.0, -0.077382, 0.0, -0.232147, 0.038691, 0.038691, -0.038691, 0.038691, 0.0, 0.038691, 0.038691, -0.077382, 0.0, 0.038691, 0.0, 0.0, 0.038691, 0.0, 0.038691, 0.038691, 0.0, -0.116073, -0.038691, 0.0, 0.038691, 0.077382, 0.0, 0.0, 0.0, -0.038691, -0.077382, 0.077382, -0.038691, 0.0, 0.038691, -0.038691, -0.077382, -0.077382, 0.0, 0.038691, 0.0, 0.0, 0.0, 0.038691, 0.077382, 0.0, -0.077382, 0.038691, 0.038691, 0.038691, 0.0, 0.0, -0.038691, 0.038691, 0.0, -0.038691, 0.038691, 0.0, 0.0, -0.077382, 0.0, -0.116073, 0.077382, 0.038691, -0.038691, 0.077382, 0.0, 0.038691, 0.0, -0.038691, 0.0, 0.038691, 0.0, 0.0, 0.038691, -0.038691, -0.038691, -0.038691, 0.038691, 0.038691, 0.038691, 0.038691, -0.038691, 0.0, -0.077382, -0.038691, -0.038691, 0.0, 0.038691, -0.038691, 0.0, 0.038691, -0.038691, 0.038691, 0.0, 0.154765, 0.038691, 0.038691, -0.038691, -0.038691, 0.0, 0.0, 0.038691, -0.038691, 0.038691, 0.077382, 0.0, 0.0, 0.038691, -0.077382, -0.116073, 0.0, 0.0, 0.0, 0.0, 0.038691, 0.0, -0.116073, -0.038691, 0.0, 0.0, 0.077382, -0.038691, 0.038691, 0.038691, 0.038691, 0.0, 0.038691, -0.038691, -0.038691, -0.116073, 0.077382, 0.0, -0.077382, 0.0, -0.077382, -0.038691, 0.038691, 0.0, 0.0, -0.038691, 0.038691, 0.0, 0.0, 0.0, 0.077382, -0.038691, 0.0, -0.038691, 0.038691, -0.038691, 0.038691, -0.038691, 0.038691, -0.077382, 0.038691, 0.077382, 0.0, 0.0, 0.116073, 0.077382, 0.0, -0.038691, 0.038691, -0.038691, 0.0, 0.0, 0.038691, -0.038691, 0.077382, 0.038691, 0.038691, 0.0, -0.116073, 0.077382, 0.0, -0.116073, -0.077382, -0.038691, -0.077382, 0.038691, 0.077382, -0.077382, -0.038691, 0.0, 0.038691, 0.077382, -0.077382, 0.0, 0.0, -0.038691, 0.0, 0.0, -0.038691, -0.038691, 0.0, 0.038691, -0.038691, -0.038691, 0.0, 0.077382, -0.077382, 0.077382, 0.038691, -0.077382, 0.0, -0.038691, -0.077382, 0.077382, 0.0, 0.038691, 0.038691, 0.116073, -0.077382, 0.0, 0.0, -0.038691, 0.0, -0.038691, 0.0, 0.038691, -0.116073, 0.077382, -0.038691, 0.038691, -0.077382, -0.038691, 0.0, 0.0, 0.077382, -0.077382, -0.077382, 0.0, -0.038691, -0.038691, -0.038691]",12,6,6,110,143,0.5425,0.5675,0.5264,0.4575,1.0,0.8816,0.0833,0.4983,2026-09-19T15:26:22
d31f9a6a-b5bf-4e19-bb29-62c2890fa663,P-482AABB718,T4,low,medium,google/gemma-4-31b-it,0,Neutral Engagement Agent,Think about a typical weekday evening after returning from work or university. How do you usually spend that time?,"[-0.038691, 0.0, 0.038691, -0.038691, -0.038691, 0.0, 0.038691, -0.038691, 0.038691, -0.038691, 0.0, 0.0, 0.038691, 0.038691, 0.0, -0.038691, 0.0, 0.038691, -0.038691, 0.0, 0.0, 0.038691, 0.0, -0.116073, -0.038691, 0.0, 0.0, 0.0, 0.0, 0.116073, 0.0, 0.0, 0.0, 0.116073, 0.038691, -0.077382, 0.0, 0.077382, 0.0, 0.077382, 0.0, 0.0, 0.038691, -0.077382, 0.0, -0.116073, 0.077382, -0.038691, -0.077382, 0.0, 0.038691, 0.077382, 0.038691, 0.077382, 0.077382, 0.038691, 0.0, -0.038691, 0.038691, 0.038691, -0.077382, 0.0, -0.038691, 0.0, 0.0, 0.0, 0.0, 0.0, 0.038691, -0.038691, -0.077382, 0.0, -0.038691, 0.116073, 0.0, 0.0, 0.0, -0.077382, 0.077382, -0.077382, 0.0, 0.038691, 0.038691, 0.077382, 0.077382, -0.077382, 0.077382, -0.077382, 0.0, -0.154765, 0.038691, 0.116073, 0.0, 0.0, -0.038691, -0.038691, 0.0, 0.0, -0.038691, -0.038691, 0.038691, -0.038691, 0.0, -0.038691, 0.038691, -0.038691, 0.0, -0.038691, -0.077382, -0.038691, 0.038691, -0.038691, 0.0, 0.077382, -0.116073, 0.038691, 0.0, 0.038691, -0.038691, -0.038691, 0.0, -0.038691, -0.116073, 0.0, -0.038691, 0.0, -0.038691, -0.038691, 0.0, 0.0, -0.038691, 0.0, 0.0, 0.077382, -0.077382, -0.038691, 0.077382, -0.038691, 0.038691, 0.0, -0.077382, 0.0, -0.077382, 0.0, -0.038691, 0.0, 0.0, 0.0, 0.0, -0.077382, 0.0, -0.232147, 0.038691, 0.038691, -0.038691, 0.038691, 0.0, 0.038691, 0.038691, -0.077382, 0.0, 0.038691, 0.0, 0.0, 0.038691, 0.0, 0.038691, 0.038691, 0.0, -0.116073, -0.038691, 0.0, 0.038691, 0.077382, 0.0, 0.0, 0.0, -0.038691, -0.077382, 0.077382, -0.038691, 0.0, 0.038691, -0.038691, -0.077382, -0.077382, 0.0, 0.038691, 0.0, 0.0, 0.0, 0.038691, 0.077382, 0.0, -0.077382, 0.038691, 0.038691, 0.038691, 0.0, 0.0, -0.038691, 0.038691, 0.0, -0.038691, 0.038691, 0.0, 0.0, -0.077382, 0.0, -0.116073, 0.077382, 0.038691, -0.038691, 0.077382, 0.0, 0.038691, 0.0, -0.038691, 0.0, 0.038691, 0.0, 0.0, 0.038691, -0.038691, -0.038691, -0.038691, 0.038691, 0.038691, 0.038691, 0.038691, -0.038691, 0.0, -0.077382, -0.038691, -0.038691, 0.0, 0.038691, -0.038691, 0.0, 0.038691, -0.038691, 0.038691, 0.0, 0.154765, 0.038691, 0.038691, -0.038691, -0.038691, 0.0, 0.0, 0.038691, -0.038691, 0.038691, 0.077382, 0.0, 0.0, 0.038691, -0.077382, -0.116073, 0.0, 0.0, 0.0, 0.0, 0.038691, 0.0, -0.116073, -0.038691, 0.0, 0.0, 0.077382, -0.038691, 0.038691, 0.038691, 0.038691, 0.0, 0.038691, -0.038691, -0.038691, -0.116073, 0.077382, 0.0, -0.077382, 0.0, -0.077382, -0.038691, 0.038691, 0.0, 0.0, -0.038691, 0.038691, 0.0, 0.0, 0.0, 0.077382, -0.038691, 0.0, -0.038691, 0.038691, -0.038691, 0.038691, -0.038691, 0.038691, -0.077382, 0.038691, 0.077382, 0.0, 0.0, 0.116073, 0.077382, 0.0, -0.038691, 0.038691, -0.038691, 0.0, 0.0, 0.038691, -0.038691, 0.077382, 0.038691, 0.038691, 0.0, -0.116073, 0.077382, 0.0, -0.116073, -0.077382, -0.038691, -0.077382, 0.038691, 0.077382, -0.077382, -0.038691, 0.0, 0.038691, 0.077382, -0.077382, 0.0, 0.0, -0.038691, 0.0, 0.0, -0.038691, -0.038691, 0.0, 0.038691, -0.038691, -0.038691, 0.0, 0.077382, -0.077382, 0.077382, 0.038691, -0.077382, 0.0, -0.038691, -0.077382, 0.077382, 0.0, 0.038691, 0.038691, 0.116073, -0.077382, 0.0, 0.0, -0.038691, 0.0, -0.038691, 0.0, 0.038691, -0.116073, 0.077382, -0.038691, 0.038691, -0.077382, -0.038691, 0.0, 0.0, 0.077382, -0.077382, -0.077382, 0.0, -0.038691, -0.038691, -0.038691]",12,6,6,171,224,0.5351,0.5531,0.5533,0.4649,1.0,0.8361,0.1667,0.5168,2026-09-19T15:26:22
d5e96027-aadf-483d-9928-f89554d05de7,P-482AABB718,T4,low,medium,google/gemma-4-31b-it,1,Neutral Engagement Agent,Think about a typical weekday morning before leaving for work or university. How does that routine usually unfold?,"[-0.042182, 0.0, -0.084365, 0.0, -0.084365, 0.042182, 0.042182, -0.042182, 0.042182, 0.042182, 0.0, 0.0, 0.042182, 0.0, 0.0, 0.0, -0.042182, 0.042182, -0.042182, 0.0, 0.0, 0.042182, 0.084365, -0.042182, 0.0, 0.0, 0.0, -0.042182, -0.042182, 0.16873, 0.0, 0.0, 0.042182, 0.042182, 0.0, -0.042182, 0.0, 0.0, 0.126547, 0.042182, 0.0, -0.042182, 0.042182, -0.084365, -0.042182, -0.084365, 0.0, -0.042182, -0.042182, 0.0, 0.042182, -0.042182, 0.042182, 0.0, 0.084365, 0.084365, 0.0, -0.042182, 0.084365, 0.042182, -0.042182, -0.042182, 0.0, 0.0, 0.042182, -0.042182, 0.0, 0.0, 0.084365, -0.042182, -0.042182, 0.0, -0.042182, 0.126547, 0.042182, 0.0, -0.042182, 0.0, 0.084365, -0.084365, 0.0, 0.0, 0.042182, 0.042182, 0.084365, 0.042182, -0.042182, -0.084365, 0.0, -0.042182, 0.084365, 0.042182, 0.042182, 0.0, -0.084365, 0.0, 0.0, 0.0, 0.0, -0.042182, 0.042182, -0.126547, 0.042182, 0.0, 0.042182, 0.042182, 0.0, 0.0, -0.126547, 0.042182, 0.0, 0.0, -0.042182, 0.042182, -0.042182, 0.042182, 0.0, -0.042182, 0.0, -0.042182, 0.042182, 0.0, -0.084365, 0.0, -0.042182, 0.0, -0.042182, 0.0, 0.0, 0.0, -0.084365, 0.0, 0.0, 0.042182, -0.084365, -0.042182, 0.084365, -0.042182, 0.126547, 0.042182, -0.084365, 0.0, -0.042182, 0.0, 0.0, 0.0, 0.0, -0.084365, 0.0, -0.084365, -0.084365, -0.16873, 0.042182, 0.042182, 0.0, 0.042182, -0.042182, 0.042182, 0.0, -0.084365, 0.0, 0.042182, -0.042182, 0.042182, -0.084365, 0.042182, 0.042182, -0.042182, 0.084365, 0.0, -0.042182, 0.084365, 0.042182, 0.0, 0.0, 0.0, -0.084365, 0.0, -0.042182, 0.126547, -0.042182, 0.0, 0.042182, -0.042182, 0.0, -0.042182, 0.0, 0.0, 0.0, 0.0, -0.042182, 0.0, 0.0, -0.042182, -0.042182, 0.0, 0.0, 0.042182, 0.042182, 0.0, -0.084365, -0.042182, 0.0, 0.0, 0.042182, 0.084365, 0.042182, -0.084365, -0.084365, -0.084365, 0.126547, 0.042182, -0.084365, 0.084365, 0.0, 0.0, 0.0, 0.0, 0.0, 0.0, -0.042182, 0.0, 0.042182, 0.0, 0.042182, -0.126547, 0.0, 0.042182, 0.084365, 0.0, -0.084365, 0.042182, 0.0, -0.042182, 0.0, -0.042182, 0.0, 0.0, 0.0, 0.0, 0.0, 0.042182, -0.084365, 0.042182, 0.0, 0.042182, -0.084365, 0.042182, 0.0, -0.084365, 0.042182, -0.042182, 0.042182, 0.042182, -0.042182, 0.042182, 0.084365, -0.042182, -0.042182, -0.042182, 0.126547, 0.0, -0.084365, 0.042182, 0.0, 0.0, -0.042182, 0.0, 0.042182, -0.042182, 0.0, 0.0, 0.084365, -0.084365, 0.0, 0.084365, -0.042182, 0.0, -0.16873, 0.084365, 0.042182, -0.042182, 0.0, -0.084365, -0.042182, -0.042182, 0.042182, 0.0, -0.084365, 0.042182, -0.042182, 0.0, 0.042182, 0.084365, -0.042182, 0.0, -0.042182, -0.042182, 0.042182, 0.084365, 0.0, 0.042182, 0.0, 0.0, 0.084365, 0.0, 0.042182, 0.042182, 0.042182, 0.0, 0.084365, 0.0, 0.0, 0.0, -0.042182, 0.0, -0.042182, 0.0, 0.0, 0.042182, 0.0, -0.126547, -0.042182, -0.042182, -0.084365, 0.0, 0.0, 0.042182, -0.042182, 0.042182, -0.084365, -0.084365, -0.042182, -0.042182, 0.126547, -0.042182, 0.084365, -0.042182, -0.042182, 0.042182, 0.0, -0.042182, -0.042182, 0.0, 0.0, -0.042182, -0.042182, -0.042182, 0.0, -0.042182, 0.0, 0.0, -0.042182, 0.0, 0.0, 0.084365, 0.0, 0.0, 0.042182, 0.042182, 0.042182, -0.084365, 0.0, 0.042182, -0.042182, 0.0, -0.042182, 0.0, 0.0, -0.042182, 0.042182, 0.0, -0.042182, -0.042182, -0.042182, 0.0, 0.084365, 0.126547, -0.042182, -0.084365, 0.0, 0.0, 0.0, 0.042182]",12,6,6,166,215,0.5357,0.5938,0.5209,0.4643,1.0,0.7917,0.1667,0.5088,2026-09-19T15:26:22
ecee712d-691e-43ad-b102-afc0b1183889,P-482AABB718,T4,low,small,google/gemma-3-4b-it,0,Neutral Engagement Agent,Think about a typical weekday morning before leaving for work or university. How does that routine usually unfold?,"[-0.042182, 0.0, -0.084365, 0.0, -0.084365, 0.042182, 0.042182, -0.042182, 0.042182, 0.042182, 0.0, 0.0, 0.042182, 0.0, 0.0, 0.0, -0.042182, 0.042182, -0.042182, 0.0, 0.0, 0.042182, 0.084365, -0.042182, 0.0, 0.0, 0.0, -0.042182, -0.042182, 0.16873, 0.0, 0.0, 0.042182, 0.042182, 0.0, -0.042182, 0.0, 0.0, 0.126547, 0.042182, 0.0, -0.042182, 0.042182, -0.084365, -0.042182, -0.084365, 0.0, -0.042182, -0.042182, 0.0, 0.042182, -0.042182, 0.042182, 0.0, 0.084365, 0.084365, 0.0, -0.042182, 0.084365, 0.042182, -0.042182, -0.042182, 0.0, 0.0, 0.042182, -0.042182, 0.0, 0.0, 0.084365, -0.042182, -0.042182, 0.0, -0.042182, 0.126547, 0.042182, 0.0, -0.042182, 0.0, 0.084365, -0.084365, 0.0, 0.0, 0.042182, 0.042182, 0.084365, 0.042182, -0.042182, -0.084365, 0.0, -0.042182, 0.084365, 0.042182, 0.042182, 0.0, -0.084365, 0.0, 0.0, 0.0, 0.0, -0.042182, 0.042182, -0.126547, 0.042182, 0.0, 0.042182, 0.042182, 0.0, 0.0, -0.126547, 0.042182, 0.0, 0.0, -0.042182, 0.042182, -0.042182, 0.042182, 0.0, -0.042182, 0.0, -0.042182, 0.042182, 0.0, -0.084365, 0.0, -0.042182, 0.0, -0.042182, 0.0, 0.0, 0.0, -0.084365, 0.0, 0.0, 0.042182, -0.084365, -0.042182, 0.084365, -0.042182, 0.126547, 0.042182, -0.084365, 0.0, -0.042182, 0.0, 0.0, 0.0, 0.0, -0.084365, 0.0, -0.084365, -0.084365, -0.16873, 0.042182, 0.042182, 0.0, 0.042182, -0.042182, 0.042182, 0.0, -0.084365, 0.0, 0.042182, -0.042182, 0.042182, -0.084365, 0.042182, 0.042182, -0.042182, 0.084365, 0.0, -0.042182, 0.084365, 0.042182, 0.0, 0.0, 0.0, -0.084365, 0.0, -0.042182, 0.126547, -0.042182, 0.0, 0.042182, -0.042182, 0.0, -0.042182, 0.0, 0.0, 0.0, 0.0, -0.042182, 0.0, 0.0, -0.042182, -0.042182, 0.0, 0.0, 0.042182, 0.042182, 0.0, -0.084365, -0.042182, 0.0, 0.0, 0.042182, 0.084365, 0.042182, -0.084365, -0.084365, -0.084365, 0.126547, 0.042182, -0.084365, 0.084365, 0.0, 0.0, 0.0, 0.0, 0.0, 0.0, -0.042182, 0.0, 0.042182, 0.0, 0.042182, -0.126547, 0.0, 0.042182, 0.084365, 0.0, -0.084365, 0.042182, 0.0, -0.042182, 0.0, -0.042182, 0.0, 0.0, 0.0, 0.0, 0.0, 0.042182, -0.084365, 0.042182, 0.0, 0.042182, -0.084365, 0.042182, 0.0, -0.084365, 0.042182, -0.042182, 0.042182, 0.042182, -0.042182, 0.042182, 0.084365, -0.042182, -0.042182, -0.042182, 0.126547, 0.0, -0.084365, 0.042182, 0.0, 0.0, -0.042182, 0.0, 0.042182, -0.042182, 0.0, 0.0, 0.084365, -0.084365, 0.0, 0.084365, -0.042182, 0.0, -0.16873, 0.084365, 0.042182, -0.042182, 0.0, -0.084365, -0.042182, -0.042182, 0.042182, 0.0, -0.084365, 0.042182, -0.042182, 0.0, 0.042182, 0.084365, -0.042182, 0.0, -0.042182, -0.042182, 0.042182, 0.084365, 0.0, 0.042182, 0.0, 0.0, 0.084365, 0.0, 0.042182, 0.042182, 0.042182, 0.0, 0.084365, 0.0, 0.0, 0.0, -0.042182, 0.0, -0.042182, 0.0, 0.0, 0.042182, 0.0, -0.126547, -0.042182, -0.042182, -0.084365, 0.0, 0.0, 0.042182, -0.042182, 0.042182, -0.084365, -0.084365, -0.042182, -0.042182, 0.126547, -0.042182, 0.084365, -0.042182, -0.042182, 0.042182, 0.0, -0.042182, -0.042182, 0.0, 0.0, -0.042182, -0.042182, -0.042182, 0.0, -0.042182, 0.0, 0.0, -0.042182, 0.0, 0.0, 0.084365, 0.0, 0.0, 0.042182, 0.042182, 0.042182, -0.084365, 0.0, 0.042182, -0.042182, 0.0, -0.042182, 0.0, 0.0, -0.042182, 0.042182, 0.0, -0.042182, -0.042182, -0.042182, 0.0, 0.084365, 0.126547, -0.042182, -0.084365, 0.0, 0.0, 0.0, 0.042182]",12,6,6,115,149,0.5569,0.5874,0.5388,0.4431,1.0,0.9867,0.1667,0.5154,2026-09-19T15:26:22
f6fd2c90-1492-473a-b3ee-a1829db1903f,P-482AABB718,T5,high,medium,google/gemma-4-31b-it,0,Neutral Engagement Agent,"After a long and tiring day, you return home with no immediate obligations. How do you usually spend that time?","[0.110282, -0.036761, 0.0, 0.0, 0.0, 0.036761, -0.036761, -0.036761, 0.0, -0.036761, 0.073521, -0.036761, 0.110282, 0.036761, 0.036761, -0.036761, -0.036761, 0.036761, 0.0, 0.0, 0.036761, 0.036761, -0.036761, 0.036761, 0.0, 0.0, 0.0, 0.0, 0.0, 0.036761, -0.036761, 0.0, 0.073521, 0.073521, 0.073521, -0.036761, -0.073521, 0.110282, 0.0, -0.036761, 0.0, 0.036761, 0.036761, 0.0, 0.0, -0.036761, 0.0, 0.0, -0.036761, 0.0, 0.036761, 0.073521, 0.036761, 0.073521, 0.036761, 0.0, 0.0, 0.0, 0.0, -0.036761, -0.036761, -0.036761, -0.036761, 0.036761, 0.0, -0.036761, 0.0, 0.0, 0.036761, -0.036761, -0.036761, 0.036761, 0.0, 0.0, 0.0, 0.0, 0.073521, -0.073521, -0.036761, 0.036761, 0.0, 0.036761, 0.036761, 0.0, 0.073521, -0.147043, 0.036761, -0.110282, 0.0, -0.036761, 0.0, 0.110282, -0.036761, -0.073521, 0.0, -0.036761, 0.036761, 0.0, -0.036761, -0.073521, 0.036761, 0.073521, -0.036761, 0.036761, 0.036761, 0.0, 0.0, -0.036761, 0.036761, -0.036761, 0.036761, -0.036761, 0.0, 0.073521, -0.073521, 0.036761, -0.036761, 0.036761, -0.036761, -0.036761, 0.0, 0.0, 0.0, 0.036761, 0.0, 0.0, -0.036761, 0.0, 0.073521, 0.036761, 0.0, -0.036761, 0.0, 0.110282, 0.0, -0.036761, 0.073521, 0.0, 0.0, 0.0, -0.036761, 0.036761, -0.073521, -0.036761, -0.036761, -0.036761, 0.0, 0.036761, 0.0, 0.0, -0.036761, -0.036761, -0.036761, 0.0, -0.036761, 0.0, 0.0, 0.036761, 0.110282, 0.0, 0.036761, 0.036761, -0.036761, 0.073521, 0.036761, 0.0, 0.110282, -0.036761, 0.036761, 0.0, -0.036761, 0.0, 0.0, 0.0, 0.0, -0.073521, -0.073521, -0.073521, -0.110282, 0.0, 0.036761, -0.036761, 0.036761, 0.036761, 0.0, 0.0, 0.0, 0.110282, 0.036761, 0.036761, 0.036761, 0.073521, 0.147043, 0.0, -0.036761, 0.036761, 0.073521, 0.0, -0.036761, 0.036761, 0.0, 0.036761, -0.036761, 0.073521, 0.0, -0.036761, -0.073521, -0.110282, 0.036761, -0.110282, 0.036761, 0.036761, 0.0, 0.073521, 0.0, 0.147043, 0.036761, 0.0, 0.036761, 0.036761, 0.0, -0.036761, 0.036761, -0.036761, 0.0, 0.0, 0.147043, 0.147043, 0.0, -0.036761, -0.073521, 0.0, -0.036761, -0.073521, 0.0, -0.110282, 0.036761, -0.036761, -0.036761, 0.0, -0.073521, 0.0, 0.036761, 0.220564, 0.036761, 0.0, 0.0, 0.0, 0.036761, -0.036761, -0.036761, 0.036761, 0.0, 0.0, -0.036761, 0.0, -0.073521, -0.036761, -0.110282, 0.0, -0.036761, -0.036761, -0.073521, 0.0, 0.0, -0.036761, 0.0, 0.0, -0.036761, 0.183804, -0.036761, 0.0, 0.036761, 0.036761, 0.036761, -0.036761, -0.036761, -0.110282, -0.073521, 0.036761, 0.073521, 0.0, 0.036761, 0.0, -0.073521, 0.073521, -0.036761, -0.036761, -0.036761, 0.110282, 0.0, 0.036761, 0.0, -0.036761, 0.036761, 0.0, -0.073521, 0.073521, -0.036761, -0.036761, 0.0, -0.036761, -0.147043, 0.073521, 0.0, 0.147043, 0.036761, 0.110282, 0.073521, 0.036761, 0.0, 0.0, -0.073521, -0.073521, 0.036761, 0.0, -0.073521, 0.036761, 0.0, 0.0, 0.036761, 0.0, 0.036761, 0.036761, -0.073521, -0.036761, -0.036761, -0.073521, 0.036761, 0.036761, 0.0, -0.036761, 0.0, 0.0, 0.110282, -0.036761, 0.0, 0.0, 0.110282, 0.0, 0.036761, 0.0, -0.036761, 0.0, -0.036761, 0.036761, 0.0, -0.073521, 0.036761, -0.036761, 0.036761, 0.036761, 0.036761, 0.0, 0.0, -0.110282, 0.0, -0.036761, 0.0, 0.0, 0.0, -0.036761, 0.036761, -0.036761, 0.0, 0.0, -0.036761, -0.036761, -0.036761, -0.147043, -0.036761, 0.0, 0.036761, -0.073521, 0.0, 0.036761, -0.073521, -0.036761, -0.036761, -0.036761, 0.0, 0.0, 0.073521, 0.0]",12,6,6,157,205,0.5413,0.567,0.5499,0.4587,1.0,0.7672,0.0,0.4916,2026-09-19T15:26:22
06f04012-b566-438c-8e2e-8ab18d27617f,P-4CD2E82E33,T3,low,medium,google/gemma-4-31b-it,0,Neutral Engagement Agent,"You are browsing products on an online marketplace (e.g., Skroutz) and want to place an order. Several shops offer the same product. Two shops have identical ratings but different delivery times. Which shop do you choose, and why?","[0.0, -0.053567, 0.0, 0.0, 0.053567, 0.053567, 0.026784, -0.053567, -0.026784, 0.107134, 0.053567, 0.0, 0.080351, 0.026784, -0.026784, 0.0, 0.080351, 0.053567, -0.080351, -0.026784, 0.026784, -0.026784, 0.0, -0.053567, 0.0, 0.080351, 0.053567, 0.026784, 0.0, -0.026784, -0.053567, 0.0, 0.026784, 0.0, 0.107134, -0.026784, -0.026784, -0.026784, -0.053567, -0.080351, 0.026784, -0.053567, 0.026784, 0.053567, 0.0, -0.026784, 0.0, 0.026784, 0.053567, 0.026784, -0.107134, -0.026784, 0.080351, -0.026784, -0.026784, 0.0, 0.026784, 0.160701, -0.026784, -0.053567, 0.026784, -0.026784, 0.026784, 0.026784, 0.026784, 0.053567, 0.0, 0.026784, -0.026784, 0.026784, 0.053567, -0.080351, 0.053567, 0.026784, 0.0, -0.080351, 0.053567, 0.080351, 0.080351, 0.080351, 0.0, 0.053567, 0.0, -0.080351, 0.053567, -0.080351, 0.026784, -0.053567, 0.0, 0.0, -0.026784, -0.053567, -0.080351, 0.026784, -0.026784, -0.053567, 0.026784, 0.0, 0.0, -0.026784, 0.026784, 0.0, -0.026784, 0.053567, 0.026784, 0.026784, 0.0, 0.0, 0.053567, -0.080351, 0.053567, 0.0, 0.0, 0.053567, -0.026784, -0.026784, 0.0, 0.053567, -0.053567, 0.080351, 0.080351, 0.0, 0.053567, 0.026784, 0.107134, -0.053567, 0.0, -0.053567, 0.026784, 0.133918, -0.053567, 0.053567, 0.0, 0.080351, -0.026784, -0.107134, -0.107134, 0.0, -0.026784, 0.026784, 0.053567, 0.107134, 0.026784, -0.080351, -0.080351, -0.026784, 0.107134, 0.080351, 0.053567, 0.0, 0.026784, -0.026784, 0.053567, -0.053567, -0.080351, 0.160701, 0.026784, 0.026784, 0.053567, 0.053567, -0.053567, 0.053567, -0.053567, 0.107134, -0.107134, 0.080351, 0.053567, 0.0, -0.026784, 0.0, -0.080351, 0.0, -0.053567, 0.080351, 0.053567, 0.026784, -0.026784, 0.0, 0.053567, 0.026784, 0.026784, -0.026784, 0.0, -0.053567, 0.026784, 0.0, 0.0, 0.107134, 0.026784, -0.053567, -0.026784, 0.053567, 0.0, 0.0, -0.053567, 0.053567, 0.080351, -0.026784, 0.053567, 0.026784, 0.026784, 0.080351, -0.053567, 0.026784, 0.026784, -0.026784, -0.026784, 0.0, 0.080351, -0.053567, 0.0, 0.026784, -0.026784, -0.026784, 0.0, 0.053567, 0.053567, 0.026784, 0.026784, 0.053567, -0.026784, 0.107134, -0.026784, 0.0, 0.080351, 0.026784, 0.107134, 0.026784, -0.133918, 0.0, 0.026784, 0.053567, -0.026784, -0.026784, 0.0, -0.080351, 0.026784, 0.026784, 0.0, -0.026784, 0.080351, 0.080351, 0.026784, 0.080351, 0.0, 0.0, 0.026784, 0.0, 0.0, 0.053567, 0.0, -0.026784, 0.026784, 0.026784, 0.026784, 0.0, -0.026784, -0.053567, -0.080351, -0.026784, 0.0, -0.026784, 0.0, 0.026784, 0.053567, -0.053567, 0.053567, -0.053567, 0.026784, 0.026784, 0.0, -0.053567, 0.0, -0.026784, 0.026784, 0.0, 0.026784, -0.107134, 0.0, -0.080351, -0.107134, -0.026784, -0.026784, -0.080351, 0.107134, 0.026784, 0.0, 0.0, 0.0, 0.053567, -0.026784, 0.0, -0.026784, 0.0, 0.133918, 0.0, -0.026784, 0.0, -0.133918, 0.053567, 0.0, -0.026784, 0.0, 0.053567, 0.026784, 0.0, 0.0, -0.026784, 0.053567, 0.0, 0.026784, 0.026784, -0.080351, -0.026784, 0.053567, -0.107134, -0.026784, 0.026784, -0.080351, 0.026784, -0.026784, -0.026784, 0.0, 0.026784, -0.026784, 0.080351, 0.0, 0.080351, -0.026784, -0.026784, -0.053567, 0.053567, 0.026784, 0.0, 0.026784, 0.0, -0.080351, 0.026784, -0.026784, -0.080351, 0.026784, 0.026784, -0.026784, 0.026784, -0.080351, -0.080351, -0.026784, -0.026784, -0.053567, -0.026784, 0.053567, 0.053567, 0.0, 0.080351, -0.053567, -0.053567, 0.053567, -0.026784, 0.0, -0.026784, 0.133918, 0.0, -0.053567, -0.053567, 0.026784, 0.026784, -0.053567, -0.026784, -0.053567, -0.133918, 0.026784, -0.053567, 0.026784, 0.0, 0.026784, 0.026784, 0.026784, 0.0, -0.053567, 0.026784, 0.026784, 0.0, -0.080351, -0.026784]",12,6,6,154,200,0.5452,0.5611,0.55,0.4548,1.0,0.8868,0.0833,0.5045,2026-09-19T15:26:22
07eb80d3-600b-4914-bf38-02316ef1431c,P-4CD2E82E33,T2,high,small,google/gemma-3-4b-it,1,Neutral Engagement Agent,"A friend suggests ordering Lebanese food, but you are not familiar with the cuisine. How do you respond during the conversation?","[0.03337, -0.03337, -0.03337, -0.03337, -0.03337, -0.03337, 0.0, -0.100111, 0.0, -0.03337, 0.0, 0.0, 0.133482, 0.03337, 0.0, 0.0, 0.03337, 0.03337, 0.0, 0.0, 0.0, 0.03337, -0.166852, 0.066741, 0.0, -0.03337, 0.03337, 0.0, 0.0, 0.0, -0.03337, -0.03337, 0.03337, 0.03337, 0.03337, 0.0, -0.03337, 0.066741, -0.03337, 0.03337, 0.0, 0.0, 0.066741, 0.066741, 0.0, 0.0, -0.03337, 0.0, 0.133482, 0.0, 0.066741, 0.03337, 0.03337, -0.066741, 0.03337, 0.0, -0.066741, 0.0, -0.066741, -0.03337, 0.03337, 0.0, -0.03337, 0.0, 0.0, 0.0, 0.0, -0.03337, -0.03337, -0.066741, 0.03337, -0.100111, 0.0, -0.03337, 0.0, 0.0, 0.066741, 0.066741, -0.03337, -0.03337, 0.0, 0.100111, -0.066741, -0.066741, 0.0, -0.066741, 0.0, -0.100111, 0.0, -0.066741, 0.03337, 0.0, 0.0, 0.0, -0.03337, 0.100111, 0.03337, 0.0, -0.03337, -0.066741, -0.03337, 0.0, 0.0, 0.066741, 0.0, -0.03337, 0.03337, 0.0, 0.0, -0.03337, 0.100111, -0.066741, 0.0, -0.03337, 0.03337, 0.066741, 0.066741, 0.0, -0.066741, 0.0, -0.03337, -0.03337, 0.066741, 0.03337, 0.0, 0.0, 0.03337, 0.0, -0.03337, -0.066741, 0.0, -0.03337, 0.0, 0.133482, 0.03337, 0.03337, 0.03337, -0.066741, 0.0, 0.03337, 0.03337, 0.0, -0.03337, 0.0, -0.066741, 0.0, 0.0, 0.0, 0.133482, 0.0, 0.066741, 0.0, -0.03337, 0.0, 0.03337, 0.03337, 0.0, 0.0, 0.100111, 0.0, -0.100111, 0.03337, 0.0, 0.0, -0.066741, -0.03337, 0.0, 0.0, -0.03337, 0.0, -0.066741, 0.100111, -0.03337, 0.0, -0.066741, -0.066741, -0.03337, 0.0, 0.0, 0.03337, 0.0, 0.0, 0.066741, 0.03337, 0.0, 0.066741, 0.066741, 0.100111, 0.066741, -0.03337, 0.0, 0.066741, 0.133482, 0.03337, -0.066741, 0.03337, 0.066741, -0.03337, 0.03337, -0.03337, 0.0, 0.03337, 0.0, 0.100111, 0.03337, 0.066741, 0.03337, -0.03337, 0.03337, -0.066741, -0.03337, 0.133482, 0.0, -0.03337, 0.0, 0.133482, 0.0, -0.066741, 0.066741, -0.066741, 0.066741, 0.0, -0.03337, -0.066741, 0.100111, -0.133482, 0.0, 0.100111, -0.100111, 0.03337, -0.133482, 0.0, -0.03337, -0.03337, -0.03337, 0.0, -0.03337, 0.03337, -0.03337, -0.100111, 0.0, -0.03337, 0.0, 0.133482, 0.100111, 0.100111, 0.0, 0.03337, 0.03337, -0.066741, -0.03337, 0.0, 0.100111, 0.03337, 0.0, -0.03337, -0.100111, -0.133482, -0.03337, -0.03337, -0.03337, -0.03337, 0.0, -0.066741, 0.0, 0.03337, 0.0, 0.0, 0.066741, 0.0, -0.03337, -0.100111, 0.0, 0.03337, 0.0, 0.0, -0.066741, 0.0, -0.03337, 0.0, 0.0, 0.100111, 0.0, 0.03337, 0.0, 0.066741, 0.0, 0.0, 0.03337, 0.03337, 0.0, -0.066741, 0.03337, -0.03337, 0.0, 0.0, -0.066741, -0.03337, 0.0, 0.03337, 0.03337, 0.0, 0.0, 0.100111, 0.0, 0.0, -0.066741, 0.03337, 0.0, 0.03337, -0.100111, -0.03337, -0.066741, -0.03337, 0.03337, 0.0, 0.066741, -0.03337, 0.0, -0.066741, 0.0, -0.03337, -0.066741, 0.0, 0.03337, 0.03337, -0.100111, 0.100111, 0.0, 0.03337, 0.0, 0.066741, 0.0, 0.0, -0.03337, -0.03337, 0.0, -0.03337, -0.066741, 0.0, 0.03337, 0.0, -0.066741, 0.0, 0.0, 0.0, 0.03337, 0.100111, 0.0, 0.0, 0.0, 0.066741, 0.0, 0.03337, 0.0, -0.100111, 0.03337, 0.0, 0.0, 0.0, 0.03337, 0.0, 0.03337, 0.0, 0.100111, 0.0, -0.03337, 0.0, -0.066741, -0.200223, 0.0, -0.066741, 0.066741, 0.03337, -0.066741, 0.03337, 0.03337, -0.03337, -0.03337, 0.100111, 0.0, 0.0, -0.100111, -0.03337]",12,6,6,91,118,0.5743,0.598,0.5315,0.4257,1.0,0.6389,0.1667,0.5153,2026-09-19T15:26:23
15f00c5f-1499-4cbc-bbe4-61e03f8bf1d5,P-4CD2E82E33,T3,low,medium,google/gemma-4-31b-it,1,Neutral Engagement Agent,"You are browsing products on an online marketplace (e.g., Skroutz) and want to place an order. Several shops offer the same product. Two shops have identical ratings but different delivery times. Which shop do you choose, and why?","[0.0, -0.053567, 0.0, 0.0, 0.053567, 0.053567, 0.026784, -0.053567, -0.026784, 0.107134, 0.053567, 0.0, 0.080351, 0.026784, -0.026784, 0.0, 0.080351, 0.053567, -0.080351, -0.026784, 0.026784, -0.026784, 0.0, -0.053567, 0.0, 0.080351, 0.053567, 0.026784, 0.0, -0.026784, -0.053567, 0.0, 0.026784, 0.0, 0.107134, -0.026784, -0.026784, -0.026784, -0.053567, -0.080351, 0.026784, -0.053567, 0.026784, 0.053567, 0.0, -0.026784, 0.0, 0.026784, 0.053567, 0.026784, -0.107134, -0.026784, 0.080351, -0.026784, -0.026784, 0.0, 0.026784, 0.160701, -0.026784, -0.053567, 0.026784, -0.026784, 0.026784, 0.026784, 0.026784, 0.053567, 0.0, 0.026784, -0.026784, 0.026784, 0.053567, -0.080351, 0.053567, 0.026784, 0.0, -0.080351, 0.053567, 0.080351, 0.080351, 0.080351, 0.0, 0.053567, 0.0, -0.080351, 0.053567, -0.080351, 0.026784, -0.053567, 0.0, 0.0, -0.026784, -0.053567, -0.080351, 0.026784, -0.026784, -0.053567, 0.026784, 0.0, 0.0, -0.026784, 0.026784, 0.0, -0.026784, 0.053567, 0.026784, 0.026784, 0.0, 0.0, 0.053567, -0.080351, 0.053567, 0.0, 0.0, 0.053567, -0.026784, -0.026784, 0.0, 0.053567, -0.053567, 0.080351, 0.080351, 0.0, 0.053567, 0.026784, 0.107134, -0.053567, 0.0, -0.053567, 0.026784, 0.133918, -0.053567, 0.053567, 0.0, 0.080351, -0.026784, -0.107134, -0.107134, 0.0, -0.026784, 0.026784, 0.053567, 0.107134, 0.026784, -0.080351, -0.080351, -0.026784, 0.107134, 0.080351, 0.053567, 0.0, 0.026784, -0.026784, 0.053567, -0.053567, -0.080351, 0.160701, 0.026784, 0.026784, 0.053567, 0.053567, -0.053567, 0.053567, -0.053567, 0.107134, -0.107134, 0.080351, 0.053567, 0.0, -0.026784, 0.0, -0.080351, 0.0, -0.053567, 0.080351, 0.053567, 0.026784, -0.026784, 0.0, 0.053567, 0.026784, 0.026784, -0.026784, 0.0, -0.053567, 0.026784, 0.0, 0.0, 0.107134, 0.026784, -0.053567, -0.026784, 0.053567, 0.0, 0.0, -0.053567, 0.053567, 0.080351, -0.026784, 0.053567, 0.026784, 0.026784, 0.080351, -0.053567, 0.026784, 0.026784, -0.026784, -0.026784, 0.0, 0.080351, -0.053567, 0.0, 0.026784, -0.026784, -0.026784, 0.0, 0.053567, 0.053567, 0.026784, 0.026784, 0.053567, -0.026784, 0.107134, -0.026784, 0.0, 0.080351, 0.026784, 0.107134, 0.026784, -0.133918, 0.0, 0.026784, 0.053567, -0.026784, -0.026784, 0.0, -0.080351, 0.026784, 0.026784, 0.0, -0.026784, 0.080351, 0.080351, 0.026784, 0.080351, 0.0, 0.0, 0.026784, 0.0, 0.0, 0.053567, 0.0, -0.026784, 0.026784, 0.026784, 0.026784, 0.0, -0.026784, -0.053567, -0.080351, -0.026784, 0.0, -0.026784, 0.0, 0.026784, 0.053567, -0.053567, 0.053567, -0.053567, 0.026784, 0.026784, 0.0, -0.053567, 0.0, -0.026784, 0.026784, 0.0, 0.026784, -0.107134, 0.0, -0.080351, -0.107134, -0.026784, -0.026784, -0.080351, 0.107134, 0.026784, 0.0, 0.0, 0.0, 0.053567, -0.026784, 0.0, -0.026784, 0.0, 0.133918, 0.0, -0.026784, 0.0, -0.133918, 0.053567, 0.0, -0.026784, 0.0, 0.053567, 0.026784, 0.0, 0.0, -0.026784, 0.053567, 0.0, 0.026784, 0.026784, -0.080351, -0.026784, 0.053567, -0.107134, -0.026784, 0.026784, -0.080351, 0.026784, -0.026784, -0.026784, 0.0, 0.026784, -0.026784, 0.080351, 0.0, 0.080351, -0.026784, -0.026784, -0.053567, 0.053567, 0.026784, 0.0, 0.026784, 0.0, -0.080351, 0.026784, -0.026784, -0.080351, 0.026784, 0.026784, -0.026784, 0.026784, -0.080351, -0.080351, -0.026784, -0.026784, -0.053567, -0.026784, 0.053567, 0.053567, 0.0, 0.080351, -0.053567, -0.053567, 0.053567, -0.026784, 0.0, -0.026784, 0.133918, 0.0, -0.053567, -0.053567, 0.026784, 0.026784, -0.053567, -0.026784, -0.053567, -0.133918, 0.026784, -0.053567, 0.026784, 0.0, 0.026784, 0.026784, 0.026784, 0.0, -0.053567, 0.026784, 0.026784, 0.0, -0.080351, -0.026784]",12,6,6,185,242,0.5896,0.6053,0.5562,0.4104,1.0,0.8333,0.0833,0.5105,2026-09-19T15:26:22
29bda023-911e-4d48-8124-826151032ddd,P-4CD2E82E33,T2,high,medium,google/gemma-4-31b-it,1,Neutral Engagement Agent,"A friend suggests ordering Chinese food, but you are not familiar with the cuisine. How do you respond during the conversation?","[0.033558, -0.033558, -0.033558, -0.033558, -0.033558, -0.033558, 0.0, -0.100673, 0.0, -0.033558, 0.0, 0.033558, 0.100673, 0.033558, 0.0, 0.0, 0.033558, 0.033558, 0.0, 0.0, 0.0, 0.033558, -0.167789, 0.067116, 0.0, 0.0, 0.033558, 0.0, 0.0, 0.0, -0.033558, 0.0, 0.067116, 0.033558, 0.033558, 0.033558, -0.033558, 0.067116, 0.0, 0.033558, 0.0, 0.0, 0.067116, 0.100673, 0.0, 0.0, -0.033558, 0.0, 0.134231, 0.0, 0.033558, 0.033558, 0.033558, -0.067116, 0.033558, 0.0, 0.0, 0.0, -0.067116, -0.033558, 0.033558, 0.0, -0.033558, 0.0, 0.033558, 0.0, 0.0, -0.033558, -0.033558, -0.100673, 0.033558, -0.100673, 0.0, -0.033558, -0.033558, 0.0, 0.067116, 0.067116, -0.033558, -0.033558, 0.0, 0.100673, -0.067116, -0.067116, 0.0, -0.067116, 0.0, -0.100673, 0.0, -0.067116, 0.0, 0.0, 0.0, 0.0, -0.033558, 0.067116, 0.033558, 0.0, -0.033558, -0.067116, -0.033558, 0.0, 0.0, 0.033558, 0.0, -0.033558, 0.033558, 0.0, 0.0, 0.0, 0.100673, -0.067116, 0.0, -0.033558, 0.067116, 0.067116, 0.067116, 0.0, -0.100673, 0.0, -0.033558, -0.033558, 0.100673, 0.0, -0.033558, 0.0, 0.033558, 0.0, -0.033558, -0.067116, 0.0, -0.033558, 0.0, 0.134231, 0.033558, 0.033558, 0.033558, -0.067116, 0.0, 0.033558, 0.033558, 0.0, -0.033558, -0.033558, -0.067116, 0.0, 0.0, 0.0, 0.100673, 0.0, 0.067116, 0.033558, -0.033558, 0.0, 0.033558, 0.033558, 0.0, 0.0, 0.100673, 0.0, -0.100673, 0.033558, 0.0, 0.0, -0.067116, -0.067116, 0.0, -0.033558, -0.033558, 0.0, -0.067116, 0.100673, -0.033558, 0.0, -0.067116, -0.100673, -0.033558, 0.0, 0.0, 0.033558, 0.0, 0.0, 0.067116, 0.067116, 0.0, 0.067116, 0.067116, 0.100673, 0.067116, -0.033558, 0.0, 0.067116, 0.134231, 0.033558, -0.067116, 0.033558, 0.067116, -0.033558, 0.033558, -0.033558, -0.033558, 0.033558, 0.0, 0.100673, 0.033558, 0.067116, 0.033558, -0.033558, 0.033558, -0.067116, -0.033558, 0.100673, 0.0, -0.033558, 0.0, 0.134231, 0.0, -0.067116, 0.067116, -0.067116, 0.067116, 0.0, -0.067116, -0.067116, 0.100673, -0.100673, -0.033558, 0.067116, -0.100673, 0.033558, -0.134231, 0.0, -0.033558, -0.033558, -0.067116, 0.0, -0.033558, 0.0, -0.033558, -0.100673, 0.0, -0.033558, 0.0, 0.134231, 0.100673, 0.100673, 0.0, 0.033558, 0.033558, -0.067116, -0.033558, 0.033558, 0.100673, 0.033558, 0.0, -0.033558, -0.100673, -0.134231, -0.033558, -0.033558, -0.033558, -0.067116, 0.0, -0.067116, 0.033558, 0.033558, 0.0, 0.0, 0.067116, 0.033558, -0.033558, -0.100673, 0.0, 0.033558, 0.0, 0.033558, -0.067116, 0.0, -0.033558, 0.0, 0.0, 0.100673, 0.0, 0.033558, 0.0, 0.067116, 0.0, 0.0, 0.033558, 0.033558, 0.0, -0.100673, 0.033558, 0.0, 0.0, 0.0, -0.067116, -0.033558, 0.0, 0.033558, 0.033558, 0.0, 0.0, 0.067116, 0.0, 0.0, -0.067116, 0.033558, 0.0, 0.067116, -0.100673, 0.0, -0.067116, -0.033558, 0.033558, 0.0, 0.067116, -0.033558, 0.0, -0.033558, 0.0, -0.033558, -0.067116, 0.033558, 0.033558, 0.033558, -0.100673, 0.067116, 0.0, 0.033558, 0.0, 0.033558, -0.033558, 0.0, -0.033558, -0.033558, 0.0, 0.0, -0.067116, 0.0, 0.033558, 0.0, -0.067116, 0.0, 0.0, 0.0, 0.033558, 0.067116, 0.0, 0.0, 0.0, 0.067116, 0.0, 0.033558, 0.0, -0.100673, 0.033558, 0.0, 0.0, 0.0, 0.033558, 0.0, 0.033558, -0.033558, 0.134231, 0.0, -0.033558, 0.0, -0.067116, -0.201347, 0.0, -0.067116, 0.067116, 0.0, -0.033558, 0.033558, 0.033558, -0.033558, -0.033558, 0.100673, 0.0, 0.0, -0.067116, -0.033558]",12,6,6,128,167,0.5404,0.5599,0.5531,0.4596,1.0,0.4522,0.0,0.4923,2026-09-19T15:26:23
2d114f04-9e62-4098-915c-2bfa96c64f9c,P-4CD2E82E33,T3,low,medium,google/gemma-4-31b-it,1,Neutral Engagement Agent,"You are browsing products on an online marketplace (e.g., Skroutz) and want to place an order. One shop has a slightly lower price, while another has many more customer reviews. Which shop do you choose, and why?","[0.0, -0.049417, 0.024708, 0.024708, 0.074125, 0.098833, -0.024708, -0.049417, 0.0, 0.049417, 0.0, -0.024708, 0.098833, 0.074125, -0.049417, 0.024708, 0.098833, 0.074125, -0.024708, -0.049417, -0.024708, -0.049417, 0.0, -0.123542, -0.049417, 0.049417, 0.024708, 0.0, 0.098833, 0.0, 0.0, 0.024708, 0.14825, 0.049417, 0.074125, -0.024708, -0.024708, 0.0, 0.024708, -0.14825, 0.074125, -0.074125, 0.049417, 0.0, -0.024708, -0.024708, 0.024708, 0.049417, 0.0, -0.024708, -0.074125, 0.0, -0.024708, 0.0, 0.0, -0.024708, 0.049417, 0.024708, 0.024708, -0.074125, 0.024708, -0.049417, -0.024708, 0.049417, 0.049417, 0.0, -0.123542, -0.049417, -0.074125, 0.0, 0.0, -0.049417, 0.049417, 0.0, -0.049417, -0.049417, 0.049417, 0.024708, -0.049417, 0.024708, 0.0, 0.0, 0.0, -0.024708, -0.049417, -0.024708, 0.049417, -0.098833, -0.024708, -0.049417, 0.0, 0.024708, -0.074125, 0.024708, 0.0, -0.024708, 0.049417, -0.024708, 0.0, -0.074125, -0.049417, 0.0, -0.024708, 0.024708, 0.0, -0.074125, 0.0, 0.024708, 0.049417, -0.049417, 0.024708, -0.098833, 0.0, 0.074125, -0.074125, 0.049417, -0.024708, 0.074125, -0.074125, 0.074125, 0.098833, -0.049417, 0.024708, -0.049417, 0.074125, -0.049417, 0.0, 0.0, -0.049417, 0.098833, -0.098833, -0.024708, 0.0, 0.074125, -0.098833, -0.074125, -0.024708, 0.0, -0.098833, 0.0, -0.049417, 0.098833, -0.024708, -0.049417, -0.074125, 0.024708, 0.074125, 0.0, 0.024708, 0.024708, -0.024708, -0.074125, 0.0, 0.0, -0.049417, 0.074125, 0.024708, 0.024708, 0.049417, 0.0, -0.049417, 0.024708, -0.024708, 0.14825, -0.049417, -0.074125, 0.0, 0.0, -0.049417, -0.049417, -0.123542, -0.024708, -0.024708, 0.049417, 0.024708, -0.049417, -0.074125, -0.049417, 0.024708, 0.049417, -0.024708, -0.074125, 0.024708, -0.024708, 0.024708, -0.049417, 0.024708, 0.049417, 0.0, 0.0, 0.024708, 0.074125, 0.049417, 0.0, -0.049417, 0.049417, 0.074125, -0.049417, 0.024708, -0.024708, -0.024708, 0.098833, -0.049417, 0.024708, -0.024708, 0.0, -0.049417, 0.0, 0.024708, 0.0, 0.0, 0.049417, -0.049417, -0.049417, 0.0, 0.0, 0.0, 0.024708, 0.0, 0.074125, 0.0, 0.049417, 0.0, 0.0, -0.024708, 0.024708, 0.098833, 0.098833, -0.098833, 0.0, 0.024708, 0.0, 0.0, -0.098833, -0.074125, -0.049417, -0.024708, 0.049417, 0.0, 0.024708, 0.123542, 0.024708, 0.074125, 0.098833, -0.024708, 0.0, 0.0, 0.024708, 0.024708, 0.0, 0.0, 0.0, 0.0, -0.024708, -0.024708, 0.024708, 0.0, -0.074125, -0.074125, 0.024708, 0.0, 0.024708, 0.0, 0.0, 0.123542, -0.024708, 0.074125, -0.049417, -0.024708, 0.0, -0.024708, -0.049417, -0.024708, 0.0, -0.024708, 0.049417, 0.024708, -0.024708, 0.049417, -0.049417, -0.024708, -0.024708, -0.024708, -0.049417, 0.074125, -0.024708, 0.024708, 0.0, -0.024708, 0.0, 0.049417, -0.024708, -0.049417, 0.0, 0.024708, 0.074125, 0.0, 0.0, -0.14825, 0.024708, -0.024708, -0.074125, -0.14825, 0.049417, 0.074125, 0.049417, 0.049417, -0.024708, 0.0, -0.049417, 0.024708, -0.049417, -0.049417, -0.074125, 0.0, -0.123542, -0.024708, -0.074125, -0.024708, 0.024708, -0.049417, 0.024708, 0.024708, 0.024708, 0.024708, 0.074125, -0.049417, 0.024708, -0.123542, 0.0, 0.024708, 0.049417, 0.0, 0.0, 0.024708, -0.024708, -0.074125, 0.024708, -0.024708, -0.024708, -0.024708, 0.0, -0.024708, 0.0, -0.024708, -0.14825, -0.024708, -0.024708, -0.049417, -0.024708, 0.024708, 0.049417, -0.024708, 0.098833, -0.024708, -0.049417, 0.0, 0.024708, 0.0, -0.024708, 0.14825, 0.0, -0.049417, -0.024708, 0.049417, 0.0, -0.024708, -0.049417, 0.0, -0.14825, 0.024708, -0.024708, 0.0, 0.049417, 0.0, 0.024708, -0.074125, 0.0, -0.024708, -0.049417, 0.024708, 0.0, 0.049417, -0.024708]",12,6,6,175,229,0.5985,0.6256,0.5513,0.4015,1.0,0.9741,0.0833,0.5102,2026-09-19T15:26:22
36bdca91-4d39-47c7-b1cb-3ff536b9d10e,P-4CD2E82E33,T2,high,medium,google/gemma-4-31b-it,1,Neutral Engagement Agent,"A friend suggests ordering Lebanese food, but you are not familiar with the cuisine. How do you respond during the conversation?","[0.03337, -0.03337, -0.03337, -0.03337, -0.03337, -0.03337, 0.0, -0.100111, 0.0, -0.03337, 0.0, 0.0, 0.133482, 0.03337, 0.0, 0.0, 0.03337, 0.03337, 0.0, 0.0, 0.0, 0.03337, -0.166852, 0.066741, 0.0, -0.03337, 0.03337, 0.0, 0.0, 0.0, -0.03337, -0.03337, 0.03337, 0.03337, 0.03337, 0.0, -0.03337, 0.066741, -0.03337, 0.03337, 0.0, 0.0, 0.066741, 0.066741, 0.0, 0.0, -0.03337, 0.0, 0.133482, 0.0, 0.066741, 0.03337, 0.03337, -0.066741, 0.03337, 0.0, -0.066741, 0.0, -0.066741, -0.03337, 0.03337, 0.0, -0.03337, 0.0, 0.0, 0.0, 0.0, -0.03337, -0.03337, -0.066741, 0.03337, -0.100111, 0.0, -0.03337, 0.0, 0.0, 0.066741, 0.066741, -0.03337, -0.03337, 0.0, 0.100111, -0.066741, -0.066741, 0.0, -0.066741, 0.0, -0.100111, 0.0, -0.066741, 0.03337, 0.0, 0.0, 0.0, -0.03337, 0.100111, 0.03337, 0.0, -0.03337, -0.066741, -0.03337, 0.0, 0.0, 0.066741, 0.0, -0.03337, 0.03337, 0.0, 0.0, -0.03337, 0.100111, -0.066741, 0.0, -0.03337, 0.03337, 0.066741, 0.066741, 0.0, -0.066741, 0.0, -0.03337, -0.03337, 0.066741, 0.03337, 0.0, 0.0, 0.03337, 0.0, -0.03337, -0.066741, 0.0, -0.03337, 0.0, 0.133482, 0.03337, 0.03337, 0.03337, -0.066741, 0.0, 0.03337, 0.03337, 0.0, -0.03337, 0.0, -0.066741, 0.0, 0.0, 0.0, 0.133482, 0.0, 0.066741, 0.0, -0.03337, 0.0, 0.03337, 0.03337, 0.0, 0.0, 0.100111, 0.0, -0.100111, 0.03337, 0.0, 0.0, -0.066741, -0.03337, 0.0, 0.0, -0.03337, 0.0, -0.066741, 0.100111, -0.03337, 0.0, -0.066741, -0.066741, -0.03337, 0.0, 0.0, 0.03337, 0.0, 0.0, 0.066741, 0.03337, 0.0, 0.066741, 0.066741, 0.100111, 0.066741, -0.03337, 0.0, 0.066741, 0.133482, 0.03337, -0.066741, 0.03337, 0.066741, -0.03337, 0.03337, -0.03337, 0.0, 0.03337, 0.0, 0.100111, 0.03337, 0.066741, 0.03337, -0.03337, 0.03337, -0.066741, -0.03337, 0.133482, 0.0, -0.03337, 0.0, 0.133482, 0.0, -0.066741, 0.066741, -0.066741, 0.066741, 0.0, -0.03337, -0.066741, 0.100111, -0.133482, 0.0, 0.100111, -0.100111, 0.03337, -0.133482, 0.0, -0.03337, -0.03337, -0.03337, 0.0, -0.03337, 0.03337, -0.03337, -0.100111, 0.0, -0.03337, 0.0, 0.133482, 0.100111, 0.100111, 0.0, 0.03337, 0.03337, -0.066741, -0.03337, 0.0, 0.100111, 0.03337, 0.0, -0.03337, -0.100111, -0.133482, -0.03337, -0.03337, -0.03337, -0.03337, 0.0, -0.066741, 0.0, 0.03337, 0.0, 0.0, 0.066741, 0.0, -0.03337, -0.100111, 0.0, 0.03337, 0.0, 0.0, -0.066741, 0.0, -0.03337, 0.0, 0.0, 0.100111, 0.0, 0.03337, 0.0, 0.066741, 0.0, 0.0, 0.03337, 0.03337, 0.0, -0.066741, 0.03337, -0.03337, 0.0, 0.0, -0.066741, -0.03337, 0.0, 0.03337, 0.03337, 0.0, 0.0, 0.100111, 0.0, 0.0, -0.066741, 0.03337, 0.0, 0.03337, -0.100111, -0.03337, -0.066741, -0.03337, 0.03337, 0.0, 0.066741, -0.03337, 0.0, -0.066741, 0.0, -0.03337, -0.066741, 0.0, 0.03337, 0.03337, -0.100111, 0.100111, 0.0, 0.03337, 0.0, 0.066741, 0.0, 0.0, -0.03337, -0.03337, 0.0, -0.03337, -0.066741, 0.0, 0.03337, 0.0, -0.066741, 0.0, 0.0, 0.0, 0.03337, 0.100111, 0.0, 0.0, 0.0, 0.066741, 0.0, 0.03337, 0.0, -0.100111, 0.03337, 0.0, 0.0, 0.0, 0.03337, 0.0, 0.03337, 0.0, 0.100111, 0.0, -0.03337, 0.0, -0.066741, -0.200223, 0.0, -0.066741, 0.066741, 0.03337, -0.066741, 0.03337, 0.03337, -0.03337, -0.03337, 0.100111, 0.0, 0.0, -0.100111, -0.03337]",12,6,6,119,154,0.5739,0.6003,0.5334,0.4261,1.0,0.4259,0.0,0.4907,2026-09-19T15:26:23
49e14ef1-55a1-4a2a-a2b9-d76f40e44d62,P-4CD2E82E33,T2,high,small,google/gemma-3-4b-it,1,Neutral Engagement Agent,"A friend suggests ordering Chinese food, but you are not familiar with the cuisine. How do you respond during the conversation?","[0.033558, -0.033558, -0.033558, -0.033558, -0.033558, -0.033558, 0.0, -0.100673, 0.0, -0.033558, 0.0, 0.033558, 0.100673, 0.033558, 0.0, 0.0, 0.033558, 0.033558, 0.0, 0.0, 0.0, 0.033558, -0.167789, 0.067116, 0.0, 0.0, 0.033558, 0.0, 0.0, 0.0, -0.033558, 0.0, 0.067116, 0.033558, 0.033558, 0.033558, -0.033558, 0.067116, 0.0, 0.033558, 0.0, 0.0, 0.067116, 0.100673, 0.0, 0.0, -0.033558, 0.0, 0.134231, 0.0, 0.033558, 0.033558, 0.033558, -0.067116, 0.033558, 0.0, 0.0, 0.0, -0.067116, -0.033558, 0.033558, 0.0, -0.033558, 0.0, 0.033558, 0.0, 0.0, -0.033558, -0.033558, -0.100673, 0.033558, -0.100673, 0.0, -0.033558, -0.033558, 0.0, 0.067116, 0.067116, -0.033558, -0.033558, 0.0, 0.100673, -0.067116, -0.067116, 0.0, -0.067116, 0.0, -0.100673, 0.0, -0.067116, 0.0, 0.0, 0.0, 0.0, -0.033558, 0.067116, 0.033558, 0.0, -0.033558, -0.067116, -0.033558, 0.0, 0.0, 0.033558, 0.0, -0.033558, 0.033558, 0.0, 0.0, 0.0, 0.100673, -0.067116, 0.0, -0.033558, 0.067116, 0.067116, 0.067116, 0.0, -0.100673, 0.0, -0.033558, -0.033558, 0.100673, 0.0, -0.033558, 0.0, 0.033558, 0.0, -0.033558, -0.067116, 0.0, -0.033558, 0.0, 0.134231, 0.033558, 0.033558, 0.033558, -0.067116, 0.0, 0.033558, 0.033558, 0.0, -0.033558, -0.033558, -0.067116, 0.0, 0.0, 0.0, 0.100673, 0.0, 0.067116, 0.033558, -0.033558, 0.0, 0.033558, 0.033558, 0.0, 0.0, 0.100673, 0.0, -0.100673, 0.033558, 0.0, 0.0, -0.067116, -0.067116, 0.0, -0.033558, -0.033558, 0.0, -0.067116, 0.100673, -0.033558, 0.0, -0.067116, -0.100673, -0.033558, 0.0, 0.0, 0.033558, 0.0, 0.0, 0.067116, 0.067116, 0.0, 0.067116, 0.067116, 0.100673, 0.067116, -0.033558, 0.0, 0.067116, 0.134231, 0.033558, -0.067116, 0.033558, 0.067116, -0.033558, 0.033558, -0.033558, -0.033558, 0.033558, 0.0, 0.100673, 0.033558, 0.067116, 0.033558, -0.033558, 0.033558, -0.067116, -0.033558, 0.100673, 0.0, -0.033558, 0.0, 0.134231, 0.0, -0.067116, 0.067116, -0.067116, 0.067116, 0.0, -0.067116, -0.067116, 0.100673, -0.100673, -0.033558, 0.067116, -0.100673, 0.033558, -0.134231, 0.0, -0.033558, -0.033558, -0.067116, 0.0, -0.033558, 0.0, -0.033558, -0.100673, 0.0, -0.033558, 0.0, 0.134231, 0.100673, 0.100673, 0.0, 0.033558, 0.033558, -0.067116, -0.033558, 0.033558, 0.100673, 0.033558, 0.0, -0.033558, -0.100673, -0.134231, -0.033558, -0.033558, -0.033558, -0.067116, 0.0, -0.067116, 0.033558, 0.033558, 0.0, 0.0, 0.067116, 0.033558, -0.033558, -0.100673, 0.0, 0.033558, 0.0, 0.033558, -0.067116, 0.0, -0.033558, 0.0, 0.0, 0.100673, 0.0, 0.033558, 0.0, 0.067116, 0.0, 0.0, 0.033558, 0.033558, 0.0, -0.100673, 0.033558, 0.0, 0.0, 0.0, -0.067116, -0.033558, 0.0, 0.033558, 0.033558, 0.0, 0.0, 0.067116, 0.0, 0.0, -0.067116, 0.033558, 0.0, 0.067116, -0.100673, 0.0, -0.067116, -0.033558, 0.033558, 0.0, 0.067116, -0.033558, 0.0, -0.033558, 0.0, -0.033558, -0.067116, 0.033558, 0.033558, 0.033558, -0.100673, 0.067116, 0.0, 0.033558, 0.0, 0.033558, -0.033558, 0.0, -0.033558, -0.033558, 0.0, 0.0, -0.067116, 0.0, 0.033558, 0.0, -0.067116, 0.0, 0.0, 0.0, 0.033558, 0.067116, 0.0, 0.0, 0.0, 0.067116, 0.0, 0.033558, 0.0, -0.100673, 0.033558, 0.0, 0.0, 0.0, 0.033558, 0.0, 0.033558, -0.033558, 0.134231, 0.0, -0.033558, 0.0, -0.067116, -0.201347, 0.0, -0.067116, 0.067116, 0.0, -0.033558, 0.033558, 0.033558, -0.033558, -0.033558, 0.100673, 0.0, 0.0, -0.067116, -0.033558]",12,6,6,76,99,0.5495,0.5616,0.5486,0.4505,1.0,0.5968,0.25,0.5296,2026-09-19T15:26:23
5adead12-8251-4faf-a951-69355bfbc343,P-4CD2E82E33,T3,low,small,google/gemma-3-4b-it,1,Neutral Engagement Agent,"You are browsing products on an online marketplace (e.g., Skroutz) and want to place an order. One shop has a slightly lower price, while another has many more customer reviews. Which shop do you choose, and why?","[0.0, -0.049417, 0.024708, 0.024708, 0.074125, 0.098833, -0.024708, -0.049417, 0.0, 0.049417, 0.0, -0.024708, 0.098833, 0.074125, -0.049417, 0.024708, 0.098833, 0.074125, -0.024708, -0.049417, -0.024708, -0.049417, 0.0, -0.123542, -0.049417, 0.049417, 0.024708, 0.0, 0.098833, 0.0, 0.0, 0.024708, 0.14825, 0.049417, 0.074125, -0.024708, -0.024708, 0.0, 0.024708, -0.14825, 0.074125, -0.074125, 0.049417, 0.0, -0.024708, -0.024708, 0.024708, 0.049417, 0.0, -0.024708, -0.074125, 0.0, -0.024708, 0.0, 0.0, -0.024708, 0.049417, 0.024708, 0.024708, -0.074125, 0.024708, -0.049417, -0.024708, 0.049417, 0.049417, 0.0, -0.123542, -0.049417, -0.074125, 0.0, 0.0, -0.049417, 0.049417, 0.0, -0.049417, -0.049417, 0.049417, 0.024708, -0.049417, 0.024708, 0.0, 0.0, 0.0, -0.024708, -0.049417, -0.024708, 0.049417, -0.098833, -0.024708, -0.049417, 0.0, 0.024708, -0.074125, 0.024708, 0.0, -0.024708, 0.049417, -0.024708, 0.0, -0.074125, -0.049417, 0.0, -0.024708, 0.024708, 0.0, -0.074125, 0.0, 0.024708, 0.049417, -0.049417, 0.024708, -0.098833, 0.0, 0.074125, -0.074125, 0.049417, -0.024708, 0.074125, -0.074125, 0.074125, 0.098833, -0.049417, 0.024708, -0.049417, 0.074125, -0.049417, 0.0, 0.0, -0.049417, 0.098833, -0.098833, -0.024708, 0.0, 0.074125, -0.098833, -0.074125, -0.024708, 0.0, -0.098833, 0.0, -0.049417, 0.098833, -0.024708, -0.049417, -0.074125, 0.024708, 0.074125, 0.0, 0.024708, 0.024708, -0.024708, -0.074125, 0.0, 0.0, -0.049417, 0.074125, 0.024708, 0.024708, 0.049417, 0.0, -0.049417, 0.024708, -0.024708, 0.14825, -0.049417, -0.074125, 0.0, 0.0, -0.049417, -0.049417, -0.123542, -0.024708, -0.024708, 0.049417, 0.024708, -0.049417, -0.074125, -0.049417, 0.024708, 0.049417, -0.024708, -0.074125, 0.024708, -0.024708, 0.024708, -0.049417, 0.024708, 0.049417, 0.0, 0.0, 0.024708, 0.074125, 0.049417, 0.0, -0.049417, 0.049417, 0.074125, -0.049417, 0.024708, -0.024708, -0.024708, 0.098833, -0.049417, 0.024708, -0.024708, 0.0, -0.049417, 0.0, 0.024708, 0.0, 0.0, 0.049417, -0.049417, -0.049417, 0.0, 0.0, 0.0, 0.024708, 0.0, 0.074125, 0.0, 0.049417, 0.0, 0.0, -0.024708, 0.024708, 0.098833, 0.098833, -0.098833, 0.0, 0.024708, 0.0, 0.0, -0.098833, -0.074125, -0.049417, -0.024708, 0.049417, 0.0, 0.024708, 0.123542, 0.024708, 0.074125, 0.098833, -0.024708, 0.0, 0.0, 0.024708, 0.024708, 0.0, 0.0, 0.0, 0.0, -0.024708, -0.024708, 0.024708, 0.0, -0.074125, -0.074125, 0.024708, 0.0, 0.024708, 0.0, 0.0, 0.123542, -0.024708, 0.074125, -0.049417, -0.024708, 0.0, -0.024708, -0.049417, -0.024708, 0.0, -0.024708, 0.049417, 0.024708, -0.024708, 0.049417, -0.049417, -0.024708, -0.024708, -0.024708, -0.049417, 0.074125, -0.024708, 0.024708, 0.0, -0.024708, 0.0, 0.049417, -0.024708, -0.049417, 0.0, 0.024708, 0.074125, 0.0, 0.0, -0.14825, 0.024708, -0.024708, -0.074125, -0.14825, 0.049417, 0.074125, 0.049417, 0.049417, -0.024708, 0.0, -0.049417, 0.024708, -0.049417, -0.049417, -0.074125, 0.0, -0.123542, -0.024708, -0.074125, -0.024708, 0.024708, -0.049417, 0.024708, 0.024708, 0.024708, 0.024708, 0.074125, -0.049417, 0.024708, -0.123542, 0.0, 0.024708, 0.049417, 0.0, 0.0, 0.024708, -0.024708, -0.074125, 0.024708, -0.024708, -0.024708, -0.024708, 0.0, -0.024708, 0.0, -0.024708, -0.14825, -0.024708, -0.024708, -0.049417, -0.024708, 0.024708, 0.049417, -0.024708, 0.098833, -0.024708, -0.049417, 0.0, 0.024708, 0.0, -0.024708, 0.14825, 0.0, -0.049417, -0.024708, 0.049417, 0.0, -0.024708, -0.049417, 0.0, -0.14825, 0.024708, -0.024708, 0.0, 0.049417, 0.0, 0.024708, -0.074125, 0.0, -0.024708, -0.049417, 0.024708, 0.0, 0.049417, -0.024708]",12,6,6,88,114,0.5251,0.5426,0.5388,0.4749,1.0,0.7538,0.1667,0.5122,2026-09-19T15:26:23
65d76ca4-8ebb-40d0-9e8b-c3f41270b491,P-4CD2E82E33,T3,low,small,google/gemma-3-4b-it,0,Neutral Engagement Agent,"You are browsing products on an online marketplace (e.g., Skroutz) and want to place an order. Several shops offer the same product. Two shops have identical ratings but different delivery times. Which shop do you choose, and why?","[0.0, -0.053567, 0.0, 0.0, 0.053567, 0.053567, 0.026784, -0.053567, -0.026784, 0.107134, 0.053567, 0.0, 0.080351, 0.026784, -0.026784, 0.0, 0.080351, 0.053567, -0.080351, -0.026784, 0.026784, -0.026784, 0.0, -0.053567, 0.0, 0.080351, 0.053567, 0.026784, 0.0, -0.026784, -0.053567, 0.0, 0.026784, 0.0, 0.107134, -0.026784, -0.026784, -0.026784, -0.053567, -0.080351, 0.026784, -0.053567, 0.026784, 0.053567, 0.0, -0.026784, 0.0, 0.026784, 0.053567, 0.026784, -0.107134, -0.026784, 0.080351, -0.026784, -0.026784, 0.0, 0.026784, 0.160701, -0.026784, -0.053567, 0.026784, -0.026784, 0.026784, 0.026784, 0.026784, 0.053567, 0.0, 0.026784, -0.026784, 0.026784, 0.053567, -0.080351, 0.053567, 0.026784, 0.0, -0.080351, 0.053567, 0.080351, 0.080351, 0.080351, 0.0, 0.053567, 0.0, -0.080351, 0.053567, -0.080351, 0.026784, -0.053567, 0.0, 0.0, -0.026784, -0.053567, -0.080351, 0.026784, -0.026784, -0.053567, 0.026784, 0.0, 0.0, -0.026784, 0.026784, 0.0, -0.026784, 0.053567, 0.026784, 0.026784, 0.0, 0.0, 0.053567, -0.080351, 0.053567, 0.0, 0.0, 0.053567, -0.026784, -0.026784, 0.0, 0.053567, -0.053567, 0.080351, 0.080351, 0.0, 0.053567, 0.026784, 0.107134, -0.053567, 0.0, -0.053567, 0.026784, 0.133918, -0.053567, 0.053567, 0.0, 0.080351, -0.026784, -0.107134, -0.107134, 0.0, -0.026784, 0.026784, 0.053567, 0.107134, 0.026784, -0.080351, -0.080351, -0.026784, 0.107134, 0.080351, 0.053567, 0.0, 0.026784, -0.026784, 0.053567, -0.053567, -0.080351, 0.160701, 0.026784, 0.026784, 0.053567, 0.053567, -0.053567, 0.053567, -0.053567, 0.107134, -0.107134, 0.080351, 0.053567, 0.0, -0.026784, 0.0, -0.080351, 0.0, -0.053567, 0.080351, 0.053567, 0.026784, -0.026784, 0.0, 0.053567, 0.026784, 0.026784, -0.026784, 0.0, -0.053567, 0.026784, 0.0, 0.0, 0.107134, 0.026784, -0.053567, -0.026784, 0.053567, 0.0, 0.0, -0.053567, 0.053567, 0.080351, -0.026784, 0.053567, 0.026784, 0.026784, 0.080351, -0.053567, 0.026784, 0.026784, -0.026784, -0.026784, 0.0, 0.080351, -0.053567, 0.0, 0.026784, -0.026784, -0.026784, 0.0, 0.053567, 0.053567, 0.026784, 0.026784, 0.053567, -0.026784, 0.107134, -0.026784, 0.0, 0.080351, 0.026784, 0.107134, 0.026784, -0.133918, 0.0, 0.026784, 0.053567, -0.026784, -0.026784, 0.0, -0.080351, 0.026784, 0.026784, 0.0, -0.026784, 0.080351, 0.080351, 0.026784, 0.080351, 0.0, 0.0, 0.026784, 0.0, 0.0, 0.053567, 0.0, -0.026784, 0.026784, 0.026784, 0.026784, 0.0, -0.026784, -0.053567, -0.080351, -0.026784, 0.0, -0.026784, 0.0, 0.026784, 0.053567, -0.053567, 0.053567, -0.053567, 0.026784, 0.026784, 0.0, -0.053567, 0.0, -0.026784, 0.026784, 0.0, 0.026784, -0.107134, 0.0, -0.080351, -0.107134, -0.026784, -0.026784, -0.080351, 0.107134, 0.026784, 0.0, 0.0, 0.0, 0.053567, -0.026784, 0.0, -0.026784, 0.0, 0.133918, 0.0, -0.026784, 0.0, -0.133918, 0.053567, 0.0, -0.026784, 0.0, 0.053567, 0.026784, 0.0, 0.0, -0.026784, 0.053567, 0.0, 0.026784, 0.026784, -0.080351, -0.026784, 0.053567, -0.107134, -0.026784, 0.026784, -0.080351, 0.026784, -0.026784, -0.026784, 0.0, 0.026784, -0.026784, 0.080351, 0.0, 0.080351, -0.026784, -0.026784, -0.053567, 0.053567, 0.026784, 0.0, 0.026784, 0.0, -0.080351, 0.026784, -0.026784, -0.080351, 0.026784, 0.026784, -0.026784, 0.026784, -0.080351, -0.080351, -0.026784, -0.026784, -0.053567, -0.026784, 0.053567, 0.053567, 0.0, 0.080351, -0.053567, -0.053567, 0.053567, -0.026784, 0.0, -0.026784, 0.133918, 0.0, -0.053567, -0.053567, 0.026784, 0.026784, -0.053567, -0.026784, -0.053567, -0.133918, 0.026784, -0.053567, 0.026784, 0.0, 0.026784, 0.026784, 0.026784, 0.0, -0.053567, 0.026784, 0.026784, 0.0, -0.080351, -0.026784]",12,6,6,69,88,0.5239,0.5184,0.5345,0.4761,1.0,0.76,0.25,0.5235,2026-09-19T15:26:23
6cf0f484-1922-49a9-bb48-cf5f5d353e44,P-4CD2E82E33,T3,low,medium,google/gemma-4-31b-it,0,Neutral Engagement Agent,"You are browsing products on an online marketplace (e.g., Skroutz) and want to place an order. One shop has a slightly lower price, while another has many more customer reviews. Which shop do you choose, and why?","[0.0, -0.049417, 0.024708, 0.024708, 0.074125, 0.098833, -0.024708, -0.049417, 0.0, 0.049417, 0.0, -0.024708, 0.098833, 0.074125, -0.049417, 0.024708, 0.098833, 0.074125, -0.024708, -0.049417, -0.024708, -0.049417, 0.0, -0.123542, -0.049417, 0.049417, 0.024708, 0.0, 0.098833, 0.0, 0.0, 0.024708, 0.14825, 0.049417, 0.074125, -0.024708, -0.024708, 0.0, 0.024708, -0.14825, 0.074125, -0.074125, 0.049417, 0.0, -0.024708, -0.024708, 0.024708, 0.049417, 0.0, -0.024708, -0.074125, 0.0, -0.024708, 0.0, 0.0, -0.024708, 0.049417, 0.024708, 0.024708, -0.074125, 0.024708, -0.049417, -0.024708, 0.049417, 0.049417, 0.0, -0.123542, -0.049417, -0.074125, 0.0, 0.0, -0.049417, 0.049417, 0.0, -0.049417, -0.049417, 0.049417, 0.024708, -0.049417, 0.024708, 0.0, 0.0, 0.0, -0.024708, -0.049417, -0.024708, 0.049417, -0.098833, -0.024708, -0.049417, 0.0, 0.024708, -0.074125, 0.024708, 0.0, -0.024708, 0.049417, -0.024708, 0.0, -0.074125, -0.049417, 0.0, -0.024708, 0.024708, 0.0, -0.074125, 0.0, 0.024708, 0.049417, -0.049417, 0.024708, -0.098833, 0.0, 0.074125, -0.074125, 0.049417, -0.024708, 0.074125, -0.074125, 0.074125, 0.098833, -0.049417, 0.024708, -0.049417, 0.074125, -0.049417, 0.0, 0.0, -0.049417, 0.098833, -0.098833, -0.024708, 0.0, 0.074125, -0.098833, -0.074125, -0.024708, 0.0, -0.098833, 0.0, -0.049417, 0.098833, -0.024708, -0.049417, -0.074125, 0.024708, 0.074125, 0.0, 0.024708, 0.024708, -0.024708, -0.074125, 0.0, 0.0, -0.049417, 0.074125, 0.024708, 0.024708, 0.049417, 0.0, -0.049417, 0.024708, -0.024708, 0.14825, -0.049417, -0.074125, 0.0, 0.0, -0.049417, -0.049417, -0.123542, -0.024708, -0.024708, 0.049417, 0.024708, -0.049417, -0.074125, -0.049417, 0.024708, 0.049417, -0.024708, -0.074125, 0.024708, -0.024708, 0.024708, -0.049417, 0.024708, 0.049417, 0.0, 0.0, 0.024708, 0.074125, 0.049417, 0.0, -0.049417, 0.049417, 0.074125, -0.049417, 0.024708, -0.024708, -0.024708, 0.098833, -0.049417, 0.024708, -0.024708, 0.0, -0.049417, 0.0, 0.024708, 0.0, 0.0, 0.049417, -0.049417, -0.049417, 0.0, 0.0, 0.0, 0.024708, 0.0, 0.074125, 0.0, 0.049417, 0.0, 0.0, -0.024708, 0.024708, 0.098833, 0.098833, -0.098833, 0.0, 0.024708, 0.0, 0.0, -0.098833, -0.074125, -0.049417, -0.024708, 0.049417, 0.0, 0.024708, 0.123542, 0.024708, 0.074125, 0.098833, -0.024708, 0.0, 0.0, 0.024708, 0.024708, 0.0, 0.0, 0.0, 0.0, -0.024708, -0.024708, 0.024708, 0.0, -0.074125, -0.074125, 0.024708, 0.0, 0.024708, 0.0, 0.0, 0.123542, -0.024708, 0.074125, -0.049417, -0.024708, 0.0, -0.024708, -0.049417, -0.024708, 0.0, -0.024708, 0.049417, 0.024708, -0.024708, 0.049417, -0.049417, -0.024708, -0.024708, -0.024708, -0.049417, 0.074125, -0.024708, 0.024708, 0.0, -0.024708, 0.0, 0.049417, -0.024708, -0.049417, 0.0, 0.024708, 0.074125, 0.0, 0.0, -0.14825, 0.024708, -0.024708, -0.074125, -0.14825, 0.049417, 0.074125, 0.049417, 0.049417, -0.024708, 0.0, -0.049417, 0.024708, -0.049417, -0.049417, -0.074125, 0.0, -0.123542, -0.024708, -0.074125, -0.024708, 0.024708, -0.049417, 0.024708, 0.024708, 0.024708, 0.024708, 0.074125, -0.049417, 0.024708, -0.123542, 0.0, 0.024708, 0.049417, 0.0, 0.0, 0.024708, -0.024708, -0.074125, 0.024708, -0.024708, -0.024708, -0.024708, 0.0, -0.024708, 0.0, -0.024708, -0.14825, -0.024708, -0.024708, -0.049417, -0.024708, 0.024708, 0.049417, -0.024708, 0.098833, -0.024708, -0.049417, 0.0, 0.024708, 0.0, -0.024708, 0.14825, 0.0, -0.049417, -0.024708, 0.049417, 0.0, -0.024708, -0.049417, 0.0, -0.14825, 0.024708, -0.024708, 0.0, 0.049417, 0.0, 0.024708, -0.074125, 0.0, -0.024708, -0.049417, 0.024708, 0.0, 0.049417, -0.024708]",12,6,6,149,194,0.5202,0.5479,0.5577,0.4798,1.0,0.9796,0.0,0.4914,2026-09-19T15:26:22
7f3c7583-8213-41a0-88cf-8e2c883e5ddf,P-4CD2E82E33,T3,low,small,google/gemma-3-4b-it,1,Neutral Engagement Agent,"You are browsing products on an online marketplace (e.g., Skroutz) and want to place an order. Several shops offer the same product. Two shops have identical ratings but different delivery times. Which shop do you choose, and why?","[0.0, -0.053567, 0.0, 0.0, 0.053567, 0.053567, 0.026784, -0.053567, -0.026784, 0.107134, 0.053567, 0.0, 0.080351, 0.026784, -0.026784, 0.0, 0.080351, 0.053567, -0.080351, -0.026784, 0.026784, -0.026784, 0.0, -0.053567, 0.0, 0.080351, 0.053567, 0.026784, 0.0, -0.026784, -0.053567, 0.0, 0.026784, 0.0, 0.107134, -0.026784, -0.026784, -0.026784, -0.053567, -0.080351, 0.026784, -0.053567, 0.026784, 0.053567, 0.0, -0.026784, 0.0, 0.026784, 0.053567, 0.026784, -0.107134, -0.026784, 0.080351, -0.026784, -0.026784, 0.0, 0.026784, 0.160701, -0.026784, -0.053567, 0.026784, -0.026784, 0.026784, 0.026784, 0.026784, 0.053567, 0.0, 0.026784, -0.026784, 0.026784, 0.053567, -0.080351, 0.053567, 0.026784, 0.0, -0.080351, 0.053567, 0.080351, 0.080351, 0.080351, 0.0, 0.053567, 0.0, -0.080351, 0.053567, -0.080351, 0.026784, -0.053567, 0.0, 0.0, -0.026784, -0.053567, -0.080351, 0.026784, -0.026784, -0.053567, 0.026784, 0.0, 0.0, -0.026784, 0.026784, 0.0, -0.026784, 0.053567, 0.026784, 0.026784, 0.0, 0.0, 0.053567, -0.080351, 0.053567, 0.0, 0.0, 0.053567, -0.026784, -0.026784, 0.0, 0.053567, -0.053567, 0.080351, 0.080351, 0.0, 0.053567, 0.026784, 0.107134, -0.053567, 0.0, -0.053567, 0.026784, 0.133918, -0.053567, 0.053567, 0.0, 0.080351, -0.026784, -0.107134, -0.107134, 0.0, -0.026784, 0.026784, 0.053567, 0.107134, 0.026784, -0.080351, -0.080351, -0.026784, 0.107134, 0.080351, 0.053567, 0.0, 0.026784, -0.026784, 0.053567, -0.053567, -0.080351, 0.160701, 0.026784, 0.026784, 0.053567, 0.053567, -0.053567, 0.053567, -0.053567, 0.107134, -0.107134, 0.080351, 0.053567, 0.0, -0.026784, 0.0, -0.080351, 0.0, -0.053567, 0.080351, 0.053567, 0.026784, -0.026784, 0.0, 0.053567, 0.026784, 0.026784, -0.026784, 0.0, -0.053567, 0.026784, 0.0, 0.0, 0.107134, 0.026784, -0.053567, -0.026784, 0.053567, 0.0, 0.0, -0.053567, 0.053567, 0.080351, -0.026784, 0.053567, 0.026784, 0.026784, 0.080351, -0.053567, 0.026784, 0.026784, -0.026784, -0.026784, 0.0, 0.080351, -0.053567, 0.0, 0.026784, -0.026784, -0.026784, 0.0, 0.053567, 0.053567, 0.026784, 0.026784, 0.053567, -0.026784, 0.107134, -0.026784, 0.0, 0.080351, 0.026784, 0.107134, 0.026784, -0.133918, 0.0, 0.026784, 0.053567, -0.026784, -0.026784, 0.0, -0.080351, 0.026784, 0.026784, 0.0, -0.026784, 0.080351, 0.080351, 0.026784, 0.080351, 0.0, 0.0, 0.026784, 0.0, 0.0, 0.053567, 0.0, -0.026784, 0.026784, 0.026784, 0.026784, 0.0, -0.026784, -0.053567, -0.080351, -0.026784, 0.0, -0.026784, 0.0, 0.026784, 0.053567, -0.053567, 0.053567, -0.053567, 0.026784, 0.026784, 0.0, -0.053567, 0.0, -0.026784, 0.026784, 0.0, 0.026784, -0.107134, 0.0, -0.080351, -0.107134, -0.026784, -0.026784, -0.080351, 0.107134, 0.026784, 0.0, 0.0, 0.0, 0.053567, -0.026784, 0.0, -0.026784, 0.0, 0.133918, 0.0, -0.026784, 0.0, -0.133918, 0.053567, 0.0, -0.026784, 0.0, 0.053567, 0.026784, 0.0, 0.0, -0.026784, 0.053567, 0.0, 0.026784, 0.026784, -0.080351, -0.026784, 0.053567, -0.107134, -0.026784, 0.026784, -0.080351, 0.026784, -0.026784, -0.026784, 0.0, 0.026784, -0.026784, 0.080351, 0.0, 0.080351, -0.026784, -0.026784, -0.053567, 0.053567, 0.026784, 0.0, 0.026784, 0.0, -0.080351, 0.026784, -0.026784, -0.080351, 0.026784, 0.026784, -0.026784, 0.026784, -0.080351, -0.080351, -0.026784, -0.026784, -0.053567, -0.026784, 0.053567, 0.053567, 0.0, 0.080351, -0.053567, -0.053567, 0.053567, -0.026784, 0.0, -0.026784, 0.133918, 0.0, -0.053567, -0.053567, 0.026784, 0.026784, -0.053567, -0.026784, -0.053567, -0.133918, 0.026784, -0.053567, 0.026784, 0.0, 0.026784, 0.026784, 0.026784, 0.0, -0.053567, 0.026784, 0.026784, 0.0, -0.080351, -0.026784]",12,6,6,65,85,0.5596,0.5368,0.511,0.4404,1.0,0.3934,0.0,0.4837,2026-09-19T15:26:23
8bcc4142-9d31-4a4c-84dc-fcbfb8a99ce6,P-4CD2E82E33,T2,high,medium,google/gemma-4-31b-it,0,Neutral Engagement Agent,"A friend suggests ordering Chinese food, but you are not familiar with the cuisine. How do you respond during the conversation?","[0.033558, -0.033558, -0.033558, -0.033558, -0.033558, -0.033558, 0.0, -0.100673, 0.0, -0.033558, 0.0, 0.033558, 0.100673, 0.033558, 0.0, 0.0, 0.033558, 0.033558, 0.0, 0.0, 0.0, 0.033558, -0.167789, 0.067116, 0.0, 0.0, 0.033558, 0.0, 0.0, 0.0, -0.033558, 0.0, 0.067116, 0.033558, 0.033558, 0.033558, -0.033558, 0.067116, 0.0, 0.033558, 0.0, 0.0, 0.067116, 0.100673, 0.0, 0.0, -0.033558, 0.0, 0.134231, 0.0, 0.033558, 0.033558, 0.033558, -0.067116, 0.033558, 0.0, 0.0, 0.0, -0.067116, -0.033558, 0.033558, 0.0, -0.033558, 0.0, 0.033558, 0.0, 0.0, -0.033558, -0.033558, -0.100673, 0.033558, -0.100673, 0.0, -0.033558, -0.033558, 0.0, 0.067116, 0.067116, -0.033558, -0.033558, 0.0, 0.100673, -0.067116, -0.067116, 0.0, -0.067116, 0.0, -0.100673, 0.0, -0.067116, 0.0, 0.0, 0.0, 0.0, -0.033558, 0.067116, 0.033558, 0.0, -0.033558, -0.067116, -0.033558, 0.0, 0.0, 0.033558, 0.0, -0.033558, 0.033558, 0.0, 0.0, 0.0, 0.100673, -0.067116, 0.0, -0.033558, 0.067116, 0.067116, 0.067116, 0.0, -0.100673, 0.0, -0.033558, -0.033558, 0.100673, 0.0, -0.033558, 0.0, 0.033558, 0.0, -0.033558, -0.067116, 0.0, -0.033558, 0.0, 0.134231, 0.033558, 0.033558, 0.033558, -0.067116, 0.0, 0.033558, 0.033558, 0.0, -0.033558, -0.033558, -0.067116, 0.0, 0.0, 0.0, 0.100673, 0.0, 0.067116, 0.033558, -0.033558, 0.0, 0.033558, 0.033558, 0.0, 0.0, 0.100673, 0.0, -0.100673, 0.033558, 0.0, 0.0, -0.067116, -0.067116, 0.0, -0.033558, -0.033558, 0.0, -0.067116, 0.100673, -0.033558, 0.0, -0.067116, -0.100673, -0.033558, 0.0, 0.0, 0.033558, 0.0, 0.0, 0.067116, 0.067116, 0.0, 0.067116, 0.067116, 0.100673, 0.067116, -0.033558, 0.0, 0.067116, 0.134231, 0.033558, -0.067116, 0.033558, 0.067116, -0.033558, 0.033558, -0.033558, -0.033558, 0.033558, 0.0, 0.100673, 0.033558, 0.067116, 0.033558, -0.033558, 0.033558, -0.067116, -0.033558, 0.100673, 0.0, -0.033558, 0.0, 0.134231, 0.0, -0.067116, 0.067116, -0.067116, 0.067116, 0.0, -0.067116, -0.067116, 0.100673, -0.100673, -0.033558, 0.067116, -0.100673, 0.033558, -0.134231, 0.0, -0.033558, -0.033558, -0.067116, 0.0, -0.033558, 0.0, -0.033558, -0.100673, 0.0, -0.033558, 0.0, 0.134231, 0.100673, 0.100673, 0.0, 0.033558, 0.033558, -0.067116, -0.033558, 0.033558, 0.100673, 0.033558, 0.0, -0.033558, -0.100673, -0.134231, -0.033558, -0.033558, -0.033558, -0.067116, 0.0, -0.067116, 0.033558, 0.033558, 0.0, 0.0, 0.067116, 0.033558, -0.033558, -0.100673, 0.0, 0.033558, 0.0, 0.033558, -0.067116, 0.0, -0.033558, 0.0, 0.0, 0.100673, 0.0, 0.033558, 0.0, 0.067116, 0.0, 0.0, 0.033558, 0.033558, 0.0, -0.100673, 0.033558, 0.0, 0.0, 0.0, -0.067116, -0.033558, 0.0, 0.033558, 0.033558, 0.0, 0.0, 0.067116, 0.0, 0.0, -0.067116, 0.033558, 0.0, 0.067116, -0.100673, 0.0, -0.067116, -0.033558, 0.033558, 0.0, 0.067116, -0.033558, 0.0, -0.033558, 0.0, -0.033558, -0.067116, 0.033558, 0.033558, 0.033558, -0.100673, 0.067116, 0.0, 0.033558, 0.0, 0.033558, -0.033558, 0.0, -0.033558, -0.033558, 0.0, 0.0, -0.067116, 0.0, 0.033558, 0.0, -0.067116, 0.0, 0.0, 0.0, 0.033558, 0.067116, 0.0, 0.0, 0.0, 0.067116, 0.0, 0.033558, 0.0, -0.100673, 0.033558, 0.0, 0.0, 0.0, 0.033558, 0.0, 0.033558, -0.033558, 0.134231, 0.0, -0.033558, 0.0, -0.067116, -0.201347, 0.0, -0.067116, 0.067116, 0.0, -0.033558, 0.033558, 0.033558, -0.033558, -0.033558, 0.100673, 0.0, 0.0, -0.067116, -0.033558]",12,6,6,128,167,0.5499,0.58,0.5164,0.4501,1.0,0.3689,0.0833,0.4966,2026-09-19T15:26:23
b354d983-b3f6-4382-91c0-d826298d361d,P-4CD2E82E33,T2,high,medium,google/gemma-4-31b-it,0,Neutral Engagement Agent,"A friend suggests ordering Lebanese food, but you are not familiar with the cuisine. How do you respond during the conversation?","[0.03337, -0.03337, -0.03337, -0.03337, -0.03337, -0.03337, 0.0, -0.100111, 0.0, -0.03337, 0.0, 0.0, 0.133482, 0.03337, 0.0, 0.0, 0.03337, 0.03337, 0.0, 0.0, 0.0, 0.03337, -0.166852, 0.066741, 0.0, -0.03337, 0.03337, 0.0, 0.0, 0.0, -0.03337, -0.03337, 0.03337, 0.03337, 0.03337, 0.0, -0.03337, 0.066741, -0.03337, 0.03337, 0.0, 0.0, 0.066741, 0.066741, 0.0, 0.0, -0.03337, 0.0, 0.133482, 0.0, 0.066741, 0.03337, 0.03337, -0.066741, 0.03337, 0.0, -0.066741, 0.0, -0.066741, -0.03337, 0.03337, 0.0, -0.03337, 0.0, 0.0, 0.0, 0.0, -0.03337, -0.03337, -0.066741, 0.03337, -0.100111, 0.0, -0.03337, 0.0, 0.0, 0.066741, 0.066741, -0.03337, -0.03337, 0.0, 0.100111, -0.066741, -0.066741, 0.0, -0.066741, 0.0, -0.100111, 0.0, -0.066741, 0.03337, 0.0, 0.0, 0.0, -0.03337, 0.100111, 0.03337, 0.0, -0.03337, -0.066741, -0.03337, 0.0, 0.0, 0.066741, 0.0, -0.03337, 0.03337, 0.0, 0.0, -0.03337, 0.100111, -0.066741, 0.0, -0.03337, 0.03337, 0.066741, 0.066741, 0.0, -0.066741, 0.0, -0.03337, -0.03337, 0.066741, 0.03337, 0.0, 0.0, 0.03337, 0.0, -0.03337, -0.066741, 0.0, -0.03337, 0.0, 0.133482, 0.03337, 0.03337, 0.03337, -0.066741, 0.0, 0.03337, 0.03337, 0.0, -0.03337, 0.0, -0.066741, 0.0, 0.0, 0.0, 0.133482, 0.0, 0.066741, 0.0, -0.03337, 0.0, 0.03337, 0.03337, 0.0, 0.0, 0.100111, 0.0, -0.100111, 0.03337, 0.0, 0.0, -0.066741, -0.03337, 0.0, 0.0, -0.03337, 0.0, -0.066741, 0.100111, -0.03337, 0.0, -0.066741, -0.066741, -0.03337, 0.0, 0.0, 0.03337, 0.0, 0.0, 0.066741, 0.03337, 0.0, 0.066741, 0.066741, 0.100111, 0.066741, -0.03337, 0.0, 0.066741, 0.133482, 0.03337, -0.066741, 0.03337, 0.066741, -0.03337, 0.03337, -0.03337, 0.0, 0.03337, 0.0, 0.100111, 0.03337, 0.066741, 0.03337, -0.03337, 0.03337, -0.066741, -0.03337, 0.133482, 0.0, -0.03337, 0.0, 0.133482, 0.0, -0.066741, 0.066741, -0.066741, 0.066741, 0.0, -0.03337, -0.066741, 0.100111, -0.133482, 0.0, 0.100111, -0.100111, 0.03337, -0.133482, 0.0, -0.03337, -0.03337, -0.03337, 0.0, -0.03337, 0.03337, -0.03337, -0.100111, 0.0, -0.03337, 0.0, 0.133482, 0.100111, 0.100111, 0.0, 0.03337, 0.03337, -0.066741, -0.03337, 0.0, 0.100111, 0.03337, 0.0, -0.03337, -0.100111, -0.133482, -0.03337, -0.03337, -0.03337, -0.03337, 0.0, -0.066741, 0.0, 0.03337, 0.0, 0.0, 0.066741, 0.0, -0.03337, -0.100111, 0.0, 0.03337, 0.0, 0.0, -0.066741, 0.0, -0.03337, 0.0, 0.0, 0.100111, 0.0, 0.03337, 0.0, 0.066741, 0.0, 0.0, 0.03337, 0.03337, 0.0, -0.066741, 0.03337, -0.03337, 0.0, 0.0, -0.066741, -0.03337, 0.0, 0.03337, 0.03337, 0.0, 0.0, 0.100111, 0.0, 0.0, -0.066741, 0.03337, 0.0, 0.03337, -0.100111, -0.03337, -0.066741, -0.03337, 0.03337, 0.0, 0.066741, -0.03337, 0.0, -0.066741, 0.0, -0.03337, -0.066741, 0.0, 0.03337, 0.03337, -0.100111, 0.100111, 0.0, 0.03337, 0.0, 0.066741, 0.0, 0.0, -0.03337, -0.03337, 0.0, -0.03337, -0.066741, 0.0, 0.03337, 0.0, -0.066741, 0.0, 0.0, 0.0, 0.03337, 0.100111, 0.0, 0.0, 0.0, 0.066741, 0.0, 0.03337, 0.0, -0.100111, 0.03337, 0.0, 0.0, 0.0, 0.03337, 0.0, 0.03337, 0.0, 0.100111, 0.0, -0.03337, 0.0, -0.066741, -0.200223, 0.0, -0.066741, 0.066741, 0.03337, -0.066741, 0.03337, 0.03337, -0.03337, -0.03337, 0.100111, 0.0, 0.0, -0.100111, -0.03337]",12,6,6,133,173,0.5273,0.5555,0.5431,0.4727,1.0,0.6796,0.3333,0.5385,2026-09-19T15:26:23
bcca6af8-3c67-40a3-abac-aac0c572b96c,P-4CD2E82E33,T2,high,small,google/gemma-3-4b-it,0,Neutral Engagement Agent,"A friend suggests ordering Chinese food, but you are not familiar with the cuisine. How do you respond during the conversation?","[0.033558, -0.033558, -0.033558, -0.033558, -0.033558, -0.033558, 0.0, -0.100673, 0.0, -0.033558, 0.0, 0.033558, 0.100673, 0.033558, 0.0, 0.0, 0.033558, 0.033558, 0.0, 0.0, 0.0, 0.033558, -0.167789, 0.067116, 0.0, 0.0, 0.033558, 0.0, 0.0, 0.0, -0.033558, 0.0, 0.067116, 0.033558, 0.033558, 0.033558, -0.033558, 0.067116, 0.0, 0.033558, 0.0, 0.0, 0.067116, 0.100673, 0.0, 0.0, -0.033558, 0.0, 0.134231, 0.0, 0.033558, 0.033558, 0.033558, -0.067116, 0.033558, 0.0, 0.0, 0.0, -0.067116, -0.033558, 0.033558, 0.0, -0.033558, 0.0, 0.033558, 0.0, 0.0, -0.033558, -0.033558, -0.100673, 0.033558, -0.100673, 0.0, -0.033558, -0.033558, 0.0, 0.067116, 0.067116, -0.033558, -0.033558, 0.0, 0.100673, -0.067116, -0.067116, 0.0, -0.067116, 0.0, -0.100673, 0.0, -0.067116, 0.0, 0.0, 0.0, 0.0, -0.033558, 0.067116, 0.033558, 0.0, -0.033558, -0.067116, -0.033558, 0.0, 0.0, 0.033558, 0.0, -0.033558, 0.033558, 0.0, 0.0, 0.0, 0.100673, -0.067116, 0.0, -0.033558, 0.067116, 0.067116, 0.067116, 0.0, -0.100673, 0.0, -0.033558, -0.033558, 0.100673, 0.0, -0.033558, 0.0, 0.033558, 0.0, -0.033558, -0.067116, 0.0, -0.033558, 0.0, 0.134231, 0.033558, 0.033558, 0.033558, -0.067116, 0.0, 0.033558, 0.033558, 0.0, -0.033558, -0.033558, -0.067116, 0.0, 0.0, 0.0, 0.100673, 0.0, 0.067116, 0.033558, -0.033558, 0.0, 0.033558, 0.033558, 0.0, 0.0, 0.100673, 0.0, -0.100673, 0.033558, 0.0, 0.0, -0.067116, -0.067116, 0.0, -0.033558, -0.033558, 0.0, -0.067116, 0.100673, -0.033558, 0.0, -0.067116, -0.100673, -0.033558, 0.0, 0.0, 0.033558, 0.0, 0.0, 0.067116, 0.067116, 0.0, 0.067116, 0.067116, 0.100673, 0.067116, -0.033558, 0.0, 0.067116, 0.134231, 0.033558, -0.067116, 0.033558, 0.067116, -0.033558, 0.033558, -0.033558, -0.033558, 0.033558, 0.0, 0.100673, 0.033558, 0.067116, 0.033558, -0.033558, 0.033558, -0.067116, -0.033558, 0.100673, 0.0, -0.033558, 0.0, 0.134231, 0.0, -0.067116, 0.067116, -0.067116, 0.067116, 0.0, -0.067116, -0.067116, 0.100673, -0.100673, -0.033558, 0.067116, -0.100673, 0.033558, -0.134231, 0.0, -0.033558, -0.033558, -0.067116, 0.0, -0.033558, 0.0, -0.033558, -0.100673, 0.0, -0.033558, 0.0, 0.134231, 0.100673, 0.100673, 0.0, 0.033558, 0.033558, -0.067116, -0.033558, 0.033558, 0.100673, 0.033558, 0.0, -0.033558, -0.100673, -0.134231, -0.033558, -0.033558, -0.033558, -0.067116, 0.0, -0.067116, 0.033558, 0.033558, 0.0, 0.0, 0.067116, 0.033558, -0.033558, -0.100673, 0.0, 0.033558, 0.0, 0.033558, -0.067116, 0.0, -0.033558, 0.0, 0.0, 0.100673, 0.0, 0.033558, 0.0, 0.067116, 0.0, 0.0, 0.033558, 0.033558, 0.0, -0.100673, 0.033558, 0.0, 0.0, 0.0, -0.067116, -0.033558, 0.0, 0.033558, 0.033558, 0.0, 0.0, 0.067116, 0.0, 0.0, -0.067116, 0.033558, 0.0, 0.067116, -0.100673, 0.0, -0.067116, -0.033558, 0.033558, 0.0, 0.067116, -0.033558, 0.0, -0.033558, 0.0, -0.033558, -0.067116, 0.033558, 0.033558, 0.033558, -0.100673, 0.067116, 0.0, 0.033558, 0.0, 0.033558, -0.033558, 0.0, -0.033558, -0.033558, 0.0, 0.0, -0.067116, 0.0, 0.033558, 0.0, -0.067116, 0.0, 0.0, 0.0, 0.033558, 0.067116, 0.0, 0.0, 0.0, 0.067116, 0.0, 0.033558, 0.0, -0.100673, 0.033558, 0.0, 0.0, 0.0, 0.033558, 0.0, 0.033558, -0.033558, 0.134231, 0.0, -0.033558, 0.0, -0.067116, -0.201347, 0.0, -0.067116, 0.067116, 0.0, -0.033558, 0.033558, 0.033558, -0.033558, -0.033558, 0.100673, 0.0, 0.0, -0.067116, -0.033558]",12,6,6,78,101,0.5408,0.5303,0.5082,0.4592,1.0,0.6557,0.1667,0.5061,2026-09-19T15:26:23
de099f82-d307-4c33-ac8a-5943d0c3c9a1,P-4CD2E82E33,T3,low,small,google/gemma-3-4b-it,0,Neutral Engagement Agent,"You are browsing products on an online marketplace (e.g., Skroutz) and want to place an order. One shop has a slightly lower price, while another has many more customer reviews. Which shop do you choose, and why?","[0.0, -0.049417, 0.024708, 0.024708, 0.074125, 0.098833, -0.024708, -0.049417, 0.0, 0.049417, 0.0, -0.024708, 0.098833, 0.074125, -0.049417, 0.024708, 0.098833, 0.074125, -0.024708, -0.049417, -0.024708, -0.049417, 0.0, -0.123542, -0.049417, 0.049417, 0.024708, 0.0, 0.098833, 0.0, 0.0, 0.024708, 0.14825, 0.049417, 0.074125, -0.024708, -0.024708, 0.0, 0.024708, -0.14825, 0.074125, -0.074125, 0.049417, 0.0, -0.024708, -0.024708, 0.024708, 0.049417, 0.0, -0.024708, -0.074125, 0.0, -0.024708, 0.0, 0.0, -0.024708, 0.049417, 0.024708, 0.024708, -0.074125, 0.024708, -0.049417, -0.024708, 0.049417, 0.049417, 0.0, -0.123542, -0.049417, -0.074125, 0.0, 0.0, -0.049417, 0.049417, 0.0, -0.049417, -0.049417, 0.049417, 0.024708, -0.049417, 0.024708, 0.0, 0.0, 0.0, -0.024708, -0.049417, -0.024708, 0.049417, -0.098833, -0.024708, -0.049417, 0.0, 0.024708, -0.074125, 0.024708, 0.0, -0.024708, 0.049417, -0.024708, 0.0, -0.074125, -0.049417, 0.0, -0.024708, 0.024708, 0.0, -0.074125, 0.0, 0.024708, 0.049417, -0.049417, 0.024708, -0.098833, 0.0, 0.074125, -0.074125, 0.049417, -0.024708, 0.074125, -0.074125, 0.074125, 0.098833, -0.049417, 0.024708, -0.049417, 0.074125, -0.049417, 0.0, 0.0, -0.049417, 0.098833, -0.098833, -0.024708, 0.0, 0.074125, -0.098833, -0.074125, -0.024708, 0.0, -0.098833, 0.0, -0.049417, 0.098833, -0.024708, -0.049417, -0.074125, 0.024708, 0.074125, 0.0, 0.024708, 0.024708, -0.024708, -0.074125, 0.0, 0.0, -0.049417, 0.074125, 0.024708, 0.024708, 0.049417, 0.0, -0.049417, 0.024708, -0.024708, 0.14825, -0.049417, -0.074125, 0.0, 0.0, -0.049417, -0.049417, -0.123542, -0.024708, -0.024708, 0.049417, 0.024708, -0.049417, -0.074125, -0.049417, 0.024708, 0.049417, -0.024708, -0.074125, 0.024708, -0.024708, 0.024708, -0.049417, 0.024708, 0.049417, 0.0, 0.0, 0.024708, 0.074125, 0.049417, 0.0, -0.049417, 0.049417, 0.074125, -0.049417, 0.024708, -0.024708, -0.024708, 0.098833, -0.049417, 0.024708, -0.024708, 0.0, -0.049417, 0.0, 0.024708, 0.0, 0.0, 0.049417, -0.049417, -0.049417, 0.0, 0.0, 0.0, 0.024708, 0.0, 0.074125, 0.0, 0.049417, 0.0, 0.0, -0.024708, 0.024708, 0.098833, 0.098833, -0.098833, 0.0, 0.024708, 0.0, 0.0, -0.098833, -0.074125, -0.049417, -0.024708, 0.049417, 0.0, 0.024708, 0.123542, 0.024708, 0.074125, 0.098833, -0.024708, 0.0, 0.0, 0.024708, 0.024708, 0.0, 0.0, 0.0, 0.0, -0.024708, -0.024708, 0.024708, 0.0, -0.074125, -0.074125, 0.024708, 0.0, 0.024708, 0.0, 0.0, 0.123542, -0.024708, 0.074125, -0.049417, -0.024708, 0.0, -0.024708, -0.049417, -0.024708, 0.0, -0.024708, 0.049417, 0.024708, -0.024708, 0.049417, -0.049417, -0.024708, -0.024708, -0.024708, -0.049417, 0.074125, -0.024708, 0.024708, 0.0, -0.024708, 0.0, 0.049417, -0.024708, -0.049417, 0.0, 0.024708, 0.074125, 0.0, 0.0, -0.14825, 0.024708, -0.024708, -0.074125, -0.14825, 0.049417, 0.074125, 0.049417, 0.049417, -0.024708, 0.0, -0.049417, 0.024708, -0.049417, -0.049417, -0.074125, 0.0, -0.123542, -0.024708, -0.074125, -0.024708, 0.024708, -0.049417, 0.024708, 0.024708, 0.024708, 0.024708, 0.074125, -0.049417, 0.024708, -0.123542, 0.0, 0.024708, 0.049417, 0.0, 0.0, 0.024708, -0.024708, -0.074125, 0.024708, -0.024708, -0.024708, -0.024708, 0.0, -0.024708, 0.0, -0.024708, -0.14825, -0.024708, -0.024708, -0.049417, -0.024708, 0.024708, 0.049417, -0.024708, 0.098833, -0.024708, -0.049417, 0.0, 0.024708, 0.0, -0.024708, 0.14825, 0.0, -0.049417, -0.024708, 0.049417, 0.0, -0.024708, -0.049417, 0.0, -0.14825, 0.024708, -0.024708, 0.0, 0.049417, 0.0, 0.024708, -0.074125, 0.0, -0.024708, -0.049417, 0.024708, 0.0, 0.049417, -0.024708]",12,6,6,107,141,0.5422,0.5343,0.5291,0.4578,1.0,0.6786,0.1667,0.5115,2026-09-19T15:26:23
e4d6c7a3-c304-4020-a659-a97b7d909108,P-4CD2E82E33,T2,high,small,google/gemma-3-4b-it,0,Neutral Engagement Agent,"A friend suggests ordering Lebanese food, but you are not familiar with the cuisine. How do you respond during the conversation?","[0.03337, -0.03337, -0.03337, -0.03337, -0.03337, -0.03337, 0.0, -0.100111, 0.0, -0.03337, 0.0, 0.0, 0.133482, 0.03337, 0.0, 0.0, 0.03337, 0.03337, 0.0, 0.0, 0.0, 0.03337, -0.166852, 0.066741, 0.0, -0.03337, 0.03337, 0.0, 0.0, 0.0, -0.03337, -0.03337, 0.03337, 0.03337, 0.03337, 0.0, -0.03337, 0.066741, -0.03337, 0.03337, 0.0, 0.0, 0.066741, 0.066741, 0.0, 0.0, -0.03337, 0.0, 0.133482, 0.0, 0.066741, 0.03337, 0.03337, -0.066741, 0.03337, 0.0, -0.066741, 0.0, -0.066741, -0.03337, 0.03337, 0.0, -0.03337, 0.0, 0.0, 0.0, 0.0, -0.03337, -0.03337, -0.066741, 0.03337, -0.100111, 0.0, -0.03337, 0.0, 0.0, 0.066741, 0.066741, -0.03337, -0.03337, 0.0, 0.100111, -0.066741, -0.066741, 0.0, -0.066741, 0.0, -0.100111, 0.0, -0.066741, 0.03337, 0.0, 0.0, 0.0, -0.03337, 0.100111, 0.03337, 0.0, -0.03337, -0.066741, -0.03337, 0.0, 0.0, 0.066741, 0.0, -0.03337, 0.03337, 0.0, 0.0, -0.03337, 0.100111, -0.066741, 0.0, -0.03337, 0.03337, 0.066741, 0.066741, 0.0, -0.066741, 0.0, -0.03337, -0.03337, 0.066741, 0.03337, 0.0, 0.0, 0.03337, 0.0, -0.03337, -0.066741, 0.0, -0.03337, 0.0, 0.133482, 0.03337, 0.03337, 0.03337, -0.066741, 0.0, 0.03337, 0.03337, 0.0, -0.03337, 0.0, -0.066741, 0.0, 0.0, 0.0, 0.133482, 0.0, 0.066741, 0.0, -0.03337, 0.0, 0.03337, 0.03337, 0.0, 0.0, 0.100111, 0.0, -0.100111, 0.03337, 0.0, 0.0, -0.066741, -0.03337, 0.0, 0.0, -0.03337, 0.0, -0.066741, 0.100111, -0.03337, 0.0, -0.066741, -0.066741, -0.03337, 0.0, 0.0, 0.03337, 0.0, 0.0, 0.066741, 0.03337, 0.0, 0.066741, 0.066741, 0.100111, 0.066741, -0.03337, 0.0, 0.066741, 0.133482, 0.03337, -0.066741, 0.03337, 0.066741, -0.03337, 0.03337, -0.03337, 0.0, 0.03337, 0.0, 0.100111, 0.03337, 0.066741, 0.03337, -0.03337, 0.03337, -0.066741, -0.03337, 0.133482, 0.0, -0.03337, 0.0, 0.133482, 0.0, -0.066741, 0.066741, -0.066741, 0.066741, 0.0, -0.03337, -0.066741, 0.100111, -0.133482, 0.0, 0.100111, -0.100111, 0.03337, -0.133482, 0.0, -0.03337, -0.03337, -0.03337, 0.0, -0.03337, 0.03337, -0.03337, -0.100111, 0.0, -0.03337, 0.0, 0.133482, 0.100111, 0.100111, 0.0, 0.03337, 0.03337, -0.066741, -0.03337, 0.0, 0.100111, 0.03337, 0.0, -0.03337, -0.100111, -0.133482, -0.03337, -0.03337, -0.03337, -0.03337, 0.0, -0.066741, 0.0, 0.03337, 0.0, 0.0, 0.066741, 0.0, -0.03337, -0.100111, 0.0, 0.03337, 0.0, 0.0, -0.066741, 0.0, -0.03337, 0.0, 0.0, 0.100111, 0.0, 0.03337, 0.0, 0.066741, 0.0, 0.0, 0.03337, 0.03337, 0.0, -0.066741, 0.03337, -0.03337, 0.0, 0.0, -0.066741, -0.03337, 0.0, 0.03337, 0.03337, 0.0, 0.0, 0.100111, 0.0, 0.0, -0.066741, 0.03337, 0.0, 0.03337, -0.100111, -0.03337, -0.066741, -0.03337, 0.03337, 0.0, 0.066741, -0.03337, 0.0, -0.066741, 0.0, -0.03337, -0.066741, 0.0, 0.03337, 0.03337, -0.100111, 0.100111, 0.0, 0.03337, 0.0, 0.066741, 0.0, 0.0, -0.03337, -0.03337, 0.0, -0.03337, -0.066741, 0.0, 0.03337, 0.0, -0.066741, 0.0, 0.0, 0.0, 0.03337, 0.100111, 0.0, 0.0, 0.0, 0.066741, 0.0, 0.03337, 0.0, -0.100111, 0.03337, 0.0, 0.0, 0.0, 0.03337, 0.0, 0.03337, 0.0, 0.100111, 0.0, -0.03337, 0.0, -0.066741, -0.200223, 0.0, -0.066741, 0.066741, 0.03337, -0.066741, 0.03337, 0.03337, -0.03337, -0.03337, 0.100111, 0.0, 0.0, -0.100111, -0.03337]",12,6,6,87,112,0.5433,0.5613,0.4983,0.4567,1.0,0.4177,0.3333,0.5289,2026-09-19T15:26:23
1150f561-ab10-47ee-8f5f-9ec58724134e,P-624C8AC269,T7,high,small,google/gemma-3-4b-it,0,Neutral Engagement Agent,You are planning a small gathering at home with friends. How do you organize it so that everything runs smoothly?,"[0.0, -0.038014, -0.038014, -0.038014, -0.038014, 0.076029, -0.076029, 0.0, -0.038014, -0.038014, 0.0, 0.0, 0.076029, 0.038014, -0.038014, 0.0, 0.0, 0.038014, 0.076029, 0.0, 0.038014, 0.114043, -0.076029, 0.0, 0.038014, 0.0, 0.038014, 0.0, 0.0, 0.0, 0.0, 0.038014, 0.038014, 0.038014, 0.076029, -0.038014, -0.076029, 0.076029, 0.0, 0.0, 0.0, 0.0, 0.0, 0.0, 0.0, -0.038014, -0.038014, 0.0, 0.038014, 0.0, 0.0, 0.076029, 0.038014, 0.038014, 0.0, -0.076029, 0.0, 0.038014, -0.038014, 0.0, 0.0, 0.0, 0.038014, 0.0, 0.0, 0.038014, -0.076029, -0.038014, 0.0, 0.038014, -0.076029, 0.076029, -0.038014, -0.038014, -0.076029, -0.038014, 0.076029, -0.076029, -0.076029, -0.038014, 0.0, 0.076029, 0.0, 0.0, 0.0, -0.114043, 0.0, -0.114043, 0.076029, -0.190071, 0.0, 0.038014, -0.038014, -0.076029, 0.0, 0.0, 0.0, -0.076029, 0.038014, -0.076029, 0.0, 0.0, 0.0, 0.0, 0.0, 0.0, 0.038014, -0.038014, 0.0, 0.0, 0.076029, -0.038014, 0.0, 0.038014, -0.076029, 0.152057, 0.0, -0.038014, -0.038014, 0.076029, -0.076029, 0.0, 0.0, 0.0, -0.038014, 0.038014, -0.038014, -0.038014, -0.038014, 0.038014, 0.038014, -0.114043, -0.038014, 0.114043, 0.0, -0.038014, 0.0, 0.038014, -0.038014, -0.038014, -0.076029, 0.038014, 0.0, 0.0, -0.038014, -0.038014, 0.0, 0.0, 0.076029, 0.038014, 0.0, -0.114043, -0.038014, 0.038014, 0.038014, 0.0, 0.0, 0.038014, 0.114043, 0.0, -0.038014, 0.076029, -0.038014, -0.076029, -0.038014, 0.038014, -0.038014, 0.038014, 0.0, 0.0, 0.0, 0.0, -0.038014, 0.0, -0.038014, -0.038014, 0.0, 0.076029, -0.038014, 0.038014, -0.038014, -0.038014, 0.0, 0.114043, -0.076029, -0.076029, 0.038014, 0.0, 0.038014, 0.038014, -0.038014, 0.076029, 0.190071, -0.076029, -0.076029, 0.0, 0.076029, -0.038014, 0.038014, 0.0, 0.0, 0.038014, 0.038014, 0.0, 0.0, 0.0, -0.076029, -0.038014, 0.076029, -0.114043, 0.076029, 0.038014, 0.0, 0.076029, 0.0, 0.038014, -0.038014, 0.0, -0.038014, -0.038014, 0.038014, -0.038014, 0.076029, -0.076029, 0.076029, -0.076029, 0.0, 0.190071, -0.038014, 0.076029, -0.076029, 0.0, -0.038014, -0.038014, 0.0, -0.038014, 0.0, 0.0, 0.038014, 0.0, -0.038014, -0.076029, 0.076029, 0.152057, 0.038014, -0.076029, 0.038014, 0.038014, 0.114043, -0.038014, -0.038014, 0.038014, 0.076029, 0.0, -0.038014, -0.038014, -0.114043, -0.076029, 0.0, 0.038014, 0.038014, 0.038014, 0.0, 0.038014, 0.038014, 0.0, 0.0, 0.0, 0.0, 0.076029, -0.038014, 0.038014, 0.076029, 0.0, 0.0, -0.076029, 0.038014, -0.076029, 0.0, 0.0, 0.076029, 0.038014, 0.038014, 0.0, 0.0, 0.0, -0.076029, 0.0, 0.0, 0.076029, 0.038014, 0.076029, -0.038014, -0.076029, -0.076029, -0.038014, 0.0, 0.076029, 0.0, -0.038014, -0.038014, 0.0, 0.0, 0.114043, 0.0, 0.0, 0.038014, 0.076029, 0.038014, -0.076029, 0.0, 0.0, -0.114043, 0.0, -0.076029, 0.0, -0.038014, 0.0, 0.076029, -0.038014, 0.0, -0.038014, -0.038014, 0.038014, -0.114043, 0.0, -0.038014, 0.038014, 0.038014, -0.038014, 0.0, 0.114043, 0.0, -0.038014, 0.0, -0.076029, 0.0, -0.038014, 0.0, -0.038014, 0.038014, -0.038014, 0.0, -0.114043, -0.038014, 0.038014, 0.0, 0.0, 0.0, -0.038014, -0.038014, 0.0, 0.0, -0.038014, -0.076029, -0.038014, 0.0, 0.0, 0.0, 0.038014, 0.038014, 0.0, 0.038014, 0.0, 0.0, 0.0, 0.0, -0.038014, 0.0, -0.114043, -0.038014, 0.0, 0.076029, 0.0, 0.038014, 0.038014, -0.038014, -0.038014, 0.038014, 0.0, 0.038014, 0.0, 0.0, -0.038014]",12,6,6,70,90,0.5555,0.5605,0.5118,0.4445,1.0,0.2676,0.1667,0.5085,2026-09-19T15:26:24
1201b00e-25bd-492d-9e34-2e0755776e70,P-624C8AC269,T7,high,medium,google/gemma-4-31b-it,1,Neutral Engagement Agent,You are planning a small gathering at home with friends. How do you organize it so that everything runs smoothly?,"[0.0, -0.038014, -0.038014, -0.038014, -0.038014, 0.076029, -0.076029, 0.0, -0.038014, -0.038014, 0.0, 0.0, 0.076029, 0.038014, -0.038014, 0.0, 0.0, 0.038014, 0.076029, 0.0, 0.038014, 0.114043, -0.076029, 0.0, 0.038014, 0.0, 0.038014, 0.0, 0.0, 0.0, 0.0, 0.038014, 0.038014, 0.038014, 0.076029, -0.038014, -0.076029, 0.076029, 0.0, 0.0, 0.0, 0.0, 0.0, 0.0, 0.0, -0.038014, -0.038014, 0.0, 0.038014, 0.0, 0.0, 0.076029, 0.038014, 0.038014, 0.0, -0.076029, 0.0, 0.038014, -0.038014, 0.0, 0.0, 0.0, 0.038014, 0.0, 0.0, 0.038014, -0.076029, -0.038014, 0.0, 0.038014, -0.076029, 0.076029, -0.038014, -0.038014, -0.076029, -0.038014, 0.076029, -0.076029, -0.076029, -0.038014, 0.0, 0.076029, 0.0, 0.0, 0.0, -0.114043, 0.0, -0.114043, 0.076029, -0.190071, 0.0, 0.038014, -0.038014, -0.076029, 0.0, 0.0, 0.0, -0.076029, 0.038014, -0.076029, 0.0, 0.0, 0.0, 0.0, 0.0, 0.0, 0.038014, -0.038014, 0.0, 0.0, 0.076029, -0.038014, 0.0, 0.038014, -0.076029, 0.152057, 0.0, -0.038014, -0.038014, 0.076029, -0.076029, 0.0, 0.0, 0.0, -0.038014, 0.038014, -0.038014, -0.038014, -0.038014, 0.038014, 0.038014, -0.114043, -0.038014, 0.114043, 0.0, -0.038014, 0.0, 0.038014, -0.038014, -0.038014, -0.076029, 0.038014, 0.0, 0.0, -0.038014, -0.038014, 0.0, 0.0, 0.076029, 0.038014, 0.0, -0.114043, -0.038014, 0.038014, 0.038014, 0.0, 0.0, 0.038014, 0.114043, 0.0, -0.038014, 0.076029, -0.038014, -0.076029, -0.038014, 0.038014, -0.038014, 0.038014, 0.0, 0.0, 0.0, 0.0, -0.038014, 0.0, -0.038014, -0.038014, 0.0, 0.076029, -0.038014, 0.038014, -0.038014, -0.038014, 0.0, 0.114043, -0.076029, -0.076029, 0.038014, 0.0, 0.038014, 0.038014, -0.038014, 0.076029, 0.190071, -0.076029, -0.076029, 0.0, 0.076029, -0.038014, 0.038014, 0.0, 0.0, 0.038014, 0.038014, 0.0, 0.0, 0.0, -0.076029, -0.038014, 0.076029, -0.114043, 0.076029, 0.038014, 0.0, 0.076029, 0.0, 0.038014, -0.038014, 0.0, -0.038014, -0.038014, 0.038014, -0.038014, 0.076029, -0.076029, 0.076029, -0.076029, 0.0, 0.190071, -0.038014, 0.076029, -0.076029, 0.0, -0.038014, -0.038014, 0.0, -0.038014, 0.0, 0.0, 0.038014, 0.0, -0.038014, -0.076029, 0.076029, 0.152057, 0.038014, -0.076029, 0.038014, 0.038014, 0.114043, -0.038014, -0.038014, 0.038014, 0.076029, 0.0, -0.038014, -0.038014, -0.114043, -0.076029, 0.0, 0.038014, 0.038014, 0.038014, 0.0, 0.038014, 0.038014, 0.0, 0.0, 0.0, 0.0, 0.076029, -0.038014, 0.038014, 0.076029, 0.0, 0.0, -0.076029, 0.038014, -0.076029, 0.0, 0.0, 0.076029, 0.038014, 0.038014, 0.0, 0.0, 0.0, -0.076029, 0.0, 0.0, 0.076029, 0.038014, 0.076029, -0.038014, -0.076029, -0.076029, -0.038014, 0.0, 0.076029, 0.0, -0.038014, -0.038014, 0.0, 0.0, 0.114043, 0.0, 0.0, 0.038014, 0.076029, 0.038014, -0.076029, 0.0, 0.0, -0.114043, 0.0, -0.076029, 0.0, -0.038014, 0.0, 0.076029, -0.038014, 0.0, -0.038014, -0.038014, 0.038014, -0.114043, 0.0, -0.038014, 0.038014, 0.038014, -0.038014, 0.0, 0.114043, 0.0, -0.038014, 0.0, -0.076029, 0.0, -0.038014, 0.0, -0.038014, 0.038014, -0.038014, 0.0, -0.114043, -0.038014, 0.038014, 0.0, 0.0, 0.0, -0.038014, -0.038014, 0.0, 0.0, -0.038014, -0.076029, -0.038014, 0.0, 0.0, 0.0, 0.038014, 0.038014, 0.0, 0.038014, 0.0, 0.0, 0.0, 0.0, -0.038014, 0.0, -0.114043, -0.038014, 0.0, 0.076029, 0.0, 0.038014, 0.038014, -0.038014, -0.038014, 0.038014, 0.0, 0.038014, 0.0, 0.0, -0.038014]",12,6,6,146,190,0.5544,0.5872,0.5341,0.4456,1.0,0.3869,0.0,0.489,2026-09-19T15:26:24
23cc4e14-f65c-4b43-a0d0-bd23fc9a915c,P-624C8AC269,T7,high,small,google/gemma-3-4b-it,1,Neutral Engagement Agent,You are planning a small gathering at home with friends. How do you organize it so that everything runs smoothly?,"[0.0, -0.038014, -0.038014, -0.038014, -0.038014, 0.076029, -0.076029, 0.0, -0.038014, -0.038014, 0.0, 0.0, 0.076029, 0.038014, -0.038014, 0.0, 0.0, 0.038014, 0.076029, 0.0, 0.038014, 0.114043, -0.076029, 0.0, 0.038014, 0.0, 0.038014, 0.0, 0.0, 0.0, 0.0, 0.038014, 0.038014, 0.038014, 0.076029, -0.038014, -0.076029, 0.076029, 0.0, 0.0, 0.0, 0.0, 0.0, 0.0, 0.0, -0.038014, -0.038014, 0.0, 0.038014, 0.0, 0.0, 0.076029, 0.038014, 0.038014, 0.0, -0.076029, 0.0, 0.038014, -0.038014, 0.0, 0.0, 0.0, 0.038014, 0.0, 0.0, 0.038014, -0.076029, -0.038014, 0.0, 0.038014, -0.076029, 0.076029, -0.038014, -0.038014, -0.076029, -0.038014, 0.076029, -0.076029, -0.076029, -0.038014, 0.0, 0.076029, 0.0, 0.0, 0.0, -0.114043, 0.0, -0.114043, 0.076029, -0.190071, 0.0, 0.038014, -0.038014, -0.076029, 0.0, 0.0, 0.0, -0.076029, 0.038014, -0.076029, 0.0, 0.0, 0.0, 0.0, 0.0, 0.0, 0.038014, -0.038014, 0.0, 0.0, 0.076029, -0.038014, 0.0, 0.038014, -0.076029, 0.152057, 0.0, -0.038014, -0.038014, 0.076029, -0.076029, 0.0, 0.0, 0.0, -0.038014, 0.038014, -0.038014, -0.038014, -0.038014, 0.038014, 0.038014, -0.114043, -0.038014, 0.114043, 0.0, -0.038014, 0.0, 0.038014, -0.038014, -0.038014, -0.076029, 0.038014, 0.0, 0.0, -0.038014, -0.038014, 0.0, 0.0, 0.076029, 0.038014, 0.0, -0.114043, -0.038014, 0.038014, 0.038014, 0.0, 0.0, 0.038014, 0.114043, 0.0, -0.038014, 0.076029, -0.038014, -0.076029, -0.038014, 0.038014, -0.038014, 0.038014, 0.0, 0.0, 0.0, 0.0, -0.038014, 0.0, -0.038014, -0.038014, 0.0, 0.076029, -0.038014, 0.038014, -0.038014, -0.038014, 0.0, 0.114043, -0.076029, -0.076029, 0.038014, 0.0, 0.038014, 0.038014, -0.038014, 0.076029, 0.190071, -0.076029, -0.076029, 0.0, 0.076029, -0.038014, 0.038014, 0.0, 0.0, 0.038014, 0.038014, 0.0, 0.0, 0.0, -0.076029, -0.038014, 0.076029, -0.114043, 0.076029, 0.038014, 0.0, 0.076029, 0.0, 0.038014, -0.038014, 0.0, -0.038014, -0.038014, 0.038014, -0.038014, 0.076029, -0.076029, 0.076029, -0.076029, 0.0, 0.190071, -0.038014, 0.076029, -0.076029, 0.0, -0.038014, -0.038014, 0.0, -0.038014, 0.0, 0.0, 0.038014, 0.0, -0.038014, -0.076029, 0.076029, 0.152057, 0.038014, -0.076029, 0.038014, 0.038014, 0.114043, -0.038014, -0.038014, 0.038014, 0.076029, 0.0, -0.038014, -0.038014, -0.114043, -0.076029, 0.0, 0.038014, 0.038014, 0.038014, 0.0, 0.038014, 0.038014, 0.0, 0.0, 0.0, 0.0, 0.076029, -0.038014, 0.038014, 0.076029, 0.0, 0.0, -0.076029, 0.038014, -0.076029, 0.0, 0.0, 0.076029, 0.038014, 0.038014, 0.0, 0.0, 0.0, -0.076029, 0.0, 0.0, 0.076029, 0.038014, 0.076029, -0.038014, -0.076029, -0.076029, -0.038014, 0.0, 0.076029, 0.0, -0.038014, -0.038014, 0.0, 0.0, 0.114043, 0.0, 0.0, 0.038014, 0.076029, 0.038014, -0.076029, 0.0, 0.0, -0.114043, 0.0, -0.076029, 0.0, -0.038014, 0.0, 0.076029, -0.038014, 0.0, -0.038014, -0.038014, 0.038014, -0.114043, 0.0, -0.038014, 0.038014, 0.038014, -0.038014, 0.0, 0.114043, 0.0, -0.038014, 0.0, -0.076029, 0.0, -0.038014, 0.0, -0.038014, 0.038014, -0.038014, 0.0, -0.114043, -0.038014, 0.038014, 0.0, 0.0, 0.0, -0.038014, -0.038014, 0.0, 0.0, -0.038014, -0.076029, -0.038014, 0.0, 0.0, 0.0, 0.038014, 0.038014, 0.0, 0.038014, 0.0, 0.0, 0.0, 0.0, -0.038014, 0.0, -0.114043, -0.038014, 0.0, 0.076029, 0.0, 0.038014, 0.038014, -0.038014, -0.038014, 0.038014, 0.0, 0.038014, 0.0, 0.0, -0.038014]",12,6,6,69,88,0.5493,0.554,0.5063,0.4507,1.0,0.6296,0.0833,0.494,2026-09-19T15:26:24
23ded81d-9872-448f-9c47-c3b3523c6c48,P-624C8AC269,T1,low,medium,google/gemma-4-31b-it,1,Neutral Engagement Agent,"You are at a supermarket in Greece, choosing meat. You notice both branded options and supermarket own brands. What factors do you consider before deciding?","[0.060634, -0.060634, 0.030317, -0.030317, 0.0, 0.030317, 0.030317, -0.030317, 0.030317, -0.030317, 0.0, -0.060634, 0.121268, 0.030317, -0.060634, 0.0, -0.030317, 0.030317, -0.030317, -0.030317, 0.030317, 0.030317, -0.090951, -0.060634, -0.030317, -0.030317, 0.0, 0.0, 0.0, 0.030317, 0.0, -0.030317, -0.030317, 0.151585, 0.090951, -0.030317, 0.060634, 0.030317, 0.030317, -0.030317, 0.060634, 0.0, 0.060634, 0.030317, 0.030317, -0.030317, 0.0, -0.060634, 0.0, 0.030317, 0.090951, 0.030317, 0.0, 0.0, 0.0, 0.030317, 0.0, -0.030317, 0.0, -0.030317, -0.030317, 0.030317, 0.060634, 0.0, -0.030317, -0.030317, 0.030317, -0.060634, -0.030317, 0.0, 0.030317, 0.030317, 0.0, -0.030317, 0.030317, 0.030317, 0.0, 0.060634, 0.0, 0.060634, 0.0, 0.090951, 0.0, -0.090951, 0.030317, -0.090951, 0.030317, -0.151585, 0.030317, -0.090951, 0.030317, 0.060634, -0.060634, 0.060634, -0.030317, -0.030317, 0.060634, 0.0, 0.060634, -0.030317, 0.030317, 0.060634, 0.0, 0.0, 0.060634, -0.060634, -0.030317, -0.030317, 0.030317, 0.0, 0.060634, -0.090951, 0.0, -0.030317, -0.060634, 0.030317, -0.030317, -0.030317, -0.090951, 0.0, 0.090951, 0.0, 0.030317, 0.0, 0.030317, 0.030317, -0.060634, -0.030317, -0.030317, 0.060634, 0.0, -0.030317, 0.0, 0.121268, -0.030317, -0.121268, -0.030317, 0.0, -0.090951, 0.030317, 0.0, 0.030317, -0.090951, -0.060634, -0.030317, -0.030317, 0.0, 0.0, 0.0, 0.030317, 0.0, -0.060634, -0.090951, 0.0, -0.030317, 0.0, 0.060634, 0.030317, 0.121268, 0.030317, -0.090951, 0.0, -0.030317, 0.030317, 0.030317, 0.030317, 0.0, 0.030317, 0.0, -0.151585, 0.030317, -0.030317, -0.030317, 0.151585, 0.0, 0.030317, -0.030317, 0.0, 0.0, 0.121268, -0.030317, 0.0, 0.0, 0.0, 0.0, -0.030317, 0.060634, 0.060634, 0.060634, -0.060634, 0.0, 0.030317, 0.090951, 0.030317, -0.060634, -0.030317, 0.030317, -0.030317, 0.0, 0.030317, 0.0, -0.030317, 0.090951, 0.0, -0.030317, 0.0, 0.060634, -0.030317, -0.060634, -0.060634, 0.0, 0.090951, -0.060634, 0.0, 0.030317, -0.030317, -0.030317, 0.030317, -0.060634, 0.060634, 0.060634, 0.0, 0.0, -0.090951, 0.030317, -0.060634, 0.0, 0.212219, -0.121268, 0.030317, -0.030317, 0.030317, 0.0, 0.090951, 0.181902, -0.030317, 0.030317, -0.060634, -0.060634, -0.030317, 0.0, -0.060634, 0.0, 0.121268, 0.030317, -0.090951, 0.0, 0.030317, 0.030317, 0.0, 0.0, -0.060634, 0.0, -0.060634, -0.060634, 0.030317, -0.060634, -0.060634, -0.030317, 0.090951, -0.030317, 0.060634, 0.0, 0.0, 0.0, -0.121268, -0.060634, 0.0, -0.030317, 0.090951, 0.0, 0.090951, 0.0, 0.0, 0.0, -0.060634, -0.030317, 0.030317, -0.060634, 0.060634, 0.0, 0.0, 0.0, 0.0, -0.030317, 0.030317, -0.030317, 0.030317, -0.030317, 0.0, -0.030317, 0.0, -0.030317, -0.030317, 0.0, 0.0, 0.030317, -0.060634, -0.090951, 0.0, 0.030317, -0.030317, 0.0, 0.060634, 0.0, -0.030317, -0.060634, 0.060634, 0.030317, 0.0, 0.030317, -0.090951, -0.060634, -0.030317, 0.0, 0.0, 0.030317, 0.0, 0.030317, 0.0, 0.0, 0.0, 0.030317, 0.030317, -0.090951, 0.060634, -0.030317, 0.030317, -0.030317, 0.090951, -0.060634, 0.030317, -0.030317, 0.060634, 0.0, -0.090951, 0.030317, 0.030317, 0.060634, 0.0, 0.030317, 0.0, 0.030317, 0.0, -0.030317, 0.0, 0.151585, -0.030317, -0.060634, 0.0, -0.090951, 0.060634, 0.0, 0.0, -0.030317, -0.030317, 0.030317, 0.030317, -0.030317, 0.030317, 0.030317, 0.030317, 0.030317, -0.030317, 0.0, 0.0, -0.090951, 0.0, 0.0, -0.181902, 0.030317, 0.0, 0.060634, 0.090951, 0.060634, 0.030317, -0.030317, -0.060634, 0.030317, 0.030317, 0.030317, 0.030317, 0.030317, -0.030317]",12,6,6,134,175,0.5346,0.5892,0.5438,0.4654,1.0,0.5625,0.0,0.4894,2026-09-19T15:26:24
45be5808-a85e-489d-9d83-2fe68dd53b48,P-624C8AC269,T1,low,small,google/gemma-3-4b-it,0,Neutral Engagement Agent,"You are at a supermarket in Greece, choosing meat. You notice both branded options and supermarket own brands. What factors do you consider before deciding?","[0.060634, -0.060634, 0.030317, -0.030317, 0.0, 0.030317, 0.030317, -0.030317, 0.030317, -0.030317, 0.0, -0.060634, 0.121268, 0.030317, -0.060634, 0.0, -0.030317, 0.030317, -0.030317, -0.030317, 0.030317, 0.030317, -0.090951, -0.060634, -0.030317, -0.030317, 0.0, 0.0, 0.0, 0.030317, 0.0, -0.030317, -0.030317, 0.151585, 0.090951, -0.030317, 0.060634, 0.030317, 0.030317, -0.030317, 0.060634, 0.0, 0.060634, 0.030317, 0.030317, -0.030317, 0.0, -0.060634, 0.0, 0.030317, 0.090951, 0.030317, 0.0, 0.0, 0.0, 0.030317, 0.0, -0.030317, 0.0, -0.030317, -0.030317, 0.030317, 0.060634, 0.0, -0.030317, -0.030317, 0.030317, -0.060634, -0.030317, 0.0, 0.030317, 0.030317, 0.0, -0.030317, 0.030317, 0.030317, 0.0, 0.060634, 0.0, 0.060634, 0.0, 0.090951, 0.0, -0.090951, 0.030317, -0.090951, 0.030317, -0.151585, 0.030317, -0.090951, 0.030317, 0.060634, -0.060634, 0.060634, -0.030317, -0.030317, 0.060634, 0.0, 0.060634, -0.030317, 0.030317, 0.060634, 0.0, 0.0, 0.060634, -0.060634, -0.030317, -0.030317, 0.030317, 0.0, 0.060634, -0.090951, 0.0, -0.030317, -0.060634, 0.030317, -0.030317, -0.030317, -0.090951, 0.0, 0.090951, 0.0, 0.030317, 0.0, 0.030317, 0.030317, -0.060634, -0.030317, -0.030317, 0.060634, 0.0, -0.030317, 0.0, 0.121268, -0.030317, -0.121268, -0.030317, 0.0, -0.090951, 0.030317, 0.0, 0.030317, -0.090951, -0.060634, -0.030317, -0.030317, 0.0, 0.0, 0.0, 0.030317, 0.0, -0.060634, -0.090951, 0.0, -0.030317, 0.0, 0.060634, 0.030317, 0.121268, 0.030317, -0.090951, 0.0, -0.030317, 0.030317, 0.030317, 0.030317, 0.0, 0.030317, 0.0, -0.151585, 0.030317, -0.030317, -0.030317, 0.151585, 0.0, 0.030317, -0.030317, 0.0, 0.0, 0.121268, -0.030317, 0.0, 0.0, 0.0, 0.0, -0.030317, 0.060634, 0.060634, 0.060634, -0.060634, 0.0, 0.030317, 0.090951, 0.030317, -0.060634, -0.030317, 0.030317, -0.030317, 0.0, 0.030317, 0.0, -0.030317, 0.090951, 0.0, -0.030317, 0.0, 0.060634, -0.030317, -0.060634, -0.060634, 0.0, 0.090951, -0.060634, 0.0, 0.030317, -0.030317, -0.030317, 0.030317, -0.060634, 0.060634, 0.060634, 0.0, 0.0, -0.090951, 0.030317, -0.060634, 0.0, 0.212219, -0.121268, 0.030317, -0.030317, 0.030317, 0.0, 0.090951, 0.181902, -0.030317, 0.030317, -0.060634, -0.060634, -0.030317, 0.0, -0.060634, 0.0, 0.121268, 0.030317, -0.090951, 0.0, 0.030317, 0.030317, 0.0, 0.0, -0.060634, 0.0, -0.060634, -0.060634, 0.030317, -0.060634, -0.060634, -0.030317, 0.090951, -0.030317, 0.060634, 0.0, 0.0, 0.0, -0.121268, -0.060634, 0.0, -0.030317, 0.090951, 0.0, 0.090951, 0.0, 0.0, 0.0, -0.060634, -0.030317, 0.030317, -0.060634, 0.060634, 0.0, 0.0, 0.0, 0.0, -0.030317, 0.030317, -0.030317, 0.030317, -0.030317, 0.0, -0.030317, 0.0, -0.030317, -0.030317, 0.0, 0.0, 0.030317, -0.060634, -0.090951, 0.0, 0.030317, -0.030317, 0.0, 0.060634, 0.0, -0.030317, -0.060634, 0.060634, 0.030317, 0.0, 0.030317, -0.090951, -0.060634, -0.030317, 0.0, 0.0, 0.030317, 0.0, 0.030317, 0.0, 0.0, 0.0, 0.030317, 0.030317, -0.090951, 0.060634, -0.030317, 0.030317, -0.030317, 0.090951, -0.060634, 0.030317, -0.030317, 0.060634, 0.0, -0.090951, 0.030317, 0.030317, 0.060634, 0.0, 0.030317, 0.0, 0.030317, 0.0, -0.030317, 0.0, 0.151585, -0.030317, -0.060634, 0.0, -0.090951, 0.060634, 0.0, 0.0, -0.030317, -0.030317, 0.030317, 0.030317, -0.030317, 0.030317, 0.030317, 0.030317, 0.030317, -0.030317, 0.0, 0.0, -0.090951, 0.0, 0.0, -0.181902, 0.030317, 0.0, 0.060634, 0.090951, 0.060634, 0.030317, -0.030317, -0.060634, 0.030317, 0.030317, 0.030317, 0.030317, 0.030317, -0.030317]",12,6,6,98,126,0.5412,0.5281,0.5209,0.4588,1.0,0.75,0.0833,0.4968,2026-09-19T15:26:24
4cf19d34-9862-43d1-bcdf-34ec9209199f,P-624C8AC269,T7,high,small,google/gemma-3-4b-it,1,Neutral Engagement Agent,You are planning a casual dinner with a few friends. How do you prepare and organize the event?,"[0.079556, -0.079556, 0.0, -0.039778, 0.0, 0.0, -0.039778, -0.039778, -0.039778, -0.039778, 0.0, 0.0, 0.119334, 0.0, 0.0, 0.079556, 0.0, 0.0, 0.039778, 0.0, 0.039778, 0.079556, -0.079556, 0.0, 0.039778, 0.0, -0.039778, 0.0, 0.0, 0.079556, 0.0, 0.0, 0.039778, 0.039778, 0.079556, -0.079556, -0.039778, 0.079556, -0.039778, -0.039778, -0.039778, 0.039778, 0.039778, 0.0, 0.039778, -0.039778, -0.039778, 0.0, 0.119334, 0.0, 0.039778, 0.039778, 0.0, 0.0, 0.039778, -0.039778, 0.039778, 0.0, -0.039778, -0.119334, -0.039778, 0.039778, -0.039778, -0.039778, 0.0, 0.039778, -0.079556, -0.039778, 0.0, 0.0, -0.039778, 0.039778, 0.0, 0.0, -0.039778, 0.0, 0.039778, 0.079556, 0.0, 0.0, 0.0, 0.079556, 0.0, 0.0, 0.039778, -0.119334, -0.039778, -0.159111, 0.0, -0.159111, 0.039778, 0.0, 0.039778, 0.0, -0.039778, 0.0, 0.0, -0.039778, -0.039778, -0.039778, 0.0, 0.0, 0.039778, 0.0, 0.0, 0.0, 0.039778, 0.0, 0.039778, -0.039778, 0.039778, -0.079556, 0.039778, 0.079556, -0.119334, 0.039778, 0.039778, 0.039778, -0.039778, 0.079556, 0.039778, -0.039778, -0.039778, 0.0, 0.0, -0.039778, -0.039778, 0.0, -0.079556, 0.039778, 0.0, -0.079556, -0.039778, 0.079556, 0.079556, -0.119334, 0.039778, 0.0, -0.079556, 0.0, 0.0, 0.0, -0.079556, -0.039778, -0.039778, -0.039778, 0.0, 0.0, 0.039778, 0.039778, 0.039778, -0.039778, -0.079556, 0.039778, 0.0, 0.0, 0.039778, 0.079556, 0.159111, 0.0, -0.039778, 0.079556, -0.039778, 0.039778, -0.039778, 0.0, 0.0, 0.0, 0.0, -0.039778, 0.0, 0.079556, -0.039778, 0.039778, 0.0, -0.079556, -0.039778, 0.0, -0.039778, 0.039778, 0.039778, 0.0, 0.119334, 0.079556, -0.079556, 0.039778, 0.039778, 0.079556, 0.039778, 0.079556, -0.039778, 0.119334, 0.039778, -0.079556, -0.079556, 0.079556, 0.0, -0.119334, -0.039778, 0.039778, 0.0, 0.039778, 0.0, 0.0, 0.039778, 0.039778, -0.039778, 0.0, 0.039778, -0.079556, -0.039778, 0.0, 0.039778, 0.0, 0.0, 0.0, 0.0, 0.0, 0.0, 0.0, 0.039778, 0.0, 0.0, -0.079556, 0.119334, 0.0, 0.0, 0.079556, -0.119334, 0.0, -0.039778, 0.0, -0.039778, 0.0, -0.079556, -0.039778, -0.039778, 0.0, 0.0, 0.039778, 0.0, 0.0, 0.039778, 0.159111, 0.079556, 0.0, 0.039778, 0.039778, 0.039778, 0.0, -0.159111, 0.039778, 0.079556, 0.039778, 0.0, 0.0, -0.079556, -0.039778, 0.039778, 0.079556, 0.039778, 0.039778, 0.0, 0.0, 0.039778, -0.039778, -0.039778, 0.0, 0.0, 0.079556, -0.079556, -0.039778, 0.039778, 0.0, 0.0, -0.039778, 0.0, -0.079556, -0.039778, 0.079556, 0.0, -0.039778, 0.0, -0.039778, 0.039778, 0.039778, -0.039778, -0.039778, -0.039778, 0.039778, 0.039778, 0.0, 0.0, -0.079556, 0.0, -0.039778, -0.039778, -0.039778, 0.0, 0.0, 0.0, 0.0, 0.0, -0.039778, 0.0, -0.039778, -0.039778, 0.039778, 0.039778, 0.0, -0.039778, 0.0, -0.079556, -0.039778, -0.039778, -0.079556, 0.039778, -0.039778, 0.039778, -0.119334, 0.0, 0.0, 0.0, 0.039778, -0.039778, 0.079556, 0.0, 0.0, 0.039778, 0.039778, -0.039778, 0.039778, -0.039778, 0.0, 0.0, -0.079556, 0.0, -0.039778, 0.0, 0.0, 0.039778, 0.0, 0.039778, 0.0, 0.0, 0.039778, 0.0, 0.119334, 0.0, 0.0, -0.039778, 0.039778, 0.0, 0.0, 0.039778, -0.039778, -0.039778, 0.0, 0.0, 0.079556, 0.039778, 0.079556, 0.0, 0.0, 0.119334, 0.0, 0.039778, -0.039778, -0.039778, -0.238667, -0.039778, -0.039778, 0.079556, -0.039778, 0.0, 0.079556, -0.039778, -0.039778, 0.0, 0.039778, 0.079556, 0.0, -0.039778, -0.039778]",12,6,6,67,87,0.5025,0.5055,0.5337,0.4975,1.0,0.6415,0.0833,0.4962,2026-09-19T15:26:24
5ff5a65b-dbc0-4d6c-9ae1-3e4a034b475c,P-624C8AC269,T1,low,small,google/gemma-3-4b-it,1,Neutral Engagement Agent,"You are at a supermarket in Greece, choosing cheese. You notice both branded options and supermarket own brands. What factors do you consider before deciding?","[0.031311, -0.062622, 0.031311, -0.031311, 0.0, 0.031311, 0.031311, -0.031311, 0.031311, -0.031311, -0.031311, -0.062622, 0.125245, 0.031311, -0.062622, 0.0, -0.031311, 0.031311, -0.031311, -0.031311, 0.031311, 0.031311, -0.093934, -0.031311, -0.031311, -0.031311, 0.0, 0.0, 0.0, 0.031311, 0.0, 0.031311, -0.031311, 0.125245, 0.093934, -0.031311, 0.062622, 0.031311, 0.031311, -0.031311, 0.062622, 0.0, 0.062622, 0.031311, 0.031311, 0.0, 0.0, -0.062622, -0.031311, 0.031311, 0.062622, 0.031311, 0.0, 0.0, 0.0, 0.031311, 0.0, -0.031311, 0.0, -0.031311, -0.031311, 0.031311, 0.062622, 0.0, -0.031311, -0.031311, 0.031311, -0.062622, -0.031311, 0.0, 0.031311, 0.031311, 0.0, -0.031311, 0.031311, 0.031311, 0.0, 0.062622, 0.0, 0.062622, 0.0, 0.093934, 0.0, -0.093934, 0.031311, -0.093934, 0.031311, -0.156556, 0.031311, -0.156556, 0.031311, 0.093934, -0.031311, 0.062622, -0.031311, -0.031311, 0.062622, 0.0, 0.062622, -0.031311, 0.031311, 0.062622, 0.0, -0.031311, 0.062622, -0.062622, -0.031311, -0.031311, 0.031311, 0.0, 0.062622, -0.093934, 0.0, 0.0, -0.062622, 0.031311, -0.031311, -0.031311, -0.093934, 0.0, 0.093934, 0.031311, 0.031311, 0.0, 0.0, 0.031311, -0.031311, -0.031311, -0.031311, 0.062622, 0.0, -0.031311, -0.031311, 0.125245, 0.0, -0.062622, 0.0, 0.0, -0.093934, 0.031311, 0.0, 0.031311, -0.093934, -0.062622, -0.031311, -0.031311, 0.0, 0.0, 0.0, 0.031311, 0.0, -0.062622, -0.062622, 0.0, -0.031311, 0.031311, 0.062622, 0.031311, 0.093934, 0.031311, -0.093934, 0.0, -0.031311, 0.031311, 0.031311, 0.031311, 0.0, 0.031311, 0.0, -0.125245, 0.031311, -0.031311, -0.031311, 0.125245, 0.0, 0.031311, -0.031311, 0.0, 0.031311, 0.125245, -0.031311, 0.0, 0.0, 0.0, 0.0, -0.031311, 0.093934, 0.062622, 0.062622, -0.062622, 0.0, 0.031311, 0.093934, 0.031311, -0.062622, -0.031311, 0.031311, 0.0, 0.0, 0.031311, 0.0, -0.031311, 0.093934, 0.0, -0.031311, 0.0, 0.062622, -0.031311, -0.062622, -0.062622, 0.0, 0.093934, -0.062622, 0.0, 0.031311, -0.031311, -0.031311, 0.031311, -0.062622, 0.062622, 0.062622, 0.0, 0.0, -0.093934, 0.062622, -0.062622, 0.0, 0.219179, -0.125245, 0.031311, -0.031311, 0.031311, 0.031311, 0.062622, 0.187867, -0.031311, 0.031311, -0.062622, -0.062622, -0.031311, 0.0, -0.062622, 0.0, 0.125245, 0.031311, -0.093934, 0.0, 0.031311, 0.031311, 0.0, 0.0, -0.031311, 0.0, -0.062622, -0.062622, 0.031311, -0.062622, -0.031311, -0.031311, 0.093934, -0.031311, 0.062622, 0.031311, 0.031311, 0.062622, -0.125245, -0.062622, -0.031311, -0.031311, 0.093934, 0.0, 0.062622, 0.0, 0.0, 0.0, -0.062622, 0.0, 0.031311, -0.062622, 0.062622, 0.0, 0.0, 0.0, 0.0, -0.031311, 0.031311, -0.031311, 0.031311, -0.031311, 0.0, -0.031311, 0.0, -0.031311, -0.031311, 0.0, 0.0, 0.062622, -0.062622, -0.093934, 0.0, 0.031311, 0.0, 0.0, 0.062622, 0.031311, -0.031311, -0.062622, 0.062622, 0.062622, 0.0, 0.0, -0.093934, -0.062622, -0.031311, 0.0, 0.0, 0.031311, 0.0, 0.031311, 0.0, 0.0, 0.0, 0.031311, 0.031311, -0.093934, 0.062622, -0.031311, 0.031311, 0.0, 0.093934, -0.062622, 0.031311, 0.0, 0.062622, 0.0, -0.093934, 0.0, 0.031311, 0.062622, 0.0, 0.031311, 0.0, 0.031311, 0.0, -0.062622, 0.0, 0.093934, -0.031311, 0.0, 0.0, -0.093934, 0.062622, 0.0, 0.0, -0.031311, -0.031311, 0.031311, 0.031311, -0.062622, 0.031311, 0.031311, 0.031311, 0.031311, -0.031311, 0.0, 0.0, -0.062622, 0.0, 0.0, -0.187867, 0.031311, 0.0, 0.062622, 0.093934, 0.031311, 0.0, -0.031311, -0.062622, 0.031311, 0.031311, 0.031311, 0.031311, 0.031311, -0.031311]",12,6,6,71,91,0.5018,0.5241,0.5397,0.4982,1.0,0.569,0.1667,0.5101,2026-09-19T15:26:24
66a7d66d-d0ab-40d4-b080-eab02c6282ab,P-624C8AC269,T1,low,small,google/gemma-3-4b-it,1,Neutral Engagement Agent,"You are at a supermarket in Greece, choosing meat. You notice both branded options and supermarket own brands. What factors do you consider before deciding?","[0.060634, -0.060634, 0.030317, -0.030317, 0.0, 0.030317, 0.030317, -0.030317, 0.030317, -0.030317, 0.0, -0.060634, 0.121268, 0.030317, -0.060634, 0.0, -0.030317, 0.030317, -0.030317, -0.030317, 0.030317, 0.030317, -0.090951, -0.060634, -0.030317, -0.030317, 0.0, 0.0, 0.0, 0.030317, 0.0, -0.030317, -0.030317, 0.151585, 0.090951, -0.030317, 0.060634, 0.030317, 0.030317, -0.030317, 0.060634, 0.0, 0.060634, 0.030317, 0.030317, -0.030317, 0.0, -0.060634, 0.0, 0.030317, 0.090951, 0.030317, 0.0, 0.0, 0.0, 0.030317, 0.0, -0.030317, 0.0, -0.030317, -0.030317, 0.030317, 0.060634, 0.0, -0.030317, -0.030317, 0.030317, -0.060634, -0.030317, 0.0, 0.030317, 0.030317, 0.0, -0.030317, 0.030317, 0.030317, 0.0, 0.060634, 0.0, 0.060634, 0.0, 0.090951, 0.0, -0.090951, 0.030317, -0.090951, 0.030317, -0.151585, 0.030317, -0.090951, 0.030317, 0.060634, -0.060634, 0.060634, -0.030317, -0.030317, 0.060634, 0.0, 0.060634, -0.030317, 0.030317, 0.060634, 0.0, 0.0, 0.060634, -0.060634, -0.030317, -0.030317, 0.030317, 0.0, 0.060634, -0.090951, 0.0, -0.030317, -0.060634, 0.030317, -0.030317, -0.030317, -0.090951, 0.0, 0.090951, 0.0, 0.030317, 0.0, 0.030317, 0.030317, -0.060634, -0.030317, -0.030317, 0.060634, 0.0, -0.030317, 0.0, 0.121268, -0.030317, -0.121268, -0.030317, 0.0, -0.090951, 0.030317, 0.0, 0.030317, -0.090951, -0.060634, -0.030317, -0.030317, 0.0, 0.0, 0.0, 0.030317, 0.0, -0.060634, -0.090951, 0.0, -0.030317, 0.0, 0.060634, 0.030317, 0.121268, 0.030317, -0.090951, 0.0, -0.030317, 0.030317, 0.030317, 0.030317, 0.0, 0.030317, 0.0, -0.151585, 0.030317, -0.030317, -0.030317, 0.151585, 0.0, 0.030317, -0.030317, 0.0, 0.0, 0.121268, -0.030317, 0.0, 0.0, 0.0, 0.0, -0.030317, 0.060634, 0.060634, 0.060634, -0.060634, 0.0, 0.030317, 0.090951, 0.030317, -0.060634, -0.030317, 0.030317, -0.030317, 0.0, 0.030317, 0.0, -0.030317, 0.090951, 0.0, -0.030317, 0.0, 0.060634, -0.030317, -0.060634, -0.060634, 0.0, 0.090951, -0.060634, 0.0, 0.030317, -0.030317, -0.030317, 0.030317, -0.060634, 0.060634, 0.060634, 0.0, 0.0, -0.090951, 0.030317, -0.060634, 0.0, 0.212219, -0.121268, 0.030317, -0.030317, 0.030317, 0.0, 0.090951, 0.181902, -0.030317, 0.030317, -0.060634, -0.060634, -0.030317, 0.0, -0.060634, 0.0, 0.121268, 0.030317, -0.090951, 0.0, 0.030317, 0.030317, 0.0, 0.0, -0.060634, 0.0, -0.060634, -0.060634, 0.030317, -0.060634, -0.060634, -0.030317, 0.090951, -0.030317, 0.060634, 0.0, 0.0, 0.0, -0.121268, -0.060634, 0.0, -0.030317, 0.090951, 0.0, 0.090951, 0.0, 0.0, 0.0, -0.060634, -0.030317, 0.030317, -0.060634, 0.060634, 0.0, 0.0, 0.0, 0.0, -0.030317, 0.030317, -0.030317, 0.030317, -0.030317, 0.0, -0.030317, 0.0, -0.030317, -0.030317, 0.0, 0.0, 0.030317, -0.060634, -0.090951, 0.0, 0.030317, -0.030317, 0.0, 0.060634, 0.0, -0.030317, -0.060634, 0.060634, 0.030317, 0.0, 0.030317, -0.090951, -0.060634, -0.030317, 0.0, 0.0, 0.030317, 0.0, 0.030317, 0.0, 0.0, 0.0, 0.030317, 0.030317, -0.090951, 0.060634, -0.030317, 0.030317, -0.030317, 0.090951, -0.060634, 0.030317, -0.030317, 0.060634, 0.0, -0.090951, 0.030317, 0.030317, 0.060634, 0.0, 0.030317, 0.0, 0.030317, 0.0, -0.030317, 0.0, 0.151585, -0.030317, -0.060634, 0.0, -0.090951, 0.060634, 0.0, 0.0, -0.030317, -0.030317, 0.030317, 0.030317, -0.030317, 0.030317, 0.030317, 0.030317, 0.030317, -0.030317, 0.0, 0.0, -0.090951, 0.0, 0.0, -0.181902, 0.030317, 0.0, 0.060634, 0.090951, 0.060634, 0.030317, -0.030317, -0.060634, 0.030317, 0.030317, 0.030317, 0.030317, 0.030317, -0.030317]",12,6,6,70,90,0.543,0.5457,0.5273,0.457,1.0,0.3636,0.0833,0.4986,2026-09-19T15:26:24
75c72f83-8ee2-4e12-b72a-93d7fc015866,P-624C8AC269,T1,low,medium,google/gemma-4-31b-it,0,Neutral Engagement Agent,"You are at a supermarket in Greece, choosing meat. You notice both branded options and supermarket own brands. What factors do you consider before deciding?","[0.060634, -0.060634, 0.030317, -0.030317, 0.0, 0.030317, 0.030317, -0.030317, 0.030317, -0.030317, 0.0, -0.060634, 0.121268, 0.030317, -0.060634, 0.0, -0.030317, 0.030317, -0.030317, -0.030317, 0.030317, 0.030317, -0.090951, -0.060634, -0.030317, -0.030317, 0.0, 0.0, 0.0, 0.030317, 0.0, -0.030317, -0.030317, 0.151585, 0.090951, -0.030317, 0.060634, 0.030317, 0.030317, -0.030317, 0.060634, 0.0, 0.060634, 0.030317, 0.030317, -0.030317, 0.0, -0.060634, 0.0, 0.030317, 0.090951, 0.030317, 0.0, 0.0, 0.0, 0.030317, 0.0, -0.030317, 0.0, -0.030317, -0.030317, 0.030317, 0.060634, 0.0, -0.030317, -0.030317, 0.030317, -0.060634, -0.030317, 0.0, 0.030317, 0.030317, 0.0, -0.030317, 0.030317, 0.030317, 0.0, 0.060634, 0.0, 0.060634, 0.0, 0.090951, 0.0, -0.090951, 0.030317, -0.090951, 0.030317, -0.151585, 0.030317, -0.090951, 0.030317, 0.060634, -0.060634, 0.060634, -0.030317, -0.030317, 0.060634, 0.0, 0.060634, -0.030317, 0.030317, 0.060634, 0.0, 0.0, 0.060634, -0.060634, -0.030317, -0.030317, 0.030317, 0.0, 0.060634, -0.090951, 0.0, -0.030317, -0.060634, 0.030317, -0.030317, -0.030317, -0.090951, 0.0, 0.090951, 0.0, 0.030317, 0.0, 0.030317, 0.030317, -0.060634, -0.030317, -0.030317, 0.060634, 0.0, -0.030317, 0.0, 0.121268, -0.030317, -0.121268, -0.030317, 0.0, -0.090951, 0.030317, 0.0, 0.030317, -0.090951, -0.060634, -0.030317, -0.030317, 0.0, 0.0, 0.0, 0.030317, 0.0, -0.060634, -0.090951, 0.0, -0.030317, 0.0, 0.060634, 0.030317, 0.121268, 0.030317, -0.090951, 0.0, -0.030317, 0.030317, 0.030317, 0.030317, 0.0, 0.030317, 0.0, -0.151585, 0.030317, -0.030317, -0.030317, 0.151585, 0.0, 0.030317, -0.030317, 0.0, 0.0, 0.121268, -0.030317, 0.0, 0.0, 0.0, 0.0, -0.030317, 0.060634, 0.060634, 0.060634, -0.060634, 0.0, 0.030317, 0.090951, 0.030317, -0.060634, -0.030317, 0.030317, -0.030317, 0.0, 0.030317, 0.0, -0.030317, 0.090951, 0.0, -0.030317, 0.0, 0.060634, -0.030317, -0.060634, -0.060634, 0.0, 0.090951, -0.060634, 0.0, 0.030317, -0.030317, -0.030317, 0.030317, -0.060634, 0.060634, 0.060634, 0.0, 0.0, -0.090951, 0.030317, -0.060634, 0.0, 0.212219, -0.121268, 0.030317, -0.030317, 0.030317, 0.0, 0.090951, 0.181902, -0.030317, 0.030317, -0.060634, -0.060634, -0.030317, 0.0, -0.060634, 0.0, 0.121268, 0.030317, -0.090951, 0.0, 0.030317, 0.030317, 0.0, 0.0, -0.060634, 0.0, -0.060634, -0.060634, 0.030317, -0.060634, -0.060634, -0.030317, 0.090951, -0.030317, 0.060634, 0.0, 0.0, 0.0, -0.121268, -0.060634, 0.0, -0.030317, 0.090951, 0.0, 0.090951, 0.0, 0.0, 0.0, -0.060634, -0.030317, 0.030317, -0.060634, 0.060634, 0.0, 0.0, 0.0, 0.0, -0.030317, 0.030317, -0.030317, 0.030317, -0.030317, 0.0, -0.030317, 0.0, -0.030317, -0.030317, 0.0, 0.0, 0.030317, -0.060634, -0.090951, 0.0, 0.030317, -0.030317, 0.0, 0.060634, 0.0, -0.030317, -0.060634, 0.060634, 0.030317, 0.0, 0.030317, -0.090951, -0.060634, -0.030317, 0.0, 0.0, 0.030317, 0.0, 0.030317, 0.0, 0.0, 0.0, 0.030317, 0.030317, -0.090951, 0.060634, -0.030317, 0.030317, -0.030317, 0.090951, -0.060634, 0.030317, -0.030317, 0.060634, 0.0, -0.090951, 0.030317, 0.030317, 0.060634, 0.0, 0.030317, 0.0, 0.030317, 0.0, -0.030317, 0.0, 0.151585, -0.030317, -0.060634, 0.0, -0.090951, 0.060634, 0.0, 0.0, -0.030317, -0.030317, 0.030317, 0.030317, -0.030317, 0.030317, 0.030317, 0.030317, 0.030317, -0.030317, 0.0, 0.0, -0.090951, 0.0, 0.0, -0.181902, 0.030317, 0.0, 0.060634, 0.090951, 0.060634, 0.030317, -0.030317, -0.060634, 0.030317, 0.030317, 0.030317, 0.030317, 0.030317, -0.030317]",12,6,6,112,144,0.5462,0.5579,0.5389,0.4538,1.0,0.3981,0.0,0.4893,2026-09-19T15:26:24
7a0c2ad6-24fd-47f9-ae9f-de55f2ffa266,P-624C8AC269,T7,high,medium,google/gemma-4-31b-it,0,Neutral Engagement Agent,You are planning a small gathering at home with friends. How do you organize it so that everything runs smoothly?,"[0.0, -0.038014, -0.038014, -0.038014, -0.038014, 0.076029, -0.076029, 0.0, -0.038014, -0.038014, 0.0, 0.0, 0.076029, 0.038014, -0.038014, 0.0, 0.0, 0.038014, 0.076029, 0.0, 0.038014, 0.114043, -0.076029, 0.0, 0.038014, 0.0, 0.038014, 0.0, 0.0, 0.0, 0.0, 0.038014, 0.038014, 0.038014, 0.076029, -0.038014, -0.076029, 0.076029, 0.0, 0.0, 0.0, 0.0, 0.0, 0.0, 0.0, -0.038014, -0.038014, 0.0, 0.038014, 0.0, 0.0, 0.076029, 0.038014, 0.038014, 0.0, -0.076029, 0.0, 0.038014, -0.038014, 0.0, 0.0, 0.0, 0.038014, 0.0, 0.0, 0.038014, -0.076029, -0.038014, 0.0, 0.038014, -0.076029, 0.076029, -0.038014, -0.038014, -0.076029, -0.038014, 0.076029, -0.076029, -0.076029, -0.038014, 0.0, 0.076029, 0.0, 0.0, 0.0, -0.114043, 0.0, -0.114043, 0.076029, -0.190071, 0.0, 0.038014, -0.038014, -0.076029, 0.0, 0.0, 0.0, -0.076029, 0.038014, -0.076029, 0.0, 0.0, 0.0, 0.0, 0.0, 0.0, 0.038014, -0.038014, 0.0, 0.0, 0.076029, -0.038014, 0.0, 0.038014, -0.076029, 0.152057, 0.0, -0.038014, -0.038014, 0.076029, -0.076029, 0.0, 0.0, 0.0, -0.038014, 0.038014, -0.038014, -0.038014, -0.038014, 0.038014, 0.038014, -0.114043, -0.038014, 0.114043, 0.0, -0.038014, 0.0, 0.038014, -0.038014, -0.038014, -0.076029, 0.038014, 0.0, 0.0, -0.038014, -0.038014, 0.0, 0.0, 0.076029, 0.038014, 0.0, -0.114043, -0.038014, 0.038014, 0.038014, 0.0, 0.0, 0.038014, 0.114043, 0.0, -0.038014, 0.076029, -0.038014, -0.076029, -0.038014, 0.038014, -0.038014, 0.038014, 0.0, 0.0, 0.0, 0.0, -0.038014, 0.0, -0.038014, -0.038014, 0.0, 0.076029, -0.038014, 0.038014, -0.038014, -0.038014, 0.0, 0.114043, -0.076029, -0.076029, 0.038014, 0.0, 0.038014, 0.038014, -0.038014, 0.076029, 0.190071, -0.076029, -0.076029, 0.0, 0.076029, -0.038014, 0.038014, 0.0, 0.0, 0.038014, 0.038014, 0.0, 0.0, 0.0, -0.076029, -0.038014, 0.076029, -0.114043, 0.076029, 0.038014, 0.0, 0.076029, 0.0, 0.038014, -0.038014, 0.0, -0.038014, -0.038014, 0.038014, -0.038014, 0.076029, -0.076029, 0.076029, -0.076029, 0.0, 0.190071, -0.038014, 0.076029, -0.076029, 0.0, -0.038014, -0.038014, 0.0, -0.038014, 0.0, 0.0, 0.038014, 0.0, -0.038014, -0.076029, 0.076029, 0.152057, 0.038014, -0.076029, 0.038014, 0.038014, 0.114043, -0.038014, -0.038014, 0.038014, 0.076029, 0.0, -0.038014, -0.038014, -0.114043, -0.076029, 0.0, 0.038014, 0.038014, 0.038014, 0.0, 0.038014, 0.038014, 0.0, 0.0, 0.0, 0.0, 0.076029, -0.038014, 0.038014, 0.076029, 0.0, 0.0, -0.076029, 0.038014, -0.076029, 0.0, 0.0, 0.076029, 0.038014, 0.038014, 0.0, 0.0, 0.0, -0.076029, 0.0, 0.0, 0.076029, 0.038014, 0.076029, -0.038014, -0.076029, -0.076029, -0.038014, 0.0, 0.076029, 0.0, -0.038014, -0.038014, 0.0, 0.0, 0.114043, 0.0, 0.0, 0.038014, 0.076029, 0.038014, -0.076029, 0.0, 0.0, -0.114043, 0.0, -0.076029, 0.0, -0.038014, 0.0, 0.076029, -0.038014, 0.0, -0.038014, -0.038014, 0.038014, -0.114043, 0.0, -0.038014, 0.038014, 0.038014, -0.038014, 0.0, 0.114043, 0.0, -0.038014, 0.0, -0.076029, 0.0, -0.038014, 0.0, -0.038014, 0.038014, -0.038014, 0.0, -0.114043, -0.038014, 0.038014, 0.0, 0.0, 0.0, -0.038014, -0.038014, 0.0, 0.0, -0.038014, -0.076029, -0.038014, 0.0, 0.0, 0.0, 0.038014, 0.038014, 0.0, 0.038014, 0.0, 0.0, 0.0, 0.0, -0.038014, 0.0, -0.114043, -0.038014, 0.0, 0.076029, 0.0, 0.038014, 0.038014, -0.038014, -0.038014, 0.038014, 0.0, 0.038014, 0.0, 0.0, -0.038014]",12,6,6,140,182,0.5286,0.5399,0.5387,0.4714,1.0,0.5556,0.0833,0.5,2026-09-19T15:26:24
83595cf1-2e12-433b-9889-93c64e9fe0cf,P-624C8AC269,T7,high,small,google/gemma-3-4b-it,0,Neutral Engagement Agent,You are planning a casual dinner with a few friends. How do you prepare and organize the event?,"[0.079556, -0.079556, 0.0, -0.039778, 0.0, 0.0, -0.039778, -0.039778, -0.039778, -0.039778, 0.0, 0.0, 0.119334, 0.0, 0.0, 0.079556, 0.0, 0.0, 0.039778, 0.0, 0.039778, 0.079556, -0.079556, 0.0, 0.039778, 0.0, -0.039778, 0.0, 0.0, 0.079556, 0.0, 0.0, 0.039778, 0.039778, 0.079556, -0.079556, -0.039778, 0.079556, -0.039778, -0.039778, -0.039778, 0.039778, 0.039778, 0.0, 0.039778, -0.039778, -0.039778, 0.0, 0.119334, 0.0, 0.039778, 0.039778, 0.0, 0.0, 0.039778, -0.039778, 0.039778, 0.0, -0.039778, -0.119334, -0.039778, 0.039778, -0.039778, -0.039778, 0.0, 0.039778, -0.079556, -0.039778, 0.0, 0.0, -0.039778, 0.039778, 0.0, 0.0, -0.039778, 0.0, 0.039778, 0.079556, 0.0, 0.0, 0.0, 0.079556, 0.0, 0.0, 0.039778, -0.119334, -0.039778, -0.159111, 0.0, -0.159111, 0.039778, 0.0, 0.039778, 0.0, -0.039778, 0.0, 0.0, -0.039778, -0.039778, -0.039778, 0.0, 0.0, 0.039778, 0.0, 0.0, 0.0, 0.039778, 0.0, 0.039778, -0.039778, 0.039778, -0.079556, 0.039778, 0.079556, -0.119334, 0.039778, 0.039778, 0.039778, -0.039778, 0.079556, 0.039778, -0.039778, -0.039778, 0.0, 0.0, -0.039778, -0.039778, 0.0, -0.079556, 0.039778, 0.0, -0.079556, -0.039778, 0.079556, 0.079556, -0.119334, 0.039778, 0.0, -0.079556, 0.0, 0.0, 0.0, -0.079556, -0.039778, -0.039778, -0.039778, 0.0, 0.0, 0.039778, 0.039778, 0.039778, -0.039778, -0.079556, 0.039778, 0.0, 0.0, 0.039778, 0.079556, 0.159111, 0.0, -0.039778, 0.079556, -0.039778, 0.039778, -0.039778, 0.0, 0.0, 0.0, 0.0, -0.039778, 0.0, 0.079556, -0.039778, 0.039778, 0.0, -0.079556, -0.039778, 0.0, -0.039778, 0.039778, 0.039778, 0.0, 0.119334, 0.079556, -0.079556, 0.039778, 0.039778, 0.079556, 0.039778, 0.079556, -0.039778, 0.119334, 0.039778, -0.079556, -0.079556, 0.079556, 0.0, -0.119334, -0.039778, 0.039778, 0.0, 0.039778, 0.0, 0.0, 0.039778, 0.039778, -0.039778, 0.0, 0.039778, -0.079556, -0.039778, 0.0, 0.039778, 0.0, 0.0, 0.0, 0.0, 0.0, 0.0, 0.0, 0.039778, 0.0, 0.0, -0.079556, 0.119334, 0.0, 0.0, 0.079556, -0.119334, 0.0, -0.039778, 0.0, -0.039778, 0.0, -0.079556, -0.039778, -0.039778, 0.0, 0.0, 0.039778, 0.0, 0.0, 0.039778, 0.159111, 0.079556, 0.0, 0.039778, 0.039778, 0.039778, 0.0, -0.159111, 0.039778, 0.079556, 0.039778, 0.0, 0.0, -0.079556, -0.039778, 0.039778, 0.079556, 0.039778, 0.039778, 0.0, 0.0, 0.039778, -0.039778, -0.039778, 0.0, 0.0, 0.079556, -0.079556, -0.039778, 0.039778, 0.0, 0.0, -0.039778, 0.0, -0.079556, -0.039778, 0.079556, 0.0, -0.039778, 0.0, -0.039778, 0.039778, 0.039778, -0.039778, -0.039778, -0.039778, 0.039778, 0.039778, 0.0, 0.0, -0.079556, 0.0, -0.039778, -0.039778, -0.039778, 0.0, 0.0, 0.0, 0.0, 0.0, -0.039778, 0.0, -0.039778, -0.039778, 0.039778, 0.039778, 0.0, -0.039778, 0.0, -0.079556, -0.039778, -0.039778, -0.079556, 0.039778, -0.039778, 0.039778, -0.119334, 0.0, 0.0, 0.0, 0.039778, -0.039778, 0.079556, 0.0, 0.0, 0.039778, 0.039778, -0.039778, 0.039778, -0.039778, 0.0, 0.0, -0.079556, 0.0, -0.039778, 0.0, 0.0, 0.039778, 0.0, 0.039778, 0.0, 0.0, 0.039778, 0.0, 0.119334, 0.0, 0.0, -0.039778, 0.039778, 0.0, 0.0, 0.039778, -0.039778, -0.039778, 0.0, 0.0, 0.079556, 0.039778, 0.079556, 0.0, 0.0, 0.119334, 0.0, 0.039778, -0.039778, -0.039778, -0.238667, -0.039778, -0.039778, 0.079556, -0.039778, 0.0, 0.079556, -0.039778, -0.039778, 0.0, 0.039778, 0.079556, 0.0, -0.039778, -0.039778]",12,6,6,67,86,0.515,0.515,0.5099,0.485,1.0,0.2647,0.25,0.5165,2026-09-19T15:26:24
a3e89305-af73-490d-85cf-c9dae70e6373,P-624C8AC269,T7,high,medium,google/gemma-4-31b-it,0,Neutral Engagement Agent,You are planning a casual dinner with a few friends. How do you prepare and organize the event?,"[0.079556, -0.079556, 0.0, -0.039778, 0.0, 0.0, -0.039778, -0.039778, -0.039778, -0.039778, 0.0, 0.0, 0.119334, 0.0, 0.0, 0.079556, 0.0, 0.0, 0.039778, 0.0, 0.039778, 0.079556, -0.079556, 0.0, 0.039778, 0.0, -0.039778, 0.0, 0.0, 0.079556, 0.0, 0.0, 0.039778, 0.039778, 0.079556, -0.079556, -0.039778, 0.079556, -0.039778, -0.039778, -0.039778, 0.039778, 0.039778, 0.0, 0.039778, -0.039778, -0.039778, 0.0, 0.119334, 0.0, 0.039778, 0.039778, 0.0, 0.0, 0.039778, -0.039778, 0.039778, 0.0, -0.039778, -0.119334, -0.039778, 0.039778, -0.039778, -0.039778, 0.0, 0.039778, -0.079556, -0.039778, 0.0, 0.0, -0.039778, 0.039778, 0.0, 0.0, -0.039778, 0.0, 0.039778, 0.079556, 0.0, 0.0, 0.0, 0.079556, 0.0, 0.0, 0.039778, -0.119334, -0.039778, -0.159111, 0.0, -0.159111, 0.039778, 0.0, 0.039778, 0.0, -0.039778, 0.0, 0.0, -0.039778, -0.039778, -0.039778, 0.0, 0.0, 0.039778, 0.0, 0.0, 0.0, 0.039778, 0.0, 0.039778, -0.039778, 0.039778, -0.079556, 0.039778, 0.079556, -0.119334, 0.039778, 0.039778, 0.039778, -0.039778, 0.079556, 0.039778, -0.039778, -0.039778, 0.0, 0.0, -0.039778, -0.039778, 0.0, -0.079556, 0.039778, 0.0, -0.079556, -0.039778, 0.079556, 0.079556, -0.119334, 0.039778, 0.0, -0.079556, 0.0, 0.0, 0.0, -0.079556, -0.039778, -0.039778, -0.039778, 0.0, 0.0, 0.039778, 0.039778, 0.039778, -0.039778, -0.079556, 0.039778, 0.0, 0.0, 0.039778, 0.079556, 0.159111, 0.0, -0.039778, 0.079556, -0.039778, 0.039778, -0.039778, 0.0, 0.0, 0.0, 0.0, -0.039778, 0.0, 0.079556, -0.039778, 0.039778, 0.0, -0.079556, -0.039778, 0.0, -0.039778, 0.039778, 0.039778, 0.0, 0.119334, 0.079556, -0.079556, 0.039778, 0.039778, 0.079556, 0.039778, 0.079556, -0.039778, 0.119334, 0.039778, -0.079556, -0.079556, 0.079556, 0.0, -0.119334, -0.039778, 0.039778, 0.0, 0.039778, 0.0, 0.0, 0.039778, 0.039778, -0.039778, 0.0, 0.039778, -0.079556, -0.039778, 0.0, 0.039778, 0.0, 0.0, 0.0, 0.0, 0.0, 0.0, 0.0, 0.039778, 0.0, 0.0, -0.079556, 0.119334, 0.0, 0.0, 0.079556, -0.119334, 0.0, -0.039778, 0.0, -0.039778, 0.0, -0.079556, -0.039778, -0.039778, 0.0, 0.0, 0.039778, 0.0, 0.0, 0.039778, 0.159111, 0.079556, 0.0, 0.039778, 0.039778, 0.039778, 0.0, -0.159111, 0.039778, 0.079556, 0.039778, 0.0, 0.0, -0.079556, -0.039778, 0.039778, 0.079556, 0.039778, 0.039778, 0.0, 0.0, 0.039778, -0.039778, -0.039778, 0.0, 0.0, 0.079556, -0.079556, -0.039778, 0.039778, 0.0, 0.0, -0.039778, 0.0, -0.079556, -0.039778, 0.079556, 0.0, -0.039778, 0.0, -0.039778, 0.039778, 0.039778, -0.039778, -0.039778, -0.039778, 0.039778, 0.039778, 0.0, 0.0, -0.079556, 0.0, -0.039778, -0.039778, -0.039778, 0.0, 0.0, 0.0, 0.0, 0.0, -0.039778, 0.0, -0.039778, -0.039778, 0.039778, 0.039778, 0.0, -0.039778, 0.0, -0.079556, -0.039778, -0.039778, -0.079556, 0.039778, -0.039778, 0.039778, -0.119334, 0.0, 0.0, 0.0, 0.039778, -0.039778, 0.079556, 0.0, 0.0, 0.039778, 0.039778, -0.039778, 0.039778, -0.039778, 0.0, 0.0, -0.079556, 0.0, -0.039778, 0.0, 0.0, 0.039778, 0.0, 0.039778, 0.0, 0.0, 0.039778, 0.0, 0.119334, 0.0, 0.0, -0.039778, 0.039778, 0.0, 0.0, 0.039778, -0.039778, -0.039778, 0.0, 0.0, 0.079556, 0.039778, 0.079556, 0.0, 0.0, 0.119334, 0.0, 0.039778, -0.039778, -0.039778, -0.238667, -0.039778, -0.039778, 0.079556, -0.039778, 0.0, 0.079556, -0.039778, -0.039778, 0.0, 0.039778, 0.079556, 0.0, -0.039778, -0.039778]",12,6,6,130,169,0.545,0.5701,0.5614,0.455,1.0,0.4696,0.0,0.4949,2026-09-19T15:26:24
bc3b32b6-60dc-4234-ab08-88feb4393114,P-624C8AC269,T7,high,medium,google/gemma-4-31b-it,1,Neutral Engagement Agent,You are planning a casual dinner with a few friends. How do you prepare and organize the event?,"[0.079556, -0.079556, 0.0, -0.039778, 0.0, 0.0, -0.039778, -0.039778, -0.039778, -0.039778, 0.0, 0.0, 0.119334, 0.0, 0.0, 0.079556, 0.0, 0.0, 0.039778, 0.0, 0.039778, 0.079556, -0.079556, 0.0, 0.039778, 0.0, -0.039778, 0.0, 0.0, 0.079556, 0.0, 0.0, 0.039778, 0.039778, 0.079556, -0.079556, -0.039778, 0.079556, -0.039778, -0.039778, -0.039778, 0.039778, 0.039778, 0.0, 0.039778, -0.039778, -0.039778, 0.0, 0.119334, 0.0, 0.039778, 0.039778, 0.0, 0.0, 0.039778, -0.039778, 0.039778, 0.0, -0.039778, -0.119334, -0.039778, 0.039778, -0.039778, -0.039778, 0.0, 0.039778, -0.079556, -0.039778, 0.0, 0.0, -0.039778, 0.039778, 0.0, 0.0, -0.039778, 0.0, 0.039778, 0.079556, 0.0, 0.0, 0.0, 0.079556, 0.0, 0.0, 0.039778, -0.119334, -0.039778, -0.159111, 0.0, -0.159111, 0.039778, 0.0, 0.039778, 0.0, -0.039778, 0.0, 0.0, -0.039778, -0.039778, -0.039778, 0.0, 0.0, 0.039778, 0.0, 0.0, 0.0, 0.039778, 0.0, 0.039778, -0.039778, 0.039778, -0.079556, 0.039778, 0.079556, -0.119334, 0.039778, 0.039778, 0.039778, -0.039778, 0.079556, 0.039778, -0.039778, -0.039778, 0.0, 0.0, -0.039778, -0.039778, 0.0, -0.079556, 0.039778, 0.0, -0.079556, -0.039778, 0.079556, 0.079556, -0.119334, 0.039778, 0.0, -0.079556, 0.0, 0.0, 0.0, -0.079556, -0.039778, -0.039778, -0.039778, 0.0, 0.0, 0.039778, 0.039778, 0.039778, -0.039778, -0.079556, 0.039778, 0.0, 0.0, 0.039778, 0.079556, 0.159111, 0.0, -0.039778, 0.079556, -0.039778, 0.039778, -0.039778, 0.0, 0.0, 0.0, 0.0, -0.039778, 0.0, 0.079556, -0.039778, 0.039778, 0.0, -0.079556, -0.039778, 0.0, -0.039778, 0.039778, 0.039778, 0.0, 0.119334, 0.079556, -0.079556, 0.039778, 0.039778, 0.079556, 0.039778, 0.079556, -0.039778, 0.119334, 0.039778, -0.079556, -0.079556, 0.079556, 0.0, -0.119334, -0.039778, 0.039778, 0.0, 0.039778, 0.0, 0.0, 0.039778, 0.039778, -0.039778, 0.0, 0.039778, -0.079556, -0.039778, 0.0, 0.039778, 0.0, 0.0, 0.0, 0.0, 0.0, 0.0, 0.0, 0.039778, 0.0, 0.0, -0.079556, 0.119334, 0.0, 0.0, 0.079556, -0.119334, 0.0, -0.039778, 0.0, -0.039778, 0.0, -0.079556, -0.039778, -0.039778, 0.0, 0.0, 0.039778, 0.0, 0.0, 0.039778, 0.159111, 0.079556, 0.0, 0.039778, 0.039778, 0.039778, 0.0, -0.159111, 0.039778, 0.079556, 0.039778, 0.0, 0.0, -0.079556, -0.039778, 0.039778, 0.079556, 0.039778, 0.039778, 0.0, 0.0, 0.039778, -0.039778, -0.039778, 0.0, 0.0, 0.079556, -0.079556, -0.039778, 0.039778, 0.0, 0.0, -0.039778, 0.0, -0.079556, -0.039778, 0.079556, 0.0, -0.039778, 0.0, -0.039778, 0.039778, 0.039778, -0.039778, -0.039778, -0.039778, 0.039778, 0.039778, 0.0, 0.0, -0.079556, 0.0, -0.039778, -0.039778, -0.039778, 0.0, 0.0, 0.0, 0.0, 0.0, -0.039778, 0.0, -0.039778, -0.039778, 0.039778, 0.039778, 0.0, -0.039778, 0.0, -0.079556, -0.039778, -0.039778, -0.079556, 0.039778, -0.039778, 0.039778, -0.119334, 0.0, 0.0, 0.0, 0.039778, -0.039778, 0.079556, 0.0, 0.0, 0.039778, 0.039778, -0.039778, 0.039778, -0.039778, 0.0, 0.0, -0.079556, 0.0, -0.039778, 0.0, 0.0, 0.039778, 0.0, 0.039778, 0.0, 0.0, 0.039778, 0.0, 0.119334, 0.0, 0.0, -0.039778, 0.039778, 0.0, 0.0, 0.039778, -0.039778, -0.039778, 0.0, 0.0, 0.079556, 0.039778, 0.079556, 0.0, 0.0, 0.119334, 0.0, 0.039778, -0.039778, -0.039778, -0.238667, -0.039778, -0.039778, 0.079556, -0.039778, 0.0, 0.079556, -0.039778, -0.039778, 0.0, 0.039778, 0.079556, 0.0, -0.039778, -0.039778]",12,6,6,120,157,0.5551,0.5495,0.5625,0.4449,1.0,0.4952,0.0833,0.5086,2026-09-19T15:26:24
c61b1459-2f72-445f-803a-4252f4a16867,P-624C8AC269,T1,low,medium,google/gemma-4-31b-it,1,Neutral Engagement Agent,"You are at a supermarket in Greece, choosing cheese. You notice both branded options and supermarket own brands. What factors do you consider before deciding?","[0.031311, -0.062622, 0.031311, -0.031311, 0.0, 0.031311, 0.031311, -0.031311, 0.031311, -0.031311, -0.031311, -0.062622, 0.125245, 0.031311, -0.062622, 0.0, -0.031311, 0.031311, -0.031311, -0.031311, 0.031311, 0.031311, -0.093934, -0.031311, -0.031311, -0.031311, 0.0, 0.0, 0.0, 0.031311, 0.0, 0.031311, -0.031311, 0.125245, 0.093934, -0.031311, 0.062622, 0.031311, 0.031311, -0.031311, 0.062622, 0.0, 0.062622, 0.031311, 0.031311, 0.0, 0.0, -0.062622, -0.031311, 0.031311, 0.062622, 0.031311, 0.0, 0.0, 0.0, 0.031311, 0.0, -0.031311, 0.0, -0.031311, -0.031311, 0.031311, 0.062622, 0.0, -0.031311, -0.031311, 0.031311, -0.062622, -0.031311, 0.0, 0.031311, 0.031311, 0.0, -0.031311, 0.031311, 0.031311, 0.0, 0.062622, 0.0, 0.062622, 0.0, 0.093934, 0.0, -0.093934, 0.031311, -0.093934, 0.031311, -0.156556, 0.031311, -0.156556, 0.031311, 0.093934, -0.031311, 0.062622, -0.031311, -0.031311, 0.062622, 0.0, 0.062622, -0.031311, 0.031311, 0.062622, 0.0, -0.031311, 0.062622, -0.062622, -0.031311, -0.031311, 0.031311, 0.0, 0.062622, -0.093934, 0.0, 0.0, -0.062622, 0.031311, -0.031311, -0.031311, -0.093934, 0.0, 0.093934, 0.031311, 0.031311, 0.0, 0.0, 0.031311, -0.031311, -0.031311, -0.031311, 0.062622, 0.0, -0.031311, -0.031311, 0.125245, 0.0, -0.062622, 0.0, 0.0, -0.093934, 0.031311, 0.0, 0.031311, -0.093934, -0.062622, -0.031311, -0.031311, 0.0, 0.0, 0.0, 0.031311, 0.0, -0.062622, -0.062622, 0.0, -0.031311, 0.031311, 0.062622, 0.031311, 0.093934, 0.031311, -0.093934, 0.0, -0.031311, 0.031311, 0.031311, 0.031311, 0.0, 0.031311, 0.0, -0.125245, 0.031311, -0.031311, -0.031311, 0.125245, 0.0, 0.031311, -0.031311, 0.0, 0.031311, 0.125245, -0.031311, 0.0, 0.0, 0.0, 0.0, -0.031311, 0.093934, 0.062622, 0.062622, -0.062622, 0.0, 0.031311, 0.093934, 0.031311, -0.062622, -0.031311, 0.031311, 0.0, 0.0, 0.031311, 0.0, -0.031311, 0.093934, 0.0, -0.031311, 0.0, 0.062622, -0.031311, -0.062622, -0.062622, 0.0, 0.093934, -0.062622, 0.0, 0.031311, -0.031311, -0.031311, 0.031311, -0.062622, 0.062622, 0.062622, 0.0, 0.0, -0.093934, 0.062622, -0.062622, 0.0, 0.219179, -0.125245, 0.031311, -0.031311, 0.031311, 0.031311, 0.062622, 0.187867, -0.031311, 0.031311, -0.062622, -0.062622, -0.031311, 0.0, -0.062622, 0.0, 0.125245, 0.031311, -0.093934, 0.0, 0.031311, 0.031311, 0.0, 0.0, -0.031311, 0.0, -0.062622, -0.062622, 0.031311, -0.062622, -0.031311, -0.031311, 0.093934, -0.031311, 0.062622, 0.031311, 0.031311, 0.062622, -0.125245, -0.062622, -0.031311, -0.031311, 0.093934, 0.0, 0.062622, 0.0, 0.0, 0.0, -0.062622, 0.0, 0.031311, -0.062622, 0.062622, 0.0, 0.0, 0.0, 0.0, -0.031311, 0.031311, -0.031311, 0.031311, -0.031311, 0.0, -0.031311, 0.0, -0.031311, -0.031311, 0.0, 0.0, 0.062622, -0.062622, -0.093934, 0.0, 0.031311, 0.0, 0.0, 0.062622, 0.031311, -0.031311, -0.062622, 0.062622, 0.062622, 0.0, 0.0, -0.093934, -0.062622, -0.031311, 0.0, 0.0, 0.031311, 0.0, 0.031311, 0.0, 0.0, 0.0, 0.031311, 0.031311, -0.093934, 0.062622, -0.031311, 0.031311, 0.0, 0.093934, -0.062622, 0.031311, 0.0, 0.062622, 0.0, -0.093934, 0.0, 0.031311, 0.062622, 0.0, 0.031311, 0.0, 0.031311, 0.0, -0.062622, 0.0, 0.093934, -0.031311, 0.0, 0.0, -0.093934, 0.062622, 0.0, 0.0, -0.031311, -0.031311, 0.031311, 0.031311, -0.062622, 0.031311, 0.031311, 0.031311, 0.031311, -0.031311, 0.0, 0.0, -0.062622, 0.0, 0.0, -0.187867, 0.031311, 0.0, 0.062622, 0.093934, 0.031311, 0.0, -0.031311, -0.062622, 0.031311, 0.031311, 0.031311, 0.031311, 0.031311, -0.031311]",12,6,6,126,164,0.5577,0.5638,0.5404,0.4423,1.0,0.4261,0.0833,0.5034,2026-09-19T15:26:24
ef3a71bf-0564-4ad1-b72c-4056c22dc40c,P-624C8AC269,T1,low,medium,google/gemma-4-31b-it,0,Neutral Engagement Agent,"You are at a supermarket in Greece, choosing cheese. You notice both branded options and supermarket own brands. What factors do you consider before deciding?","[0.031311, -0.062622, 0.031311, -0.031311, 0.0, 0.031311, 0.031311, -0.031311, 0.031311, -0.031311, -0.031311, -0.062622, 0.125245, 0.031311, -0.062622, 0.0, -0.031311, 0.031311, -0.031311, -0.031311, 0.031311, 0.031311, -0.093934, -0.031311, -0.031311, -0.031311, 0.0, 0.0, 0.0, 0.031311, 0.0, 0.031311, -0.031311, 0.125245, 0.093934, -0.031311, 0.062622, 0.031311, 0.031311, -0.031311, 0.062622, 0.0, 0.062622, 0.031311, 0.031311, 0.0, 0.0, -0.062622, -0.031311, 0.031311, 0.062622, 0.031311, 0.0, 0.0, 0.0, 0.031311, 0.0, -0.031311, 0.0, -0.031311, -0.031311, 0.031311, 0.062622, 0.0, -0.031311, -0.031311, 0.031311, -0.062622, -0.031311, 0.0, 0.031311, 0.031311, 0.0, -0.031311, 0.031311, 0.031311, 0.0, 0.062622, 0.0, 0.062622, 0.0, 0.093934, 0.0, -0.093934, 0.031311, -0.093934, 0.031311, -0.156556, 0.031311, -0.156556, 0.031311, 0.093934, -0.031311, 0.062622, -0.031311, -0.031311, 0.062622, 0.0, 0.062622, -0.031311, 0.031311, 0.062622, 0.0, -0.031311, 0.062622, -0.062622, -0.031311, -0.031311, 0.031311, 0.0, 0.062622, -0.093934, 0.0, 0.0, -0.062622, 0.031311, -0.031311, -0.031311, -0.093934, 0.0, 0.093934, 0.031311, 0.031311, 0.0, 0.0, 0.031311, -0.031311, -0.031311, -0.031311, 0.062622, 0.0, -0.031311, -0.031311, 0.125245, 0.0, -0.062622, 0.0, 0.0, -0.093934, 0.031311, 0.0, 0.031311, -0.093934, -0.062622, -0.031311, -0.031311, 0.0, 0.0, 0.0, 0.031311, 0.0, -0.062622, -0.062622, 0.0, -0.031311, 0.031311, 0.062622, 0.031311, 0.093934, 0.031311, -0.093934, 0.0, -0.031311, 0.031311, 0.031311, 0.031311, 0.0, 0.031311, 0.0, -0.125245, 0.031311, -0.031311, -0.031311, 0.125245, 0.0, 0.031311, -0.031311, 0.0, 0.031311, 0.125245, -0.031311, 0.0, 0.0, 0.0, 0.0, -0.031311, 0.093934, 0.062622, 0.062622, -0.062622, 0.0, 0.031311, 0.093934, 0.031311, -0.062622, -0.031311, 0.031311, 0.0, 0.0, 0.031311, 0.0, -0.031311, 0.093934, 0.0, -0.031311, 0.0, 0.062622, -0.031311, -0.062622, -0.062622, 0.0, 0.093934, -0.062622, 0.0, 0.031311, -0.031311, -0.031311, 0.031311, -0.062622, 0.062622, 0.062622, 0.0, 0.0, -0.093934, 0.062622, -0.062622, 0.0, 0.219179, -0.125245, 0.031311, -0.031311, 0.031311, 0.031311, 0.062622, 0.187867, -0.031311, 0.031311, -0.062622, -0.062622, -0.031311, 0.0, -0.062622, 0.0, 0.125245, 0.031311, -0.093934, 0.0, 0.031311, 0.031311, 0.0, 0.0, -0.031311, 0.0, -0.062622, -0.062622, 0.031311, -0.062622, -0.031311, -0.031311, 0.093934, -0.031311, 0.062622, 0.031311, 0.031311, 0.062622, -0.125245, -0.062622, -0.031311, -0.031311, 0.093934, 0.0, 0.062622, 0.0, 0.0, 0.0, -0.062622, 0.0, 0.031311, -0.062622, 0.062622, 0.0, 0.0, 0.0, 0.0, -0.031311, 0.031311, -0.031311, 0.031311, -0.031311, 0.0, -0.031311, 0.0, -0.031311, -0.031311, 0.0, 0.0, 0.062622, -0.062622, -0.093934, 0.0, 0.031311, 0.0, 0.0, 0.062622, 0.031311, -0.031311, -0.062622, 0.062622, 0.062622, 0.0, 0.0, -0.093934, -0.062622, -0.031311, 0.0, 0.0, 0.031311, 0.0, 0.031311, 0.0, 0.0, 0.0, 0.031311, 0.031311, -0.093934, 0.062622, -0.031311, 0.031311, 0.0, 0.093934, -0.062622, 0.031311, 0.0, 0.062622, 0.0, -0.093934, 0.0, 0.031311, 0.062622, 0.0, 0.031311, 0.0, 0.031311, 0.0, -0.062622, 0.0, 0.093934, -0.031311, 0.0, 0.0, -0.093934, 0.062622, 0.0, 0.0, -0.031311, -0.031311, 0.031311, 0.031311, -0.062622, 0.031311, 0.031311, 0.031311, 0.031311, -0.031311, 0.0, 0.0, -0.062622, 0.0, 0.0, -0.187867, 0.031311, 0.0, 0.062622, 0.093934, 0.031311, 0.0, -0.031311, -0.062622, 0.031311, 0.031311, 0.031311, 0.031311, 0.031311, -0.031311]",12,6,6,116,150,0.5585,0.5671,0.5376,0.4415,1.0,0.4563,0.0,0.4902,2026-09-19T15:26:24
fc3d3057-a041-42e9-9d7f-2b8ab4cc4922,P-624C8AC269,T1,low,small,google/gemma-3-4b-it,0,Neutral Engagement Agent,"You are at a supermarket in Greece, choosing cheese. You notice both branded options and supermarket own brands. What factors do you consider before deciding?","[0.031311, -0.062622, 0.031311, -0.031311, 0.0, 0.031311, 0.031311, -0.031311, 0.031311, -0.031311, -0.031311, -0.062622, 0.125245, 0.031311, -0.062622, 0.0, -0.031311, 0.031311, -0.031311, -0.031311, 0.031311, 0.031311, -0.093934, -0.031311, -0.031311, -0.031311, 0.0, 0.0, 0.0, 0.031311, 0.0, 0.031311, -0.031311, 0.125245, 0.093934, -0.031311, 0.062622, 0.031311, 0.031311, -0.031311, 0.062622, 0.0, 0.062622, 0.031311, 0.031311, 0.0, 0.0, -0.062622, -0.031311, 0.031311, 0.062622, 0.031311, 0.0, 0.0, 0.0, 0.031311, 0.0, -0.031311, 0.0, -0.031311, -0.031311, 0.031311, 0.062622, 0.0, -0.031311, -0.031311, 0.031311, -0.062622, -0.031311, 0.0, 0.031311, 0.031311, 0.0, -0.031311, 0.031311, 0.031311, 0.0, 0.062622, 0.0, 0.062622, 0.0, 0.093934, 0.0, -0.093934, 0.031311, -0.093934, 0.031311, -0.156556, 0.031311, -0.156556, 0.031311, 0.093934, -0.031311, 0.062622, -0.031311, -0.031311, 0.062622, 0.0, 0.062622, -0.031311, 0.031311, 0.062622, 0.0, -0.031311, 0.062622, -0.062622, -0.031311, -0.031311, 0.031311, 0.0, 0.062622, -0.093934, 0.0, 0.0, -0.062622, 0.031311, -0.031311, -0.031311, -0.093934, 0.0, 0.093934, 0.031311, 0.031311, 0.0, 0.0, 0.031311, -0.031311, -0.031311, -0.031311, 0.062622, 0.0, -0.031311, -0.031311, 0.125245, 0.0, -0.062622, 0.0, 0.0, -0.093934, 0.031311, 0.0, 0.031311, -0.093934, -0.062622, -0.031311, -0.031311, 0.0, 0.0, 0.0, 0.031311, 0.0, -0.062622, -0.062622, 0.0, -0.031311, 0.031311, 0.062622, 0.031311, 0.093934, 0.031311, -0.093934, 0.0, -0.031311, 0.031311, 0.031311, 0.031311, 0.0, 0.031311, 0.0, -0.125245, 0.031311, -0.031311, -0.031311, 0.125245, 0.0, 0.031311, -0.031311, 0.0, 0.031311, 0.125245, -0.031311, 0.0, 0.0, 0.0, 0.0, -0.031311, 0.093934, 0.062622, 0.062622, -0.062622, 0.0, 0.031311, 0.093934, 0.031311, -0.062622, -0.031311, 0.031311, 0.0, 0.0, 0.031311, 0.0, -0.031311, 0.093934, 0.0, -0.031311, 0.0, 0.062622, -0.031311, -0.062622, -0.062622, 0.0, 0.093934, -0.062622, 0.0, 0.031311, -0.031311, -0.031311, 0.031311, -0.062622, 0.062622, 0.062622, 0.0, 0.0, -0.093934, 0.062622, -0.062622, 0.0, 0.219179, -0.125245, 0.031311, -0.031311, 0.031311, 0.031311, 0.062622, 0.187867, -0.031311, 0.031311, -0.062622, -0.062622, -0.031311, 0.0, -0.062622, 0.0, 0.125245, 0.031311, -0.093934, 0.0, 0.031311, 0.031311, 0.0, 0.0, -0.031311, 0.0, -0.062622, -0.062622, 0.031311, -0.062622, -0.031311, -0.031311, 0.093934, -0.031311, 0.062622, 0.031311, 0.031311, 0.062622, -0.125245, -0.062622, -0.031311, -0.031311, 0.093934, 0.0, 0.062622, 0.0, 0.0, 0.0, -0.062622, 0.0, 0.031311, -0.062622, 0.062622, 0.0, 0.0, 0.0, 0.0, -0.031311, 0.031311, -0.031311, 0.031311, -0.031311, 0.0, -0.031311, 0.0, -0.031311, -0.031311, 0.0, 0.0, 0.062622, -0.062622, -0.093934, 0.0, 0.031311, 0.0, 0.0, 0.062622, 0.031311, -0.031311, -0.062622, 0.062622, 0.062622, 0.0, 0.0, -0.093934, -0.062622, -0.031311, 0.0, 0.0, 0.031311, 0.0, 0.031311, 0.0, 0.0, 0.0, 0.031311, 0.031311, -0.093934, 0.062622, -0.031311, 0.031311, 0.0, 0.093934, -0.062622, 0.031311, 0.0, 0.062622, 0.0, -0.093934, 0.0, 0.031311, 0.062622, 0.0, 0.031311, 0.0, 0.031311, 0.0, -0.062622, 0.0, 0.093934, -0.031311, 0.0, 0.0, -0.093934, 0.062622, 0.0, 0.0, -0.031311, -0.031311, 0.031311, 0.031311, -0.062622, 0.031311, 0.031311, 0.031311, 0.031311, -0.031311, 0.0, 0.0, -0.062622, 0.0, 0.0, -0.187867, 0.031311, 0.0, 0.062622, 0.093934, 0.031311, 0.0, -0.031311, -0.062622, 0.031311, 0.031311, 0.031311, 0.031311, 0.031311, -0.031311]",12,6,6,83,107,0.6029,0.5847,0.5046,0.3971,1.0,0.4861,0.0,0.4864,2026-09-19T15:26:24
023b9e7c-a234-4ab9-924f-478ec106cece,P-645F09EEB6,T8,low,small,google/gemma-3-4b-it,1,Neutral Engagement Agent,You are considering a weekend getaway within Greece. What factors influence your destination choice?,"[0.046324, 0.046324, 0.0, -0.046324, 0.092648, -0.046324, 0.046324, -0.092648, 0.046324, 0.0, -0.092648, -0.046324, 0.046324, -0.046324, 0.0, -0.046324, 0.046324, 0.046324, 0.046324, 0.0, 0.046324, 0.046324, -0.046324, -0.046324, 0.0, 0.0, 0.0, -0.046324, 0.0, 0.046324, -0.092648, 0.0, 0.0, 0.046324, -0.046324, -0.092648, 0.0, -0.046324, 0.046324, 0.0, 0.0, 0.0, 0.0, 0.0, 0.046324, 0.0, 0.0, -0.046324, 0.0, 0.0, 0.046324, -0.138972, 0.0, 0.0, 0.0, 0.0, 0.0, -0.046324, 0.0, -0.092648, 0.0, 0.0, -0.046324, 0.0, 0.0, -0.046324, 0.0, -0.092648, 0.0, -0.092648, 0.046324, 0.0, -0.046324, 0.0, 0.0, 0.046324, 0.138972, 0.046324, 0.092648, 0.046324, -0.046324, 0.0, 0.046324, 0.0, 0.046324, -0.046324, 0.0, 0.0, 0.046324, 0.0, 0.046324, 0.0, -0.046324, 0.0, 0.046324, -0.092648, 0.046324, 0.0, 0.0, 0.092648, 0.0, 0.0, 0.0, -0.046324, 0.0, -0.046324, 0.0, 0.0, 0.0, 0.0, 0.0, -0.092648, 0.0, 0.0, -0.046324, 0.046324, -0.046324, -0.046324, -0.046324, -0.046324, 0.0, -0.046324, 0.0, 0.0, -0.092648, 0.092648, 0.0, 0.0, -0.046324, 0.0, -0.092648, -0.092648, -0.046324, 0.046324, 0.0, -0.092648, 0.046324, -0.046324, -0.092648, 0.0, 0.0, 0.046324, -0.092648, -0.046324, 0.0, -0.046324, 0.046324, 0.0, 0.0, -0.046324, 0.0, -0.092648, 0.046324, 0.0, 0.0, 0.046324, 0.046324, 0.0, 0.092648, 0.092648, -0.185296, 0.092648, 0.0, 0.0, 0.0, 0.0, 0.0, 0.0, 0.046324, -0.046324, -0.046324, -0.046324, 0.0, 0.046324, -0.046324, 0.0, -0.046324, -0.046324, -0.092648, 0.046324, 0.0, 0.0, 0.138972, -0.046324, 0.046324, 0.0, 0.0, 0.138972, 0.046324, -0.046324, -0.046324, 0.046324, 0.046324, 0.0, -0.092648, 0.0, 0.0, 0.0, 0.0, 0.046324, 0.046324, 0.046324, 0.0, -0.046324, 0.0, -0.092648, 0.0, 0.046324, 0.0, -0.138972, 0.0, 0.046324, 0.0, 0.0, 0.0, 0.0, 0.046324, 0.046324, 0.0, 0.092648, 0.0, 0.0, 0.0, -0.092648, -0.046324, 0.0, -0.046324, 0.092648, -0.092648, 0.0, 0.0, 0.0, 0.0, -0.092648, -0.046324, 0.0, 0.0, 0.0, -0.046324, -0.046324, -0.092648, -0.046324, -0.046324, 0.092648, 0.0, 0.092648, -0.046324, 0.0, -0.092648, -0.046324, 0.0, -0.092648, 0.0, -0.046324, -0.092648, 0.046324, -0.185296, -0.092648, 0.092648, 0.0, 0.0, -0.046324, -0.046324, -0.092648, -0.046324, 0.046324, -0.138972, 0.046324, 0.0, 0.138972, -0.092648, 0.046324, -0.046324, -0.046324, 0.0, 0.046324, -0.046324, 0.0, 0.046324, 0.0, 0.0, 0.0, 0.0, 0.0, -0.092648, -0.046324, 0.0, 0.0, 0.0, 0.0, 0.0, -0.092648, 0.0, 0.0, 0.0, -0.046324, -0.046324, 0.046324, 0.046324, 0.0, 0.0, 0.0, 0.046324, 0.092648, -0.046324, -0.092648, 0.0, 0.046324, 0.0, -0.046324, 0.0, -0.046324, -0.092648, 0.0, 0.046324, -0.046324, -0.046324, 0.0, -0.046324, 0.0, 0.0, -0.046324, 0.046324, 0.046324, -0.046324, 0.046324, 0.0, 0.046324, 0.0, -0.046324, -0.092648, 0.0, 0.0, 0.092648, -0.092648, -0.092648, -0.046324, 0.046324, 0.092648, 0.0, 0.046324, 0.0, 0.092648, -0.046324, -0.046324, 0.0, 0.046324, 0.0, 0.0, 0.0, 0.0, -0.046324, 0.0, 0.0, -0.046324, 0.0, 0.0, -0.046324, 0.0, 0.046324, 0.046324, 0.046324, 0.0, 0.0, -0.046324, 0.092648, 0.0, 0.046324, -0.046324, -0.092648, 0.0, -0.046324, 0.046324, 0.0, 0.0, 0.0, -0.046324, -0.046324, -0.046324, -0.046324, 0.0, 0.0, -0.046324, 0.046324]",12,6,6,106,140,0.5432,0.5279,0.4999,0.4568,1.0,0.4,0.3333,0.5293,2026-09-20T08:57:05
1d97cfc6-f543-4d9d-9280-c7dbef402a04,P-645F09EEB6,T8,low,small,google/gemma-3-4b-it,1,Neutral Engagement Agent,You have a few free days and are thinking about visiting a place in Greece you have never been before. How do you choose where to go?,"[0.05712, -0.05712, -0.02856, -0.05712, 0.02856, 0.0, 0.0, -0.114239, 0.02856, 0.0, 0.02856, 0.05712, 0.085679, 0.0, 0.02856, 0.0, -0.02856, 0.05712, 0.0, 0.0, 0.02856, -0.02856, -0.05712, -0.02856, -0.05712, 0.085679, 0.0, 0.0, -0.02856, 0.05712, -0.02856, 0.02856, -0.02856, 0.085679, 0.085679, -0.085679, 0.02856, 0.02856, 0.05712, -0.02856, 0.0, 0.0, 0.0, -0.085679, -0.02856, -0.05712, 0.0, 0.0, 0.0, -0.02856, 0.05712, 0.0, 0.0, -0.02856, 0.0, -0.02856, 0.0, 0.02856, 0.0, -0.02856, 0.02856, 0.0, -0.02856, 0.0, 0.02856, 0.0, 0.02856, -0.05712, 0.0, 0.0, 0.0, 0.0, 0.0, 0.02856, 0.02856, 0.0, 0.0, 0.05712, 0.0, 0.05712, 0.0, 0.142799, 0.0, -0.05712, -0.02856, -0.085679, 0.0, -0.142799, 0.02856, -0.085679, 0.02856, -0.05712, 0.0, 0.0, -0.02856, -0.085679, 0.085679, 0.0, -0.02856, -0.05712, 0.0, -0.05712, 0.0, 0.085679, 0.0, -0.02856, 0.0, 0.0, 0.02856, 0.0, 0.0, -0.05712, 0.02856, 0.05712, -0.085679, 0.02856, -0.02856, 0.0, -0.02856, 0.0, 0.02856, -0.05712, -0.05712, 0.0, 0.05712, 0.0, 0.02856, -0.02856, 0.0, 0.085679, -0.02856, 0.05712, 0.0, 0.199918, 0.0, -0.05712, 0.0, -0.02856, 0.0, -0.02856, -0.02856, 0.02856, -0.05712, -0.085679, 0.0, -0.02856, 0.0, -0.02856, 0.05712, 0.02856, -0.02856, -0.114239, 0.02856, -0.02856, 0.02856, 0.05712, 0.0, 0.05712, 0.114239, 0.0, 0.02856, 0.085679, -0.02856, 0.114239, -0.171359, 0.085679, 0.0, 0.0, 0.0, 0.0, 0.0, 0.05712, -0.085679, 0.142799, 0.05712, 0.02856, 0.02856, -0.085679, 0.02856, 0.02856, 0.05712, -0.05712, 0.171359, 0.0, 0.02856, 0.0, 0.05712, 0.05712, 0.0, 0.085679, 0.05712, 0.05712, 0.05712, 0.05712, -0.142799, 0.05712, 0.05712, 0.0, 0.0, 0.05712, 0.02856, 0.085679, -0.02856, 0.0, -0.02856, 0.02856, 0.05712, -0.02856, -0.02856, -0.142799, 0.02856, 0.02856, 0.085679, -0.02856, 0.05712, 0.05712, 0.0, 0.05712, -0.02856, 0.0, -0.02856, -0.02856, 0.0, -0.05712, 0.02856, 0.02856, -0.05712, 0.114239, -0.114239, 0.02856, 0.0, 0.02856, 0.0, 0.0, 0.02856, -0.02856, -0.02856, 0.02856, 0.0, -0.085679, -0.02856, 0.0, 0.02856, 0.171359, 0.114239, 0.02856, 0.02856, -0.02856, 0.05712, 0.02856, -0.02856, 0.0, 0.085679, 0.0, 0.0, 0.02856, -0.085679, -0.114239, 0.0, 0.085679, 0.02856, -0.05712, -0.02856, 0.02856, 0.02856, 0.0, 0.02856, 0.02856, 0.05712, 0.02856, -0.02856, 0.05712, 0.05712, -0.02856, 0.05712, 0.02856, 0.05712, -0.02856, -0.114239, 0.02856, -0.114239, 0.0, 0.0, -0.02856, 0.0, 0.05712, 0.0, -0.02856, -0.05712, 0.0, -0.02856, -0.05712, -0.02856, 0.02856, -0.02856, -0.05712, 0.0, 0.0, -0.02856, 0.0, -0.02856, -0.02856, 0.02856, 0.114239, 0.0, -0.02856, 0.02856, 0.02856, 0.02856, 0.02856, 0.0, 0.02856, -0.085679, 0.0, 0.05712, -0.05712, 0.0, -0.02856, 0.0, 0.02856, 0.0, 0.0, 0.05712, 0.085679, -0.05712, 0.085679, -0.05712, 0.0, 0.0, 0.0, -0.114239, 0.02856, 0.0, -0.02856, 0.02856, -0.02856, 0.05712, 0.0, 0.0, 0.02856, 0.0, 0.02856, 0.0, 0.02856, -0.02856, -0.02856, 0.02856, -0.02856, 0.0, -0.05712, -0.02856, 0.05712, -0.02856, 0.0, -0.05712, -0.02856, 0.02856, 0.0, 0.02856, 0.02856, 0.085679, 0.0, 0.0, 0.0, -0.02856, 0.02856, -0.02856, 0.0, 0.0, -0.199918, 0.05712, 0.0, 0.05712, 0.0, 0.05712, 0.02856, -0.05712, 0.05712, 0.05712, 0.05712, 0.02856, 0.0, 0.0, -0.02856]",12,6,6,97,125,0.5301,0.5241,0.5444,0.4699,1.0,0.4368,0.1667,0.5141,2026-09-20T09:00:09
298fee82-c163-4f00-b23d-d248bcfd9829,P-645F09EEB6,T8,low,medium,google/gemma-4-31b-it,1,Neutral Engagement Agent,You are considering a weekend getaway within Greece. What factors influence your destination choice?,"[0.046324, 0.046324, 0.0, -0.046324, 0.092648, -0.046324, 0.046324, -0.092648, 0.046324, 0.0, -0.092648, -0.046324, 0.046324, -0.046324, 0.0, -0.046324, 0.046324, 0.046324, 0.046324, 0.0, 0.046324, 0.046324, -0.046324, -0.046324, 0.0, 0.0, 0.0, -0.046324, 0.0, 0.046324, -0.092648, 0.0, 0.0, 0.046324, -0.046324, -0.092648, 0.0, -0.046324, 0.046324, 0.0, 0.0, 0.0, 0.0, 0.0, 0.046324, 0.0, 0.0, -0.046324, 0.0, 0.0, 0.046324, -0.138972, 0.0, 0.0, 0.0, 0.0, 0.0, -0.046324, 0.0, -0.092648, 0.0, 0.0, -0.046324, 0.0, 0.0, -0.046324, 0.0, -0.092648, 0.0, -0.092648, 0.046324, 0.0, -0.046324, 0.0, 0.0, 0.046324, 0.138972, 0.046324, 0.092648, 0.046324, -0.046324, 0.0, 0.046324, 0.0, 0.046324, -0.046324, 0.0, 0.0, 0.046324, 0.0, 0.046324, 0.0, -0.046324, 0.0, 0.046324, -0.092648, 0.046324, 0.0, 0.0, 0.092648, 0.0, 0.0, 0.0, -0.046324, 0.0, -0.046324, 0.0, 0.0, 0.0, 0.0, 0.0, -0.092648, 0.0, 0.0, -0.046324, 0.046324, -0.046324, -0.046324, -0.046324, -0.046324, 0.0, -0.046324, 0.0, 0.0, -0.092648, 0.092648, 0.0, 0.0, -0.046324, 0.0, -0.092648, -0.092648, -0.046324, 0.046324, 0.0, -0.092648, 0.046324, -0.046324, -0.092648, 0.0, 0.0, 0.046324, -0.092648, -0.046324, 0.0, -0.046324, 0.046324, 0.0, 0.0, -0.046324, 0.0, -0.092648, 0.046324, 0.0, 0.0, 0.046324, 0.046324, 0.0, 0.092648, 0.092648, -0.185296, 0.092648, 0.0, 0.0, 0.0, 0.0, 0.0, 0.0, 0.046324, -0.046324, -0.046324, -0.046324, 0.0, 0.046324, -0.046324, 0.0, -0.046324, -0.046324, -0.092648, 0.046324, 0.0, 0.0, 0.138972, -0.046324, 0.046324, 0.0, 0.0, 0.138972, 0.046324, -0.046324, -0.046324, 0.046324, 0.046324, 0.0, -0.092648, 0.0, 0.0, 0.0, 0.0, 0.046324, 0.046324, 0.046324, 0.0, -0.046324, 0.0, -0.092648, 0.0, 0.046324, 0.0, -0.138972, 0.0, 0.046324, 0.0, 0.0, 0.0, 0.0, 0.046324, 0.046324, 0.0, 0.092648, 0.0, 0.0, 0.0, -0.092648, -0.046324, 0.0, -0.046324, 0.092648, -0.092648, 0.0, 0.0, 0.0, 0.0, -0.092648, -0.046324, 0.0, 0.0, 0.0, -0.046324, -0.046324, -0.092648, -0.046324, -0.046324, 0.092648, 0.0, 0.092648, -0.046324, 0.0, -0.092648, -0.046324, 0.0, -0.092648, 0.0, -0.046324, -0.092648, 0.046324, -0.185296, -0.092648, 0.092648, 0.0, 0.0, -0.046324, -0.046324, -0.092648, -0.046324, 0.046324, -0.138972, 0.046324, 0.0, 0.138972, -0.092648, 0.046324, -0.046324, -0.046324, 0.0, 0.046324, -0.046324, 0.0, 0.046324, 0.0, 0.0, 0.0, 0.0, 0.0, -0.092648, -0.046324, 0.0, 0.0, 0.0, 0.0, 0.0, -0.092648, 0.0, 0.0, 0.0, -0.046324, -0.046324, 0.046324, 0.046324, 0.0, 0.0, 0.0, 0.046324, 0.092648, -0.046324, -0.092648, 0.0, 0.046324, 0.0, -0.046324, 0.0, -0.046324, -0.092648, 0.0, 0.046324, -0.046324, -0.046324, 0.0, -0.046324, 0.0, 0.0, -0.046324, 0.046324, 0.046324, -0.046324, 0.046324, 0.0, 0.046324, 0.0, -0.046324, -0.092648, 0.0, 0.0, 0.092648, -0.092648, -0.092648, -0.046324, 0.046324, 0.092648, 0.0, 0.046324, 0.0, 0.092648, -0.046324, -0.046324, 0.0, 0.046324, 0.0, 0.0, 0.0, 0.0, -0.046324, 0.0, 0.0, -0.046324, 0.0, 0.0, -0.046324, 0.0, 0.046324, 0.046324, 0.046324, 0.0, 0.0, -0.046324, 0.092648, 0.0, 0.046324, -0.046324, -0.092648, 0.0, -0.046324, 0.046324, 0.0, 0.0, 0.0, -0.046324, -0.046324, -0.046324, -0.046324, 0.0, 0.0, -0.046324, 0.046324]",12,6,6,213,278,0.5601,0.5753,0.5411,0.4399,1.0,0.7375,0.0,0.4913,2026-09-20T09:37:00
2c7a151d-0d00-4565-9dbe-727b698d90c6,P-645F09EEB6,T4,high,small,google/gemma-3-4b-it,1,Neutral Engagement Agent,Think about a typical weekday evening after returning from work or university. How do you usually spend that time?,"[-0.038691, 0.0, 0.038691, -0.038691, -0.038691, 0.0, 0.038691, -0.038691, 0.038691, -0.038691, 0.0, 0.0, 0.038691, 0.038691, 0.0, -0.038691, 0.0, 0.038691, -0.038691, 0.0, 0.0, 0.038691, 0.0, -0.116073, -0.038691, 0.0, 0.0, 0.0, 0.0, 0.116073, 0.0, 0.0, 0.0, 0.116073, 0.038691, -0.077382, 0.0, 0.077382, 0.0, 0.077382, 0.0, 0.0, 0.038691, -0.077382, 0.0, -0.116073, 0.077382, -0.038691, -0.077382, 0.0, 0.038691, 0.077382, 0.038691, 0.077382, 0.077382, 0.038691, 0.0, -0.038691, 0.038691, 0.038691, -0.077382, 0.0, -0.038691, 0.0, 0.0, 0.0, 0.0, 0.0, 0.038691, -0.038691, -0.077382, 0.0, -0.038691, 0.116073, 0.0, 0.0, 0.0, -0.077382, 0.077382, -0.077382, 0.0, 0.038691, 0.038691, 0.077382, 0.077382, -0.077382, 0.077382, -0.077382, 0.0, -0.154765, 0.038691, 0.116073, 0.0, 0.0, -0.038691, -0.038691, 0.0, 0.0, -0.038691, -0.038691, 0.038691, -0.038691, 0.0, -0.038691, 0.038691, -0.038691, 0.0, -0.038691, -0.077382, -0.038691, 0.038691, -0.038691, 0.0, 0.077382, -0.116073, 0.038691, 0.0, 0.038691, -0.038691, -0.038691, 0.0, -0.038691, -0.116073, 0.0, -0.038691, 0.0, -0.038691, -0.038691, 0.0, 0.0, -0.038691, 0.0, 0.0, 0.077382, -0.077382, -0.038691, 0.077382, -0.038691, 0.038691, 0.0, -0.077382, 0.0, -0.077382, 0.0, -0.038691, 0.0, 0.0, 0.0, 0.0, -0.077382, 0.0, -0.232147, 0.038691, 0.038691, -0.038691, 0.038691, 0.0, 0.038691, 0.038691, -0.077382, 0.0, 0.038691, 0.0, 0.0, 0.038691, 0.0, 0.038691, 0.038691, 0.0, -0.116073, -0.038691, 0.0, 0.038691, 0.077382, 0.0, 0.0, 0.0, -0.038691, -0.077382, 0.077382, -0.038691, 0.0, 0.038691, -0.038691, -0.077382, -0.077382, 0.0, 0.038691, 0.0, 0.0, 0.0, 0.038691, 0.077382, 0.0, -0.077382, 0.038691, 0.038691, 0.038691, 0.0, 0.0, -0.038691, 0.038691, 0.0, -0.038691, 0.038691, 0.0, 0.0, -0.077382, 0.0, -0.116073, 0.077382, 0.038691, -0.038691, 0.077382, 0.0, 0.038691, 0.0, -0.038691, 0.0, 0.038691, 0.0, 0.0, 0.038691, -0.038691, -0.038691, -0.038691, 0.038691, 0.038691, 0.038691, 0.038691, -0.038691, 0.0, -0.077382, -0.038691, -0.038691, 0.0, 0.038691, -0.038691, 0.0, 0.038691, -0.038691, 0.038691, 0.0, 0.154765, 0.038691, 0.038691, -0.038691, -0.038691, 0.0, 0.0, 0.038691, -0.038691, 0.038691, 0.077382, 0.0, 0.0, 0.038691, -0.077382, -0.116073, 0.0, 0.0, 0.0, 0.0, 0.038691, 0.0, -0.116073, -0.038691, 0.0, 0.0, 0.077382, -0.038691, 0.038691, 0.038691, 0.038691, 0.0, 0.038691, -0.038691, -0.038691, -0.116073, 0.077382, 0.0, -0.077382, 0.0, -0.077382, -0.038691, 0.038691, 0.0, 0.0, -0.038691, 0.038691, 0.0, 0.0, 0.0, 0.077382, -0.038691, 0.0, -0.038691, 0.038691, -0.038691, 0.038691, -0.038691, 0.038691, -0.077382, 0.038691, 0.077382, 0.0, 0.0, 0.116073, 0.077382, 0.0, -0.038691, 0.038691, -0.038691, 0.0, 0.0, 0.038691, -0.038691, 0.077382, 0.038691, 0.038691, 0.0, -0.116073, 0.077382, 0.0, -0.116073, -0.077382, -0.038691, -0.077382, 0.038691, 0.077382, -0.077382, -0.038691, 0.0, 0.038691, 0.077382, -0.077382, 0.0, 0.0, -0.038691, 0.0, 0.0, -0.038691, -0.038691, 0.0, 0.038691, -0.038691, -0.038691, 0.0, 0.077382, -0.077382, 0.077382, 0.038691, -0.077382, 0.0, -0.038691, -0.077382, 0.077382, 0.0, 0.038691, 0.038691, 0.116073, -0.077382, 0.0, 0.0, -0.038691, 0.0, -0.038691, 0.0, 0.038691, -0.116073, 0.077382, -0.038691, 0.038691, -0.077382, -0.038691, 0.0, 0.0, 0.077382, -0.077382, -0.077382, 0.0, -0.038691, -0.038691, -0.038691]",12,6,6,96,126,0.5204,0.5454,0.5241,0.4796,1.0,0.3548,0.0833,0.4956,2026-09-20T09:03:13
39c957b2-5cb4-4ef5-b31f-bb4694122c52,P-645F09EEB6,T4,high,medium,google/gemma-4-31b-it,0,Neutral Engagement Agent,Think about a typical weekday evening after returning from work or university. How do you usually spend that time?,"[-0.038691, 0.0, 0.038691, -0.038691, -0.038691, 0.0, 0.038691, -0.038691, 0.038691, -0.038691, 0.0, 0.0, 0.038691, 0.038691, 0.0, -0.038691, 0.0, 0.038691, -0.038691, 0.0, 0.0, 0.038691, 0.0, -0.116073, -0.038691, 0.0, 0.0, 0.0, 0.0, 0.116073, 0.0, 0.0, 0.0, 0.116073, 0.038691, -0.077382, 0.0, 0.077382, 0.0, 0.077382, 0.0, 0.0, 0.038691, -0.077382, 0.0, -0.116073, 0.077382, -0.038691, -0.077382, 0.0, 0.038691, 0.077382, 0.038691, 0.077382, 0.077382, 0.038691, 0.0, -0.038691, 0.038691, 0.038691, -0.077382, 0.0, -0.038691, 0.0, 0.0, 0.0, 0.0, 0.0, 0.038691, -0.038691, -0.077382, 0.0, -0.038691, 0.116073, 0.0, 0.0, 0.0, -0.077382, 0.077382, -0.077382, 0.0, 0.038691, 0.038691, 0.077382, 0.077382, -0.077382, 0.077382, -0.077382, 0.0, -0.154765, 0.038691, 0.116073, 0.0, 0.0, -0.038691, -0.038691, 0.0, 0.0, -0.038691, -0.038691, 0.038691, -0.038691, 0.0, -0.038691, 0.038691, -0.038691, 0.0, -0.038691, -0.077382, -0.038691, 0.038691, -0.038691, 0.0, 0.077382, -0.116073, 0.038691, 0.0, 0.038691, -0.038691, -0.038691, 0.0, -0.038691, -0.116073, 0.0, -0.038691, 0.0, -0.038691, -0.038691, 0.0, 0.0, -0.038691, 0.0, 0.0, 0.077382, -0.077382, -0.038691, 0.077382, -0.038691, 0.038691, 0.0, -0.077382, 0.0, -0.077382, 0.0, -0.038691, 0.0, 0.0, 0.0, 0.0, -0.077382, 0.0, -0.232147, 0.038691, 0.038691, -0.038691, 0.038691, 0.0, 0.038691, 0.038691, -0.077382, 0.0, 0.038691, 0.0, 0.0, 0.038691, 0.0, 0.038691, 0.038691, 0.0, -0.116073, -0.038691, 0.0, 0.038691, 0.077382, 0.0, 0.0, 0.0, -0.038691, -0.077382, 0.077382, -0.038691, 0.0, 0.038691, -0.038691, -0.077382, -0.077382, 0.0, 0.038691, 0.0, 0.0, 0.0, 0.038691, 0.077382, 0.0, -0.077382, 0.038691, 0.038691, 0.038691, 0.0, 0.0, -0.038691, 0.038691, 0.0, -0.038691, 0.038691, 0.0, 0.0, -0.077382, 0.0, -0.116073, 0.077382, 0.038691, -0.038691, 0.077382, 0.0, 0.038691, 0.0, -0.038691, 0.0, 0.038691, 0.0, 0.0, 0.038691, -0.038691, -0.038691, -0.038691, 0.038691, 0.038691, 0.038691, 0.038691, -0.038691, 0.0, -0.077382, -0.038691, -0.038691, 0.0, 0.038691, -0.038691, 0.0, 0.038691, -0.038691, 0.038691, 0.0, 0.154765, 0.038691, 0.038691, -0.038691, -0.038691, 0.0, 0.0, 0.038691, -0.038691, 0.038691, 0.077382, 0.0, 0.0, 0.038691, -0.077382, -0.116073, 0.0, 0.0, 0.0, 0.0, 0.038691, 0.0, -0.116073, -0.038691, 0.0, 0.0, 0.077382, -0.038691, 0.038691, 0.038691, 0.038691, 0.0, 0.038691, -0.038691, -0.038691, -0.116073, 0.077382, 0.0, -0.077382, 0.0, -0.077382, -0.038691, 0.038691, 0.0, 0.0, -0.038691, 0.038691, 0.0, 0.0, 0.0, 0.077382, -0.038691, 0.0, -0.038691, 0.038691, -0.038691, 0.038691, -0.038691, 0.038691, -0.077382, 0.038691, 0.077382, 0.0, 0.0, 0.116073, 0.077382, 0.0, -0.038691, 0.038691, -0.038691, 0.0, 0.0, 0.038691, -0.038691, 0.077382, 0.038691, 0.038691, 0.0, -0.116073, 0.077382, 0.0, -0.116073, -0.077382, -0.038691, -0.077382, 0.038691, 0.077382, -0.077382, -0.038691, 0.0, 0.038691, 0.077382, -0.077382, 0.0, 0.0, -0.038691, 0.0, 0.0, -0.038691, -0.038691, 0.0, 0.038691, -0.038691, -0.038691, 0.0, 0.077382, -0.077382, 0.077382, 0.038691, -0.077382, 0.0, -0.038691, -0.077382, 0.077382, 0.0, 0.038691, 0.038691, 0.116073, -0.077382, 0.0, 0.0, -0.038691, 0.0, -0.038691, 0.0, 0.038691, -0.116073, 0.077382, -0.038691, 0.038691, -0.077382, -0.038691, 0.0, 0.0, 0.077382, -0.077382, -0.077382, 0.0, -0.038691, -0.038691, -0.038691]",12,6,6,221,289,0.5496,0.5703,0.5337,0.4504,1.0,0.7,0.0,0.4884,2026-09-20T09:51:25
43e8331b-f6ef-4d26-af9b-c4d97b3f31b6,P-645F09EEB6,T8,low,small,google/gemma-3-4b-it,0,Neutral Engagement Agent,You are considering a weekend getaway within Greece. What factors influence your destination choice?,"[0.046324, 0.046324, 0.0, -0.046324, 0.092648, -0.046324, 0.046324, -0.092648, 0.046324, 0.0, -0.092648, -0.046324, 0.046324, -0.046324, 0.0, -0.046324, 0.046324, 0.046324, 0.046324, 0.0, 0.046324, 0.046324, -0.046324, -0.046324, 0.0, 0.0, 0.0, -0.046324, 0.0, 0.046324, -0.092648, 0.0, 0.0, 0.046324, -0.046324, -0.092648, 0.0, -0.046324, 0.046324, 0.0, 0.0, 0.0, 0.0, 0.0, 0.046324, 0.0, 0.0, -0.046324, 0.0, 0.0, 0.046324, -0.138972, 0.0, 0.0, 0.0, 0.0, 0.0, -0.046324, 0.0, -0.092648, 0.0, 0.0, -0.046324, 0.0, 0.0, -0.046324, 0.0, -0.092648, 0.0, -0.092648, 0.046324, 0.0, -0.046324, 0.0, 0.0, 0.046324, 0.138972, 0.046324, 0.092648, 0.046324, -0.046324, 0.0, 0.046324, 0.0, 0.046324, -0.046324, 0.0, 0.0, 0.046324, 0.0, 0.046324, 0.0, -0.046324, 0.0, 0.046324, -0.092648, 0.046324, 0.0, 0.0, 0.092648, 0.0, 0.0, 0.0, -0.046324, 0.0, -0.046324, 0.0, 0.0, 0.0, 0.0, 0.0, -0.092648, 0.0, 0.0, -0.046324, 0.046324, -0.046324, -0.046324, -0.046324, -0.046324, 0.0, -0.046324, 0.0, 0.0, -0.092648, 0.092648, 0.0, 0.0, -0.046324, 0.0, -0.092648, -0.092648, -0.046324, 0.046324, 0.0, -0.092648, 0.046324, -0.046324, -0.092648, 0.0, 0.0, 0.046324, -0.092648, -0.046324, 0.0, -0.046324, 0.046324, 0.0, 0.0, -0.046324, 0.0, -0.092648, 0.046324, 0.0, 0.0, 0.046324, 0.046324, 0.0, 0.092648, 0.092648, -0.185296, 0.092648, 0.0, 0.0, 0.0, 0.0, 0.0, 0.0, 0.046324, -0.046324, -0.046324, -0.046324, 0.0, 0.046324, -0.046324, 0.0, -0.046324, -0.046324, -0.092648, 0.046324, 0.0, 0.0, 0.138972, -0.046324, 0.046324, 0.0, 0.0, 0.138972, 0.046324, -0.046324, -0.046324, 0.046324, 0.046324, 0.0, -0.092648, 0.0, 0.0, 0.0, 0.0, 0.046324, 0.046324, 0.046324, 0.0, -0.046324, 0.0, -0.092648, 0.0, 0.046324, 0.0, -0.138972, 0.0, 0.046324, 0.0, 0.0, 0.0, 0.0, 0.046324, 0.046324, 0.0, 0.092648, 0.0, 0.0, 0.0, -0.092648, -0.046324, 0.0, -0.046324, 0.092648, -0.092648, 0.0, 0.0, 0.0, 0.0, -0.092648, -0.046324, 0.0, 0.0, 0.0, -0.046324, -0.046324, -0.092648, -0.046324, -0.046324, 0.092648, 0.0, 0.092648, -0.046324, 0.0, -0.092648, -0.046324, 0.0, -0.092648, 0.0, -0.046324, -0.092648, 0.046324, -0.185296, -0.092648, 0.092648, 0.0, 0.0, -0.046324, -0.046324, -0.092648, -0.046324, 0.046324, -0.138972, 0.046324, 0.0, 0.138972, -0.092648, 0.046324, -0.046324, -0.046324, 0.0, 0.046324, -0.046324, 0.0, 0.046324, 0.0, 0.0, 0.0, 0.0, 0.0, -0.092648, -0.046324, 0.0, 0.0, 0.0, 0.0, 0.0, -0.092648, 0.0, 0.0, 0.0, -0.046324, -0.046324, 0.046324, 0.046324, 0.0, 0.0, 0.0, 0.046324, 0.092648, -0.046324, -0.092648, 0.0, 0.046324, 0.0, -0.046324, 0.0, -0.046324, -0.092648, 0.0, 0.046324, -0.046324, -0.046324, 0.0, -0.046324, 0.0, 0.0, -0.046324, 0.046324, 0.046324, -0.046324, 0.046324, 0.0, 0.046324, 0.0, -0.046324, -0.092648, 0.0, 0.0, 0.092648, -0.092648, -0.092648, -0.046324, 0.046324, 0.092648, 0.0, 0.046324, 0.0, 0.092648, -0.046324, -0.046324, 0.0, 0.046324, 0.0, 0.0, 0.0, 0.0, -0.046324, 0.0, 0.0, -0.046324, 0.0, 0.0, -0.046324, 0.0, 0.046324, 0.046324, 0.046324, 0.0, 0.0, -0.046324, 0.092648, 0.0, 0.046324, -0.046324, -0.092648, 0.0, -0.046324, 0.046324, 0.0, 0.0, 0.0, -0.046324, -0.046324, -0.046324, -0.046324, 0.0, 0.0, -0.046324, 0.046324]",12,6,6,92,119,0.505,0.5249,0.5126,0.495,1.0,0.6528,0.0833,0.4911,2026-09-20T09:10:22
45d376fe-01ee-4dd6-b017-bdb3bc8131f9,P-645F09EEB6,T8,low,small,google/gemma-3-4b-it,0,Neutral Engagement Agent,You have a few free days and are thinking about visiting a place in Greece you have never been before. How do you choose where to go?,"[0.05712, -0.05712, -0.02856, -0.05712, 0.02856, 0.0, 0.0, -0.114239, 0.02856, 0.0, 0.02856, 0.05712, 0.085679, 0.0, 0.02856, 0.0, -0.02856, 0.05712, 0.0, 0.0, 0.02856, -0.02856, -0.05712, -0.02856, -0.05712, 0.085679, 0.0, 0.0, -0.02856, 0.05712, -0.02856, 0.02856, -0.02856, 0.085679, 0.085679, -0.085679, 0.02856, 0.02856, 0.05712, -0.02856, 0.0, 0.0, 0.0, -0.085679, -0.02856, -0.05712, 0.0, 0.0, 0.0, -0.02856, 0.05712, 0.0, 0.0, -0.02856, 0.0, -0.02856, 0.0, 0.02856, 0.0, -0.02856, 0.02856, 0.0, -0.02856, 0.0, 0.02856, 0.0, 0.02856, -0.05712, 0.0, 0.0, 0.0, 0.0, 0.0, 0.02856, 0.02856, 0.0, 0.0, 0.05712, 0.0, 0.05712, 0.0, 0.142799, 0.0, -0.05712, -0.02856, -0.085679, 0.0, -0.142799, 0.02856, -0.085679, 0.02856, -0.05712, 0.0, 0.0, -0.02856, -0.085679, 0.085679, 0.0, -0.02856, -0.05712, 0.0, -0.05712, 0.0, 0.085679, 0.0, -0.02856, 0.0, 0.0, 0.02856, 0.0, 0.0, -0.05712, 0.02856, 0.05712, -0.085679, 0.02856, -0.02856, 0.0, -0.02856, 0.0, 0.02856, -0.05712, -0.05712, 0.0, 0.05712, 0.0, 0.02856, -0.02856, 0.0, 0.085679, -0.02856, 0.05712, 0.0, 0.199918, 0.0, -0.05712, 0.0, -0.02856, 0.0, -0.02856, -0.02856, 0.02856, -0.05712, -0.085679, 0.0, -0.02856, 0.0, -0.02856, 0.05712, 0.02856, -0.02856, -0.114239, 0.02856, -0.02856, 0.02856, 0.05712, 0.0, 0.05712, 0.114239, 0.0, 0.02856, 0.085679, -0.02856, 0.114239, -0.171359, 0.085679, 0.0, 0.0, 0.0, 0.0, 0.0, 0.05712, -0.085679, 0.142799, 0.05712, 0.02856, 0.02856, -0.085679, 0.02856, 0.02856, 0.05712, -0.05712, 0.171359, 0.0, 0.02856, 0.0, 0.05712, 0.05712, 0.0, 0.085679, 0.05712, 0.05712, 0.05712, 0.05712, -0.142799, 0.05712, 0.05712, 0.0, 0.0, 0.05712, 0.02856, 0.085679, -0.02856, 0.0, -0.02856, 0.02856, 0.05712, -0.02856, -0.02856, -0.142799, 0.02856, 0.02856, 0.085679, -0.02856, 0.05712, 0.05712, 0.0, 0.05712, -0.02856, 0.0, -0.02856, -0.02856, 0.0, -0.05712, 0.02856, 0.02856, -0.05712, 0.114239, -0.114239, 0.02856, 0.0, 0.02856, 0.0, 0.0, 0.02856, -0.02856, -0.02856, 0.02856, 0.0, -0.085679, -0.02856, 0.0, 0.02856, 0.171359, 0.114239, 0.02856, 0.02856, -0.02856, 0.05712, 0.02856, -0.02856, 0.0, 0.085679, 0.0, 0.0, 0.02856, -0.085679, -0.114239, 0.0, 0.085679, 0.02856, -0.05712, -0.02856, 0.02856, 0.02856, 0.0, 0.02856, 0.02856, 0.05712, 0.02856, -0.02856, 0.05712, 0.05712, -0.02856, 0.05712, 0.02856, 0.05712, -0.02856, -0.114239, 0.02856, -0.114239, 0.0, 0.0, -0.02856, 0.0, 0.05712, 0.0, -0.02856, -0.05712, 0.0, -0.02856, -0.05712, -0.02856, 0.02856, -0.02856, -0.05712, 0.0, 0.0, -0.02856, 0.0, -0.02856, -0.02856, 0.02856, 0.114239, 0.0, -0.02856, 0.02856, 0.02856, 0.02856, 0.02856, 0.0, 0.02856, -0.085679, 0.0, 0.05712, -0.05712, 0.0, -0.02856, 0.0, 0.02856, 0.0, 0.0, 0.05712, 0.085679, -0.05712, 0.085679, -0.05712, 0.0, 0.0, 0.0, -0.114239, 0.02856, 0.0, -0.02856, 0.02856, -0.02856, 0.05712, 0.0, 0.0, 0.02856, 0.0, 0.02856, 0.0, 0.02856, -0.02856, -0.02856, 0.02856, -0.02856, 0.0, -0.05712, -0.02856, 0.05712, -0.02856, 0.0, -0.05712, -0.02856, 0.02856, 0.0, 0.02856, 0.02856, 0.085679, 0.0, 0.0, 0.0, -0.02856, 0.02856, -0.02856, 0.0, 0.0, -0.199918, 0.05712, 0.0, 0.05712, 0.0, 0.05712, 0.02856, -0.05712, 0.05712, 0.05712, 0.05712, 0.02856, 0.0, 0.0, -0.02856]",12,6,6,94,120,0.5208,0.5449,0.5492,0.4792,1.0,0.4815,0.0833,0.5019,2026-09-20T09:08:05
548d1e21-78b7-44d8-a349-ed05de0948a2,P-645F09EEB6,T4,high,small,google/gemma-3-4b-it,0,Neutral Engagement Agent,Think about a typical weekday evening after returning from work or university. How do you usually spend that time?,"[-0.038691, 0.0, 0.038691, -0.038691, -0.038691, 0.0, 0.038691, -0.038691, 0.038691, -0.038691, 0.0, 0.0, 0.038691, 0.038691, 0.0, -0.038691, 0.0, 0.038691, -0.038691, 0.0, 0.0, 0.038691, 0.0, -0.116073, -0.038691, 0.0, 0.0, 0.0, 0.0, 0.116073, 0.0, 0.0, 0.0, 0.116073, 0.038691, -0.077382, 0.0, 0.077382, 0.0, 0.077382, 0.0, 0.0, 0.038691, -0.077382, 0.0, -0.116073, 0.077382, -0.038691, -0.077382, 0.0, 0.038691, 0.077382, 0.038691, 0.077382, 0.077382, 0.038691, 0.0, -0.038691, 0.038691, 0.038691, -0.077382, 0.0, -0.038691, 0.0, 0.0, 0.0, 0.0, 0.0, 0.038691, -0.038691, -0.077382, 0.0, -0.038691, 0.116073, 0.0, 0.0, 0.0, -0.077382, 0.077382, -0.077382, 0.0, 0.038691, 0.038691, 0.077382, 0.077382, -0.077382, 0.077382, -0.077382, 0.0, -0.154765, 0.038691, 0.116073, 0.0, 0.0, -0.038691, -0.038691, 0.0, 0.0, -0.038691, -0.038691, 0.038691, -0.038691, 0.0, -0.038691, 0.038691, -0.038691, 0.0, -0.038691, -0.077382, -0.038691, 0.038691, -0.038691, 0.0, 0.077382, -0.116073, 0.038691, 0.0, 0.038691, -0.038691, -0.038691, 0.0, -0.038691, -0.116073, 0.0, -0.038691, 0.0, -0.038691, -0.038691, 0.0, 0.0, -0.038691, 0.0, 0.0, 0.077382, -0.077382, -0.038691, 0.077382, -0.038691, 0.038691, 0.0, -0.077382, 0.0, -0.077382, 0.0, -0.038691, 0.0, 0.0, 0.0, 0.0, -0.077382, 0.0, -0.232147, 0.038691, 0.038691, -0.038691, 0.038691, 0.0, 0.038691, 0.038691, -0.077382, 0.0, 0.038691, 0.0, 0.0, 0.038691, 0.0, 0.038691, 0.038691, 0.0, -0.116073, -0.038691, 0.0, 0.038691, 0.077382, 0.0, 0.0, 0.0, -0.038691, -0.077382, 0.077382, -0.038691, 0.0, 0.038691, -0.038691, -0.077382, -0.077382, 0.0, 0.038691, 0.0, 0.0, 0.0, 0.038691, 0.077382, 0.0, -0.077382, 0.038691, 0.038691, 0.038691, 0.0, 0.0, -0.038691, 0.038691, 0.0, -0.038691, 0.038691, 0.0, 0.0, -0.077382, 0.0, -0.116073, 0.077382, 0.038691, -0.038691, 0.077382, 0.0, 0.038691, 0.0, -0.038691, 0.0, 0.038691, 0.0, 0.0, 0.038691, -0.038691, -0.038691, -0.038691, 0.038691, 0.038691, 0.038691, 0.038691, -0.038691, 0.0, -0.077382, -0.038691, -0.038691, 0.0, 0.038691, -0.038691, 0.0, 0.038691, -0.038691, 0.038691, 0.0, 0.154765, 0.038691, 0.038691, -0.038691, -0.038691, 0.0, 0.0, 0.038691, -0.038691, 0.038691, 0.077382, 0.0, 0.0, 0.038691, -0.077382, -0.116073, 0.0, 0.0, 0.0, 0.0, 0.038691, 0.0, -0.116073, -0.038691, 0.0, 0.0, 0.077382, -0.038691, 0.038691, 0.038691, 0.038691, 0.0, 0.038691, -0.038691, -0.038691, -0.116073, 0.077382, 0.0, -0.077382, 0.0, -0.077382, -0.038691, 0.038691, 0.0, 0.0, -0.038691, 0.038691, 0.0, 0.0, 0.0, 0.077382, -0.038691, 0.0, -0.038691, 0.038691, -0.038691, 0.038691, -0.038691, 0.038691, -0.077382, 0.038691, 0.077382, 0.0, 0.0, 0.116073, 0.077382, 0.0, -0.038691, 0.038691, -0.038691, 0.0, 0.0, 0.038691, -0.038691, 0.077382, 0.038691, 0.038691, 0.0, -0.116073, 0.077382, 0.0, -0.116073, -0.077382, -0.038691, -0.077382, 0.038691, 0.077382, -0.077382, -0.038691, 0.0, 0.038691, 0.077382, -0.077382, 0.0, 0.0, -0.038691, 0.0, 0.0, -0.038691, -0.038691, 0.0, 0.038691, -0.038691, -0.038691, 0.0, 0.077382, -0.077382, 0.077382, 0.038691, -0.077382, 0.0, -0.038691, -0.077382, 0.077382, 0.0, 0.038691, 0.038691, 0.116073, -0.077382, 0.0, 0.0, -0.038691, 0.0, -0.038691, 0.0, 0.038691, -0.116073, 0.077382, -0.038691, 0.038691, -0.077382, -0.038691, 0.0, 0.0, 0.077382, -0.077382, -0.077382, 0.0, -0.038691, -0.038691, -0.038691]",12,6,6,87,112,0.5157,0.5112,0.5278,0.4843,1.0,0.4177,0.1667,0.5085,2026-09-20T08:54:00
5628afec-a6bb-4f09-bca4-f984be29a72a,P-645F09EEB6,T4,high,medium,google/gemma-4-31b-it,1,Neutral Engagement Agent,Think about a typical weekday evening after returning from work or university. How do you usually spend that time?,"[-0.038691, 0.0, 0.038691, -0.038691, -0.038691, 0.0, 0.038691, -0.038691, 0.038691, -0.038691, 0.0, 0.0, 0.038691, 0.038691, 0.0, -0.038691, 0.0, 0.038691, -0.038691, 0.0, 0.0, 0.038691, 0.0, -0.116073, -0.038691, 0.0, 0.0, 0.0, 0.0, 0.116073, 0.0, 0.0, 0.0, 0.116073, 0.038691, -0.077382, 0.0, 0.077382, 0.0, 0.077382, 0.0, 0.0, 0.038691, -0.077382, 0.0, -0.116073, 0.077382, -0.038691, -0.077382, 0.0, 0.038691, 0.077382, 0.038691, 0.077382, 0.077382, 0.038691, 0.0, -0.038691, 0.038691, 0.038691, -0.077382, 0.0, -0.038691, 0.0, 0.0, 0.0, 0.0, 0.0, 0.038691, -0.038691, -0.077382, 0.0, -0.038691, 0.116073, 0.0, 0.0, 0.0, -0.077382, 0.077382, -0.077382, 0.0, 0.038691, 0.038691, 0.077382, 0.077382, -0.077382, 0.077382, -0.077382, 0.0, -0.154765, 0.038691, 0.116073, 0.0, 0.0, -0.038691, -0.038691, 0.0, 0.0, -0.038691, -0.038691, 0.038691, -0.038691, 0.0, -0.038691, 0.038691, -0.038691, 0.0, -0.038691, -0.077382, -0.038691, 0.038691, -0.038691, 0.0, 0.077382, -0.116073, 0.038691, 0.0, 0.038691, -0.038691, -0.038691, 0.0, -0.038691, -0.116073, 0.0, -0.038691, 0.0, -0.038691, -0.038691, 0.0, 0.0, -0.038691, 0.0, 0.0, 0.077382, -0.077382, -0.038691, 0.077382, -0.038691, 0.038691, 0.0, -0.077382, 0.0, -0.077382, 0.0, -0.038691, 0.0, 0.0, 0.0, 0.0, -0.077382, 0.0, -0.232147, 0.038691, 0.038691, -0.038691, 0.038691, 0.0, 0.038691, 0.038691, -0.077382, 0.0, 0.038691, 0.0, 0.0, 0.038691, 0.0, 0.038691, 0.038691, 0.0, -0.116073, -0.038691, 0.0, 0.038691, 0.077382, 0.0, 0.0, 0.0, -0.038691, -0.077382, 0.077382, -0.038691, 0.0, 0.038691, -0.038691, -0.077382, -0.077382, 0.0, 0.038691, 0.0, 0.0, 0.0, 0.038691, 0.077382, 0.0, -0.077382, 0.038691, 0.038691, 0.038691, 0.0, 0.0, -0.038691, 0.038691, 0.0, -0.038691, 0.038691, 0.0, 0.0, -0.077382, 0.0, -0.116073, 0.077382, 0.038691, -0.038691, 0.077382, 0.0, 0.038691, 0.0, -0.038691, 0.0, 0.038691, 0.0, 0.0, 0.038691, -0.038691, -0.038691, -0.038691, 0.038691, 0.038691, 0.038691, 0.038691, -0.038691, 0.0, -0.077382, -0.038691, -0.038691, 0.0, 0.038691, -0.038691, 0.0, 0.038691, -0.038691, 0.038691, 0.0, 0.154765, 0.038691, 0.038691, -0.038691, -0.038691, 0.0, 0.0, 0.038691, -0.038691, 0.038691, 0.077382, 0.0, 0.0, 0.038691, -0.077382, -0.116073, 0.0, 0.0, 0.0, 0.0, 0.038691, 0.0, -0.116073, -0.038691, 0.0, 0.0, 0.077382, -0.038691, 0.038691, 0.038691, 0.038691, 0.0, 0.038691, -0.038691, -0.038691, -0.116073, 0.077382, 0.0, -0.077382, 0.0, -0.077382, -0.038691, 0.038691, 0.0, 0.0, -0.038691, 0.038691, 0.0, 0.0, 0.0, 0.077382, -0.038691, 0.0, -0.038691, 0.038691, -0.038691, 0.038691, -0.038691, 0.038691, -0.077382, 0.038691, 0.077382, 0.0, 0.0, 0.116073, 0.077382, 0.0, -0.038691, 0.038691, -0.038691, 0.0, 0.0, 0.038691, -0.038691, 0.077382, 0.038691, 0.038691, 0.0, -0.116073, 0.077382, 0.0, -0.116073, -0.077382, -0.038691, -0.077382, 0.038691, 0.077382, -0.077382, -0.038691, 0.0, 0.038691, 0.077382, -0.077382, 0.0, 0.0, -0.038691, 0.0, 0.0, -0.038691, -0.038691, 0.0, 0.038691, -0.038691, -0.038691, 0.0, 0.077382, -0.077382, 0.077382, 0.038691, -0.077382, 0.0, -0.038691, -0.077382, 0.077382, 0.0, 0.038691, 0.038691, 0.116073, -0.077382, 0.0, 0.0, -0.038691, 0.0, -0.038691, 0.0, 0.038691, -0.116073, 0.077382, -0.038691, 0.038691, -0.077382, -0.038691, 0.0, 0.0, 0.077382, -0.077382, -0.077382, 0.0, -0.038691, -0.038691, -0.038691]",12,6,6,219,285,0.5995,0.6152,0.5629,0.4005,1.0,0.5922,0.0833,0.5132,2026-09-20T09:31:25
6175ac2e-de82-4319-9e2e-dd936f3fa7e2,P-645F09EEB6,T8,low,medium,google/gemma-4-31b-it,0,Neutral Engagement Agent,You are considering a weekend getaway within Greece. What factors influence your destination choice?,"[0.046324, 0.046324, 0.0, -0.046324, 0.092648, -0.046324, 0.046324, -0.092648, 0.046324, 0.0, -0.092648, -0.046324, 0.046324, -0.046324, 0.0, -0.046324, 0.046324, 0.046324, 0.046324, 0.0, 0.046324, 0.046324, -0.046324, -0.046324, 0.0, 0.0, 0.0, -0.046324, 0.0, 0.046324, -0.092648, 0.0, 0.0, 0.046324, -0.046324, -0.092648, 0.0, -0.046324, 0.046324, 0.0, 0.0, 0.0, 0.0, 0.0, 0.046324, 0.0, 0.0, -0.046324, 0.0, 0.0, 0.046324, -0.138972, 0.0, 0.0, 0.0, 0.0, 0.0, -0.046324, 0.0, -0.092648, 0.0, 0.0, -0.046324, 0.0, 0.0, -0.046324, 0.0, -0.092648, 0.0, -0.092648, 0.046324, 0.0, -0.046324, 0.0, 0.0, 0.046324, 0.138972, 0.046324, 0.092648, 0.046324, -0.046324, 0.0, 0.046324, 0.0, 0.046324, -0.046324, 0.0, 0.0, 0.046324, 0.0, 0.046324, 0.0, -0.046324, 0.0, 0.046324, -0.092648, 0.046324, 0.0, 0.0, 0.092648, 0.0, 0.0, 0.0, -0.046324, 0.0, -0.046324, 0.0, 0.0, 0.0, 0.0, 0.0, -0.092648, 0.0, 0.0, -0.046324, 0.046324, -0.046324, -0.046324, -0.046324, -0.046324, 0.0, -0.046324, 0.0, 0.0, -0.092648, 0.092648, 0.0, 0.0, -0.046324, 0.0, -0.092648, -0.092648, -0.046324, 0.046324, 0.0, -0.092648, 0.046324, -0.046324, -0.092648, 0.0, 0.0, 0.046324, -0.092648, -0.046324, 0.0, -0.046324, 0.046324, 0.0, 0.0, -0.046324, 0.0, -0.092648, 0.046324, 0.0, 0.0, 0.046324, 0.046324, 0.0, 0.092648, 0.092648, -0.185296, 0.092648, 0.0, 0.0, 0.0, 0.0, 0.0, 0.0, 0.046324, -0.046324, -0.046324, -0.046324, 0.0, 0.046324, -0.046324, 0.0, -0.046324, -0.046324, -0.092648, 0.046324, 0.0, 0.0, 0.138972, -0.046324, 0.046324, 0.0, 0.0, 0.138972, 0.046324, -0.046324, -0.046324, 0.046324, 0.046324, 0.0, -0.092648, 0.0, 0.0, 0.0, 0.0, 0.046324, 0.046324, 0.046324, 0.0, -0.046324, 0.0, -0.092648, 0.0, 0.046324, 0.0, -0.138972, 0.0, 0.046324, 0.0, 0.0, 0.0, 0.0, 0.046324, 0.046324, 0.0, 0.092648, 0.0, 0.0, 0.0, -0.092648, -0.046324, 0.0, -0.046324, 0.092648, -0.092648, 0.0, 0.0, 0.0, 0.0, -0.092648, -0.046324, 0.0, 0.0, 0.0, -0.046324, -0.046324, -0.092648, -0.046324, -0.046324, 0.092648, 0.0, 0.092648, -0.046324, 0.0, -0.092648, -0.046324, 0.0, -0.092648, 0.0, -0.046324, -0.092648, 0.046324, -0.185296, -0.092648, 0.092648, 0.0, 0.0, -0.046324, -0.046324, -0.092648, -0.046324, 0.046324, -0.138972, 0.046324, 0.0, 0.138972, -0.092648, 0.046324, -0.046324, -0.046324, 0.0, 0.046324, -0.046324, 0.0, 0.046324, 0.0, 0.0, 0.0, 0.0, 0.0, -0.092648, -0.046324, 0.0, 0.0, 0.0, 0.0, 0.0, -0.092648, 0.0, 0.0, 0.0, -0.046324, -0.046324, 0.046324, 0.046324, 0.0, 0.0, 0.0, 0.046324, 0.092648, -0.046324, -0.092648, 0.0, 0.046324, 0.0, -0.046324, 0.0, -0.046324, -0.092648, 0.0, 0.046324, -0.046324, -0.046324, 0.0, -0.046324, 0.0, 0.0, -0.046324, 0.046324, 0.046324, -0.046324, 0.046324, 0.0, 0.046324, 0.0, -0.046324, -0.092648, 0.0, 0.0, 0.092648, -0.092648, -0.092648, -0.046324, 0.046324, 0.092648, 0.0, 0.046324, 0.0, 0.092648, -0.046324, -0.046324, 0.0, 0.046324, 0.0, 0.0, 0.0, 0.0, -0.046324, 0.0, 0.0, -0.046324, 0.0, 0.0, -0.046324, 0.0, 0.046324, 0.046324, 0.046324, 0.0, 0.0, -0.046324, 0.092648, 0.0, 0.046324, -0.046324, -0.092648, 0.0, -0.046324, 0.046324, 0.0, 0.0, 0.0, -0.046324, -0.046324, -0.046324, -0.046324, 0.0, 0.0, -0.046324, 0.046324]",12,6,6,189,246,0.553,0.5883,0.5353,0.447,1.0,0.7083,0.0833,0.5016,2026-09-20T09:15:10
63ac8a11-3528-47af-82dc-2a685652b3eb,P-645F09EEB6,T4,high,medium,google/gemma-4-31b-it,0,Neutral Engagement Agent,Think about a typical weekday morning before leaving for work or university. How does that routine usually unfold?,"[-0.042182, 0.0, -0.084365, 0.0, -0.084365, 0.042182, 0.042182, -0.042182, 0.042182, 0.042182, 0.0, 0.0, 0.042182, 0.0, 0.0, 0.0, -0.042182, 0.042182, -0.042182, 0.0, 0.0, 0.042182, 0.084365, -0.042182, 0.0, 0.0, 0.0, -0.042182, -0.042182, 0.16873, 0.0, 0.0, 0.042182, 0.042182, 0.0, -0.042182, 0.0, 0.0, 0.126547, 0.042182, 0.0, -0.042182, 0.042182, -0.084365, -0.042182, -0.084365, 0.0, -0.042182, -0.042182, 0.0, 0.042182, -0.042182, 0.042182, 0.0, 0.084365, 0.084365, 0.0, -0.042182, 0.084365, 0.042182, -0.042182, -0.042182, 0.0, 0.0, 0.042182, -0.042182, 0.0, 0.0, 0.084365, -0.042182, -0.042182, 0.0, -0.042182, 0.126547, 0.042182, 0.0, -0.042182, 0.0, 0.084365, -0.084365, 0.0, 0.0, 0.042182, 0.042182, 0.084365, 0.042182, -0.042182, -0.084365, 0.0, -0.042182, 0.084365, 0.042182, 0.042182, 0.0, -0.084365, 0.0, 0.0, 0.0, 0.0, -0.042182, 0.042182, -0.126547, 0.042182, 0.0, 0.042182, 0.042182, 0.0, 0.0, -0.126547, 0.042182, 0.0, 0.0, -0.042182, 0.042182, -0.042182, 0.042182, 0.0, -0.042182, 0.0, -0.042182, 0.042182, 0.0, -0.084365, 0.0, -0.042182, 0.0, -0.042182, 0.0, 0.0, 0.0, -0.084365, 0.0, 0.0, 0.042182, -0.084365, -0.042182, 0.084365, -0.042182, 0.126547, 0.042182, -0.084365, 0.0, -0.042182, 0.0, 0.0, 0.0, 0.0, -0.084365, 0.0, -0.084365, -0.084365, -0.16873, 0.042182, 0.042182, 0.0, 0.042182, -0.042182, 0.042182, 0.0, -0.084365, 0.0, 0.042182, -0.042182, 0.042182, -0.084365, 0.042182, 0.042182, -0.042182, 0.084365, 0.0, -0.042182, 0.084365, 0.042182, 0.0, 0.0, 0.0, -0.084365, 0.0, -0.042182, 0.126547, -0.042182, 0.0, 0.042182, -0.042182, 0.0, -0.042182, 0.0, 0.0, 0.0, 0.0, -0.042182, 0.0, 0.0, -0.042182, -0.042182, 0.0, 0.0, 0.042182, 0.042182, 0.0, -0.084365, -0.042182, 0.0, 0.0, 0.042182, 0.084365, 0.042182, -0.084365, -0.084365, -0.084365, 0.126547, 0.042182, -0.084365, 0.084365, 0.0, 0.0, 0.0, 0.0, 0.0, 0.0, -0.042182, 0.0, 0.042182, 0.0, 0.042182, -0.126547, 0.0, 0.042182, 0.084365, 0.0, -0.084365, 0.042182, 0.0, -0.042182, 0.0, -0.042182, 0.0, 0.0, 0.0, 0.0, 0.0, 0.042182, -0.084365, 0.042182, 0.0, 0.042182, -0.084365, 0.042182, 0.0, -0.084365, 0.042182, -0.042182, 0.042182, 0.042182, -0.042182, 0.042182, 0.084365, -0.042182, -0.042182, -0.042182, 0.126547, 0.0, -0.084365, 0.042182, 0.0, 0.0, -0.042182, 0.0, 0.042182, -0.042182, 0.0, 0.0, 0.084365, -0.084365, 0.0, 0.084365, -0.042182, 0.0, -0.16873, 0.084365, 0.042182, -0.042182, 0.0, -0.084365, -0.042182, -0.042182, 0.042182, 0.0, -0.084365, 0.042182, -0.042182, 0.0, 0.042182, 0.084365, -0.042182, 0.0, -0.042182, -0.042182, 0.042182, 0.084365, 0.0, 0.042182, 0.0, 0.0, 0.084365, 0.0, 0.042182, 0.042182, 0.042182, 0.0, 0.084365, 0.0, 0.0, 0.0, -0.042182, 0.0, -0.042182, 0.0, 0.0, 0.042182, 0.0, -0.126547, -0.042182, -0.042182, -0.084365, 0.0, 0.0, 0.042182, -0.042182, 0.042182, -0.084365, -0.084365, -0.042182, -0.042182, 0.126547, -0.042182, 0.084365, -0.042182, -0.042182, 0.042182, 0.0, -0.042182, -0.042182, 0.0, 0.0, -0.042182, -0.042182, -0.042182, 0.0, -0.042182, 0.0, 0.0, -0.042182, 0.0, 0.0, 0.084365, 0.0, 0.0, 0.042182, 0.042182, 0.042182, -0.084365, 0.0, 0.042182, -0.042182, 0.0, -0.042182, 0.0, 0.0, -0.042182, 0.042182, 0.0, -0.042182, -0.042182, -0.042182, 0.0, 0.084365, 0.126547, -0.042182, -0.084365, 0.0, 0.0, 0.0, 0.042182]",12,6,6,197,257,0.5556,0.581,0.5341,0.4444,1.0,0.8489,0.0833,0.5016,2026-09-20T09:46:26
6e5fa9a4-cb5e-4892-b97c-6ddebc92f2f5,P-645F09EEB6,T4,high,small,google/gemma-3-4b-it,0,Neutral Engagement Agent,Think about a typical weekday morning before leaving for work or university. How does that routine usually unfold?,"[-0.042182, 0.0, -0.084365, 0.0, -0.084365, 0.042182, 0.042182, -0.042182, 0.042182, 0.042182, 0.0, 0.0, 0.042182, 0.0, 0.0, 0.0, -0.042182, 0.042182, -0.042182, 0.0, 0.0, 0.042182, 0.084365, -0.042182, 0.0, 0.0, 0.0, -0.042182, -0.042182, 0.16873, 0.0, 0.0, 0.042182, 0.042182, 0.0, -0.042182, 0.0, 0.0, 0.126547, 0.042182, 0.0, -0.042182, 0.042182, -0.084365, -0.042182, -0.084365, 0.0, -0.042182, -0.042182, 0.0, 0.042182, -0.042182, 0.042182, 0.0, 0.084365, 0.084365, 0.0, -0.042182, 0.084365, 0.042182, -0.042182, -0.042182, 0.0, 0.0, 0.042182, -0.042182, 0.0, 0.0, 0.084365, -0.042182, -0.042182, 0.0, -0.042182, 0.126547, 0.042182, 0.0, -0.042182, 0.0, 0.084365, -0.084365, 0.0, 0.0, 0.042182, 0.042182, 0.084365, 0.042182, -0.042182, -0.084365, 0.0, -0.042182, 0.084365, 0.042182, 0.042182, 0.0, -0.084365, 0.0, 0.0, 0.0, 0.0, -0.042182, 0.042182, -0.126547, 0.042182, 0.0, 0.042182, 0.042182, 0.0, 0.0, -0.126547, 0.042182, 0.0, 0.0, -0.042182, 0.042182, -0.042182, 0.042182, 0.0, -0.042182, 0.0, -0.042182, 0.042182, 0.0, -0.084365, 0.0, -0.042182, 0.0, -0.042182, 0.0, 0.0, 0.0, -0.084365, 0.0, 0.0, 0.042182, -0.084365, -0.042182, 0.084365, -0.042182, 0.126547, 0.042182, -0.084365, 0.0, -0.042182, 0.0, 0.0, 0.0, 0.0, -0.084365, 0.0, -0.084365, -0.084365, -0.16873, 0.042182, 0.042182, 0.0, 0.042182, -0.042182, 0.042182, 0.0, -0.084365, 0.0, 0.042182, -0.042182, 0.042182, -0.084365, 0.042182, 0.042182, -0.042182, 0.084365, 0.0, -0.042182, 0.084365, 0.042182, 0.0, 0.0, 0.0, -0.084365, 0.0, -0.042182, 0.126547, -0.042182, 0.0, 0.042182, -0.042182, 0.0, -0.042182, 0.0, 0.0, 0.0, 0.0, -0.042182, 0.0, 0.0, -0.042182, -0.042182, 0.0, 0.0, 0.042182, 0.042182, 0.0, -0.084365, -0.042182, 0.0, 0.0, 0.042182, 0.084365, 0.042182, -0.084365, -0.084365, -0.084365, 0.126547, 0.042182, -0.084365, 0.084365, 0.0, 0.0, 0.0, 0.0, 0.0, 0.0, -0.042182, 0.0, 0.042182, 0.0, 0.042182, -0.126547, 0.0, 0.042182, 0.084365, 0.0, -0.084365, 0.042182, 0.0, -0.042182, 0.0, -0.042182, 0.0, 0.0, 0.0, 0.0, 0.0, 0.042182, -0.084365, 0.042182, 0.0, 0.042182, -0.084365, 0.042182, 0.0, -0.084365, 0.042182, -0.042182, 0.042182, 0.042182, -0.042182, 0.042182, 0.084365, -0.042182, -0.042182, -0.042182, 0.126547, 0.0, -0.084365, 0.042182, 0.0, 0.0, -0.042182, 0.0, 0.042182, -0.042182, 0.0, 0.0, 0.084365, -0.084365, 0.0, 0.084365, -0.042182, 0.0, -0.16873, 0.084365, 0.042182, -0.042182, 0.0, -0.084365, -0.042182, -0.042182, 0.042182, 0.0, -0.084365, 0.042182, -0.042182, 0.0, 0.042182, 0.084365, -0.042182, 0.0, -0.042182, -0.042182, 0.042182, 0.084365, 0.0, 0.042182, 0.0, 0.0, 0.084365, 0.0, 0.042182, 0.042182, 0.042182, 0.0, 0.084365, 0.0, 0.0, 0.0, -0.042182, 0.0, -0.042182, 0.0, 0.0, 0.042182, 0.0, -0.126547, -0.042182, -0.042182, -0.084365, 0.0, 0.0, 0.042182, -0.042182, 0.042182, -0.084365, -0.084365, -0.042182, -0.042182, 0.126547, -0.042182, 0.084365, -0.042182, -0.042182, 0.042182, 0.0, -0.042182, -0.042182, 0.0, 0.0, -0.042182, -0.042182, -0.042182, 0.0, -0.042182, 0.0, 0.0, -0.042182, 0.0, 0.0, 0.084365, 0.0, 0.0, 0.042182, 0.042182, 0.042182, -0.084365, 0.0, 0.042182, -0.042182, 0.0, -0.042182, 0.0, 0.0, -0.042182, 0.042182, 0.0, -0.042182, -0.042182, -0.042182, 0.0, 0.084365, 0.126547, -0.042182, -0.084365, 0.0, 0.0, 0.0, 0.042182]",12,6,6,62,79,0.5246,0.5231,0.507,0.4754,1.0,0.3621,0.1667,0.5042,2026-09-20T08:51:13
b86643fd-606f-4148-95a0-ca6be25a24c6,P-645F09EEB6,T4,high,small,google/gemma-3-4b-it,1,Neutral Engagement Agent,Think about a typical weekday morning before leaving for work or university. How does that routine usually unfold?,"[-0.042182, 0.0, -0.084365, 0.0, -0.084365, 0.042182, 0.042182, -0.042182, 0.042182, 0.042182, 0.0, 0.0, 0.042182, 0.0, 0.0, 0.0, -0.042182, 0.042182, -0.042182, 0.0, 0.0, 0.042182, 0.084365, -0.042182, 0.0, 0.0, 0.0, -0.042182, -0.042182, 0.16873, 0.0, 0.0, 0.042182, 0.042182, 0.0, -0.042182, 0.0, 0.0, 0.126547, 0.042182, 0.0, -0.042182, 0.042182, -0.084365, -0.042182, -0.084365, 0.0, -0.042182, -0.042182, 0.0, 0.042182, -0.042182, 0.042182, 0.0, 0.084365, 0.084365, 0.0, -0.042182, 0.084365, 0.042182, -0.042182, -0.042182, 0.0, 0.0, 0.042182, -0.042182, 0.0, 0.0, 0.084365, -0.042182, -0.042182, 0.0, -0.042182, 0.126547, 0.042182, 0.0, -0.042182, 0.0, 0.084365, -0.084365, 0.0, 0.0, 0.042182, 0.042182, 0.084365, 0.042182, -0.042182, -0.084365, 0.0, -0.042182, 0.084365, 0.042182, 0.042182, 0.0, -0.084365, 0.0, 0.0, 0.0, 0.0, -0.042182, 0.042182, -0.126547, 0.042182, 0.0, 0.042182, 0.042182, 0.0, 0.0, -0.126547, 0.042182, 0.0, 0.0, -0.042182, 0.042182, -0.042182, 0.042182, 0.0, -0.042182, 0.0, -0.042182, 0.042182, 0.0, -0.084365, 0.0, -0.042182, 0.0, -0.042182, 0.0, 0.0, 0.0, -0.084365, 0.0, 0.0, 0.042182, -0.084365, -0.042182, 0.084365, -0.042182, 0.126547, 0.042182, -0.084365, 0.0, -0.042182, 0.0, 0.0, 0.0, 0.0, -0.084365, 0.0, -0.084365, -0.084365, -0.16873, 0.042182, 0.042182, 0.0, 0.042182, -0.042182, 0.042182, 0.0, -0.084365, 0.0, 0.042182, -0.042182, 0.042182, -0.084365, 0.042182, 0.042182, -0.042182, 0.084365, 0.0, -0.042182, 0.084365, 0.042182, 0.0, 0.0, 0.0, -0.084365, 0.0, -0.042182, 0.126547, -0.042182, 0.0, 0.042182, -0.042182, 0.0, -0.042182, 0.0, 0.0, 0.0, 0.0, -0.042182, 0.0, 0.0, -0.042182, -0.042182, 0.0, 0.0, 0.042182, 0.042182, 0.0, -0.084365, -0.042182, 0.0, 0.0, 0.042182, 0.084365, 0.042182, -0.084365, -0.084365, -0.084365, 0.126547, 0.042182, -0.084365, 0.084365, 0.0, 0.0, 0.0, 0.0, 0.0, 0.0, -0.042182, 0.0, 0.042182, 0.0, 0.042182, -0.126547, 0.0, 0.042182, 0.084365, 0.0, -0.084365, 0.042182, 0.0, -0.042182, 0.0, -0.042182, 0.0, 0.0, 0.0, 0.0, 0.0, 0.042182, -0.084365, 0.042182, 0.0, 0.042182, -0.084365, 0.042182, 0.0, -0.084365, 0.042182, -0.042182, 0.042182, 0.042182, -0.042182, 0.042182, 0.084365, -0.042182, -0.042182, -0.042182, 0.126547, 0.0, -0.084365, 0.042182, 0.0, 0.0, -0.042182, 0.0, 0.042182, -0.042182, 0.0, 0.0, 0.084365, -0.084365, 0.0, 0.084365, -0.042182, 0.0, -0.16873, 0.084365, 0.042182, -0.042182, 0.0, -0.084365, -0.042182, -0.042182, 0.042182, 0.0, -0.084365, 0.042182, -0.042182, 0.0, 0.042182, 0.084365, -0.042182, 0.0, -0.042182, -0.042182, 0.042182, 0.084365, 0.0, 0.042182, 0.0, 0.0, 0.084365, 0.0, 0.042182, 0.042182, 0.042182, 0.0, 0.084365, 0.0, 0.0, 0.0, -0.042182, 0.0, -0.042182, 0.0, 0.0, 0.042182, 0.0, -0.126547, -0.042182, -0.042182, -0.084365, 0.0, 0.0, 0.042182, -0.042182, 0.042182, -0.084365, -0.084365, -0.042182, -0.042182, 0.126547, -0.042182, 0.084365, -0.042182, -0.042182, 0.042182, 0.0, -0.042182, -0.042182, 0.0, 0.0, -0.042182, -0.042182, -0.042182, 0.0, -0.042182, 0.0, 0.0, -0.042182, 0.0, 0.0, 0.084365, 0.0, 0.0, 0.042182, 0.042182, 0.042182, -0.084365, 0.0, 0.042182, -0.042182, 0.0, -0.042182, 0.0, 0.0, -0.042182, 0.042182, 0.0, -0.042182, -0.042182, -0.042182, 0.0, 0.084365, 0.126547, -0.042182, -0.084365, 0.0, 0.0, 0.0, 0.042182]",12,6,6,82,105,0.5478,0.5337,0.4984,0.4522,1.0,0.4,0.1667,0.5044,2026-09-20T09:05:20
c7cd03a1-fb59-4493-8436-e01592992109,P-645F09EEB6,T8,low,medium,google/gemma-4-31b-it,0,Neutral Engagement Agent,You have a few free days and are thinking about visiting a place in Greece you have never been before. How do you choose where to go?,"[0.05712, -0.05712, -0.02856, -0.05712, 0.02856, 0.0, 0.0, -0.114239, 0.02856, 0.0, 0.02856, 0.05712, 0.085679, 0.0, 0.02856, 0.0, -0.02856, 0.05712, 0.0, 0.0, 0.02856, -0.02856, -0.05712, -0.02856, -0.05712, 0.085679, 0.0, 0.0, -0.02856, 0.05712, -0.02856, 0.02856, -0.02856, 0.085679, 0.085679, -0.085679, 0.02856, 0.02856, 0.05712, -0.02856, 0.0, 0.0, 0.0, -0.085679, -0.02856, -0.05712, 0.0, 0.0, 0.0, -0.02856, 0.05712, 0.0, 0.0, -0.02856, 0.0, -0.02856, 0.0, 0.02856, 0.0, -0.02856, 0.02856, 0.0, -0.02856, 0.0, 0.02856, 0.0, 0.02856, -0.05712, 0.0, 0.0, 0.0, 0.0, 0.0, 0.02856, 0.02856, 0.0, 0.0, 0.05712, 0.0, 0.05712, 0.0, 0.142799, 0.0, -0.05712, -0.02856, -0.085679, 0.0, -0.142799, 0.02856, -0.085679, 0.02856, -0.05712, 0.0, 0.0, -0.02856, -0.085679, 0.085679, 0.0, -0.02856, -0.05712, 0.0, -0.05712, 0.0, 0.085679, 0.0, -0.02856, 0.0, 0.0, 0.02856, 0.0, 0.0, -0.05712, 0.02856, 0.05712, -0.085679, 0.02856, -0.02856, 0.0, -0.02856, 0.0, 0.02856, -0.05712, -0.05712, 0.0, 0.05712, 0.0, 0.02856, -0.02856, 0.0, 0.085679, -0.02856, 0.05712, 0.0, 0.199918, 0.0, -0.05712, 0.0, -0.02856, 0.0, -0.02856, -0.02856, 0.02856, -0.05712, -0.085679, 0.0, -0.02856, 0.0, -0.02856, 0.05712, 0.02856, -0.02856, -0.114239, 0.02856, -0.02856, 0.02856, 0.05712, 0.0, 0.05712, 0.114239, 0.0, 0.02856, 0.085679, -0.02856, 0.114239, -0.171359, 0.085679, 0.0, 0.0, 0.0, 0.0, 0.0, 0.05712, -0.085679, 0.142799, 0.05712, 0.02856, 0.02856, -0.085679, 0.02856, 0.02856, 0.05712, -0.05712, 0.171359, 0.0, 0.02856, 0.0, 0.05712, 0.05712, 0.0, 0.085679, 0.05712, 0.05712, 0.05712, 0.05712, -0.142799, 0.05712, 0.05712, 0.0, 0.0, 0.05712, 0.02856, 0.085679, -0.02856, 0.0, -0.02856, 0.02856, 0.05712, -0.02856, -0.02856, -0.142799, 0.02856, 0.02856, 0.085679, -0.02856, 0.05712, 0.05712, 0.0, 0.05712, -0.02856, 0.0, -0.02856, -0.02856, 0.0, -0.05712, 0.02856, 0.02856, -0.05712, 0.114239, -0.114239, 0.02856, 0.0, 0.02856, 0.0, 0.0, 0.02856, -0.02856, -0.02856, 0.02856, 0.0, -0.085679, -0.02856, 0.0, 0.02856, 0.171359, 0.114239, 0.02856, 0.02856, -0.02856, 0.05712, 0.02856, -0.02856, 0.0, 0.085679, 0.0, 0.0, 0.02856, -0.085679, -0.114239, 0.0, 0.085679, 0.02856, -0.05712, -0.02856, 0.02856, 0.02856, 0.0, 0.02856, 0.02856, 0.05712, 0.02856, -0.02856, 0.05712, 0.05712, -0.02856, 0.05712, 0.02856, 0.05712, -0.02856, -0.114239, 0.02856, -0.114239, 0.0, 0.0, -0.02856, 0.0, 0.05712, 0.0, -0.02856, -0.05712, 0.0, -0.02856, -0.05712, -0.02856, 0.02856, -0.02856, -0.05712, 0.0, 0.0, -0.02856, 0.0, -0.02856, -0.02856, 0.02856, 0.114239, 0.0, -0.02856, 0.02856, 0.02856, 0.02856, 0.02856, 0.0, 0.02856, -0.085679, 0.0, 0.05712, -0.05712, 0.0, -0.02856, 0.0, 0.02856, 0.0, 0.0, 0.05712, 0.085679, -0.05712, 0.085679, -0.05712, 0.0, 0.0, 0.0, -0.114239, 0.02856, 0.0, -0.02856, 0.02856, -0.02856, 0.05712, 0.0, 0.0, 0.02856, 0.0, 0.02856, 0.0, 0.02856, -0.02856, -0.02856, 0.02856, -0.02856, 0.0, -0.05712, -0.02856, 0.05712, -0.02856, 0.0, -0.05712, -0.02856, 0.02856, 0.0, 0.02856, 0.02856, 0.085679, 0.0, 0.0, 0.0, -0.02856, 0.02856, -0.02856, 0.0, 0.0, -0.199918, 0.05712, 0.0, 0.05712, 0.0, 0.05712, 0.02856, -0.05712, 0.05712, 0.05712, 0.05712, 0.02856, 0.0, 0.0, -0.02856]",12,6,6,182,238,0.5711,0.5767,0.5532,0.4289,1.0,0.8594,0.1667,0.5204,2026-09-20T09:21:10
d66d2043-b814-42d6-a917-c9abe69fb72f,P-645F09EEB6,T4,high,medium,google/gemma-4-31b-it,1,Neutral Engagement Agent,Think about a typical weekday morning before leaving for work or university. How does that routine usually unfold?,"[-0.042182, 0.0, -0.084365, 0.0, -0.084365, 0.042182, 0.042182, -0.042182, 0.042182, 0.042182, 0.0, 0.0, 0.042182, 0.0, 0.0, 0.0, -0.042182, 0.042182, -0.042182, 0.0, 0.0, 0.042182, 0.084365, -0.042182, 0.0, 0.0, 0.0, -0.042182, -0.042182, 0.16873, 0.0, 0.0, 0.042182, 0.042182, 0.0, -0.042182, 0.0, 0.0, 0.126547, 0.042182, 0.0, -0.042182, 0.042182, -0.084365, -0.042182, -0.084365, 0.0, -0.042182, -0.042182, 0.0, 0.042182, -0.042182, 0.042182, 0.0, 0.084365, 0.084365, 0.0, -0.042182, 0.084365, 0.042182, -0.042182, -0.042182, 0.0, 0.0, 0.042182, -0.042182, 0.0, 0.0, 0.084365, -0.042182, -0.042182, 0.0, -0.042182, 0.126547, 0.042182, 0.0, -0.042182, 0.0, 0.084365, -0.084365, 0.0, 0.0, 0.042182, 0.042182, 0.084365, 0.042182, -0.042182, -0.084365, 0.0, -0.042182, 0.084365, 0.042182, 0.042182, 0.0, -0.084365, 0.0, 0.0, 0.0, 0.0, -0.042182, 0.042182, -0.126547, 0.042182, 0.0, 0.042182, 0.042182, 0.0, 0.0, -0.126547, 0.042182, 0.0, 0.0, -0.042182, 0.042182, -0.042182, 0.042182, 0.0, -0.042182, 0.0, -0.042182, 0.042182, 0.0, -0.084365, 0.0, -0.042182, 0.0, -0.042182, 0.0, 0.0, 0.0, -0.084365, 0.0, 0.0, 0.042182, -0.084365, -0.042182, 0.084365, -0.042182, 0.126547, 0.042182, -0.084365, 0.0, -0.042182, 0.0, 0.0, 0.0, 0.0, -0.084365, 0.0, -0.084365, -0.084365, -0.16873, 0.042182, 0.042182, 0.0, 0.042182, -0.042182, 0.042182, 0.0, -0.084365, 0.0, 0.042182, -0.042182, 0.042182, -0.084365, 0.042182, 0.042182, -0.042182, 0.084365, 0.0, -0.042182, 0.084365, 0.042182, 0.0, 0.0, 0.0, -0.084365, 0.0, -0.042182, 0.126547, -0.042182, 0.0, 0.042182, -0.042182, 0.0, -0.042182, 0.0, 0.0, 0.0, 0.0, -0.042182, 0.0, 0.0, -0.042182, -0.042182, 0.0, 0.0, 0.042182, 0.042182, 0.0, -0.084365, -0.042182, 0.0, 0.0, 0.042182, 0.084365, 0.042182, -0.084365, -0.084365, -0.084365, 0.126547, 0.042182, -0.084365, 0.084365, 0.0, 0.0, 0.0, 0.0, 0.0, 0.0, -0.042182, 0.0, 0.042182, 0.0, 0.042182, -0.126547, 0.0, 0.042182, 0.084365, 0.0, -0.084365, 0.042182, 0.0, -0.042182, 0.0, -0.042182, 0.0, 0.0, 0.0, 0.0, 0.0, 0.042182, -0.084365, 0.042182, 0.0, 0.042182, -0.084365, 0.042182, 0.0, -0.084365, 0.042182, -0.042182, 0.042182, 0.042182, -0.042182, 0.042182, 0.084365, -0.042182, -0.042182, -0.042182, 0.126547, 0.0, -0.084365, 0.042182, 0.0, 0.0, -0.042182, 0.0, 0.042182, -0.042182, 0.0, 0.0, 0.084365, -0.084365, 0.0, 0.084365, -0.042182, 0.0, -0.16873, 0.084365, 0.042182, -0.042182, 0.0, -0.084365, -0.042182, -0.042182, 0.042182, 0.0, -0.084365, 0.042182, -0.042182, 0.0, 0.042182, 0.084365, -0.042182, 0.0, -0.042182, -0.042182, 0.042182, 0.084365, 0.0, 0.042182, 0.0, 0.0, 0.084365, 0.0, 0.042182, 0.042182, 0.042182, 0.0, 0.084365, 0.0, 0.0, 0.0, -0.042182, 0.0, -0.042182, 0.0, 0.0, 0.042182, 0.0, -0.126547, -0.042182, -0.042182, -0.084365, 0.0, 0.0, 0.042182, -0.042182, 0.042182, -0.084365, -0.084365, -0.042182, -0.042182, 0.126547, -0.042182, 0.084365, -0.042182, -0.042182, 0.042182, 0.0, -0.042182, -0.042182, 0.0, 0.0, -0.042182, -0.042182, -0.042182, 0.0, -0.042182, 0.0, 0.0, -0.042182, 0.0, 0.0, 0.084365, 0.0, 0.0, 0.042182, 0.042182, 0.042182, -0.084365, 0.0, 0.042182, -0.042182, 0.0, -0.042182, 0.0, 0.0, -0.042182, 0.042182, 0.0, -0.042182, -0.042182, -0.042182, 0.0, 0.084365, 0.126547, -0.042182, -0.084365, 0.0, 0.0, 0.0, 0.042182]",12,6,6,202,262,0.5239,0.579,0.5484,0.4761,1.0,0.8322,0.1667,0.5145,2026-09-20T09:26:37
e2f03c9c-d0bf-46b4-bf19-305b03ced3c1,P-645F09EEB6,T8,low,medium,google/gemma-4-31b-it,1,Neutral Engagement Agent,You have a few free days and are thinking about visiting a place in Greece you have never been before. How do you choose where to go?,"[0.05712, -0.05712, -0.02856, -0.05712, 0.02856, 0.0, 0.0, -0.114239, 0.02856, 0.0, 0.02856, 0.05712, 0.085679, 0.0, 0.02856, 0.0, -0.02856, 0.05712, 0.0, 0.0, 0.02856, -0.02856, -0.05712, -0.02856, -0.05712, 0.085679, 0.0, 0.0, -0.02856, 0.05712, -0.02856, 0.02856, -0.02856, 0.085679, 0.085679, -0.085679, 0.02856, 0.02856, 0.05712, -0.02856, 0.0, 0.0, 0.0, -0.085679, -0.02856, -0.05712, 0.0, 0.0, 0.0, -0.02856, 0.05712, 0.0, 0.0, -0.02856, 0.0, -0.02856, 0.0, 0.02856, 0.0, -0.02856, 0.02856, 0.0, -0.02856, 0.0, 0.02856, 0.0, 0.02856, -0.05712, 0.0, 0.0, 0.0, 0.0, 0.0, 0.02856, 0.02856, 0.0, 0.0, 0.05712, 0.0, 0.05712, 0.0, 0.142799, 0.0, -0.05712, -0.02856, -0.085679, 0.0, -0.142799, 0.02856, -0.085679, 0.02856, -0.05712, 0.0, 0.0, -0.02856, -0.085679, 0.085679, 0.0, -0.02856, -0.05712, 0.0, -0.05712, 0.0, 0.085679, 0.0, -0.02856, 0.0, 0.0, 0.02856, 0.0, 0.0, -0.05712, 0.02856, 0.05712, -0.085679, 0.02856, -0.02856, 0.0, -0.02856, 0.0, 0.02856, -0.05712, -0.05712, 0.0, 0.05712, 0.0, 0.02856, -0.02856, 0.0, 0.085679, -0.02856, 0.05712, 0.0, 0.199918, 0.0, -0.05712, 0.0, -0.02856, 0.0, -0.02856, -0.02856, 0.02856, -0.05712, -0.085679, 0.0, -0.02856, 0.0, -0.02856, 0.05712, 0.02856, -0.02856, -0.114239, 0.02856, -0.02856, 0.02856, 0.05712, 0.0, 0.05712, 0.114239, 0.0, 0.02856, 0.085679, -0.02856, 0.114239, -0.171359, 0.085679, 0.0, 0.0, 0.0, 0.0, 0.0, 0.05712, -0.085679, 0.142799, 0.05712, 0.02856, 0.02856, -0.085679, 0.02856, 0.02856, 0.05712, -0.05712, 0.171359, 0.0, 0.02856, 0.0, 0.05712, 0.05712, 0.0, 0.085679, 0.05712, 0.05712, 0.05712, 0.05712, -0.142799, 0.05712, 0.05712, 0.0, 0.0, 0.05712, 0.02856, 0.085679, -0.02856, 0.0, -0.02856, 0.02856, 0.05712, -0.02856, -0.02856, -0.142799, 0.02856, 0.02856, 0.085679, -0.02856, 0.05712, 0.05712, 0.0, 0.05712, -0.02856, 0.0, -0.02856, -0.02856, 0.0, -0.05712, 0.02856, 0.02856, -0.05712, 0.114239, -0.114239, 0.02856, 0.0, 0.02856, 0.0, 0.0, 0.02856, -0.02856, -0.02856, 0.02856, 0.0, -0.085679, -0.02856, 0.0, 0.02856, 0.171359, 0.114239, 0.02856, 0.02856, -0.02856, 0.05712, 0.02856, -0.02856, 0.0, 0.085679, 0.0, 0.0, 0.02856, -0.085679, -0.114239, 0.0, 0.085679, 0.02856, -0.05712, -0.02856, 0.02856, 0.02856, 0.0, 0.02856, 0.02856, 0.05712, 0.02856, -0.02856, 0.05712, 0.05712, -0.02856, 0.05712, 0.02856, 0.05712, -0.02856, -0.114239, 0.02856, -0.114239, 0.0, 0.0, -0.02856, 0.0, 0.05712, 0.0, -0.02856, -0.05712, 0.0, -0.02856, -0.05712, -0.02856, 0.02856, -0.02856, -0.05712, 0.0, 0.0, -0.02856, 0.0, -0.02856, -0.02856, 0.02856, 0.114239, 0.0, -0.02856, 0.02856, 0.02856, 0.02856, 0.02856, 0.0, 0.02856, -0.085679, 0.0, 0.05712, -0.05712, 0.0, -0.02856, 0.0, 0.02856, 0.0, 0.0, 0.05712, 0.085679, -0.05712, 0.085679, -0.05712, 0.0, 0.0, 0.0, -0.114239, 0.02856, 0.0, -0.02856, 0.02856, -0.02856, 0.05712, 0.0, 0.0, 0.02856, 0.0, 0.02856, 0.0, 0.02856, -0.02856, -0.02856, 0.02856, -0.02856, 0.0, -0.05712, -0.02856, 0.05712, -0.02856, 0.0, -0.05712, -0.02856, 0.02856, 0.0, 0.02856, 0.02856, 0.085679, 0.0, 0.0, 0.0, -0.02856, 0.02856, -0.02856, 0.0, 0.0, -0.199918, 0.05712, 0.0, 0.05712, 0.0, 0.05712, 0.02856, -0.05712, 0.05712, 0.05712, 0.05712, 0.02856, 0.0, 0.0, -0.02856]",12,6,6,183,238,0.5681,0.5927,0.5871,0.4319,1.0,0.9833,0.25,0.5411,2026-09-20T09:41:44
011493d9-44f8-4c3a-9d1c-e7a2e66bd0dc,P-6742519DE7,T4,low,medium,google/gemma-4-31b-it,0,Neutral Engagement Agent,Think about a typical weekday lunch break. How do you usually spend it?,"[-0.04845, 0.0, -0.04845, 0.0, -0.04845, 0.04845, 0.0, -0.04845, 0.04845, 0.0, 0.04845, 0.04845, 0.04845, 0.04845, 0.0, 0.0, 0.0, 0.04845, 0.04845, 0.04845, -0.04845, 0.04845, 0.0, 0.0, -0.04845, 0.0, 0.0, -0.14535, 0.0, 0.04845, 0.0, 0.0, -0.04845, 0.0969, 0.0969, -0.04845, -0.04845, 0.0, 0.0, 0.04845, 0.0, -0.04845, 0.0, -0.0969, -0.04845, -0.0969, 0.0969, 0.0, -0.04845, 0.0, 0.04845, 0.04845, 0.0969, 0.04845, 0.0969, 0.04845, 0.0, 0.04845, 0.0, 0.0, -0.04845, 0.0, 0.0, 0.0, 0.0, 0.0, 0.0, 0.0, 0.0, 0.0, 0.0, 0.0, -0.04845, 0.0969, 0.0969, 0.0, 0.04845, -0.0969, 0.0969, -0.0969, 0.0, 0.04845, 0.0, 0.04845, 0.0969, -0.04845, 0.0, -0.0969, 0.0, -0.0969, 0.04845, 0.0, 0.04845, 0.0, 0.0, 0.0, 0.0, -0.04845, 0.0, -0.04845, 0.04845, -0.04845, -0.04845, -0.04845, 0.04845, -0.04845, 0.0, 0.0, -0.0969, 0.0, 0.04845, -0.04845, -0.04845, 0.0969, -0.0969, -0.04845, 0.0, 0.0, -0.04845, 0.0, 0.0, -0.04845, -0.04845, -0.04845, 0.0, 0.0, 0.0, -0.04845, -0.04845, -0.04845, -0.04845, 0.0, 0.04845, 0.0969, -0.0969, -0.14535, 0.04845, -0.0969, 0.04845, 0.0, -0.04845, 0.0, -0.04845, -0.04845, -0.04845, 0.04845, 0.0, 0.0, 0.04845, -0.0969, -0.04845, -0.193801, 0.0, -0.04845, -0.04845, 0.04845, 0.0, 0.04845, 0.0, -0.04845, 0.04845, 0.04845, -0.04845, -0.04845, -0.04845, 0.0, 0.0, 0.0, 0.0, -0.04845, 0.0, 0.0, -0.04845, 0.04845, 0.04845, 0.0, 0.0, 0.0, -0.04845, 0.04845, -0.0969, 0.0, 0.0, 0.0, 0.0, -0.0969, 0.04845, 0.04845, 0.0, 0.0, 0.0, 0.0969, 0.04845, 0.0, -0.04845, 0.04845, 0.0, 0.0, 0.0, -0.04845, 0.0, -0.04845, 0.0, 0.0, -0.04845, 0.04845, -0.04845, -0.04845, 0.04845, -0.04845, 0.04845, 0.04845, -0.04845, 0.04845, 0.0, 0.14535, 0.04845, -0.0969, 0.04845, 0.0, -0.04845, 0.0, 0.0, -0.04845, 0.0, 0.0, 0.0, 0.0, -0.04845, 0.04845, -0.04845, 0.04845, -0.04845, -0.04845, 0.0, -0.04845, 0.0, -0.04845, 0.04845, 0.0, -0.04845, 0.04845, 0.0, 0.0969, 0.04845, 0.04845, -0.04845, -0.04845, 0.0, 0.0, 0.04845, -0.04845, 0.04845, 0.0, 0.0, 0.0, 0.04845, -0.14535, -0.04845, 0.0, -0.04845, 0.0, -0.04845, 0.04845, 0.0, -0.0969, 0.0, 0.04845, 0.0, 0.0, -0.04845, 0.04845, 0.0, -0.04845, 0.0, 0.04845, -0.04845, -0.0969, -0.04845, 0.04845, -0.04845, 0.0, 0.0, 0.0, -0.04845, 0.0969, 0.0, 0.0, -0.04845, 0.0, 0.0, 0.04845, 0.0, 0.04845, -0.04845, -0.04845, -0.04845, 0.04845, -0.04845, 0.0, 0.0, 0.0, -0.04845, 0.04845, 0.0, 0.0, 0.0, 0.0969, -0.0969, 0.0, -0.04845, 0.04845, -0.04845, 0.0, 0.04845, 0.04845, 0.04845, 0.04845, 0.0, 0.0, 0.0, -0.0969, 0.0, 0.04845, -0.14535, 0.0, 0.0, 0.0, 0.04845, 0.0969, -0.14535, -0.04845, 0.0, 0.0, 0.0969, -0.04845, 0.0, -0.04845, -0.04845, 0.0, -0.04845, 0.0, -0.04845, 0.0, 0.0, -0.04845, -0.04845, 0.04845, 0.04845, 0.0, 0.0, 0.0, 0.04845, 0.0, -0.04845, -0.04845, 0.0, 0.0, 0.04845, 0.04845, 0.0969, -0.04845, 0.0, 0.0, 0.0, 0.04845, -0.0969, 0.04845, 0.0, -0.14535, 0.193801, 0.0, 0.04845, -0.04845, 0.0, 0.04845, 0.0, 0.04845, 0.04845, -0.04845, 0.04845, -0.04845, 0.0, -0.04845]",12,6,6,117,152,0.5777,0.5908,0.5375,0.4223,1.0,0.2773,0.1667,0.5171,2026-09-19T15:26:22
10cd0746-d871-4865-a5c6-9dd9c3d27488,P-6742519DE7,T5,high,small,google/gemma-3-4b-it,0,Neutral Engagement Agent,Imagine you unexpectedly have a free evening with nothing scheduled. How would you typically spend it?,"[-0.039841, 0.039841, 0.039841, 0.0, -0.039841, 0.079682, -0.119523, -0.039841, 0.0, 0.0, 0.0, 0.039841, 0.039841, 0.0, 0.0, 0.039841, -0.039841, 0.0, 0.0, 0.039841, 0.0, 0.0, 0.0, 0.039841, 0.0, 0.039841, -0.039841, -0.039841, 0.0, 0.039841, -0.039841, 0.0, 0.079682, 0.079682, 0.119523, -0.039841, -0.119523, 0.0, 0.0, 0.0, 0.0, -0.039841, -0.039841, -0.039841, 0.0, -0.079682, 0.0, -0.079682, -0.039841, -0.079682, 0.039841, -0.039841, 0.079682, 0.039841, 0.039841, 0.0, 0.0, 0.039841, 0.0, -0.039841, -0.039841, 0.0, 0.0, 0.0, 0.0, 0.0, 0.0, 0.0, 0.0, 0.039841, -0.039841, 0.0, 0.0, 0.0, 0.0, 0.0, 0.119523, -0.039841, 0.0, -0.039841, 0.0, 0.079682, 0.0, 0.0, 0.0, -0.079682, 0.0, -0.119523, 0.0, -0.119523, 0.0, -0.079682, 0.0, 0.039841, 0.079682, -0.079682, 0.039841, -0.039841, -0.039841, -0.159364, 0.0, 0.0, 0.0, 0.079682, 0.039841, -0.039841, -0.039841, -0.039841, 0.0, 0.0, -0.039841, -0.039841, 0.0, 0.079682, -0.119523, 0.039841, 0.039841, 0.0, 0.0, -0.039841, -0.039841, 0.0, -0.039841, -0.079682, -0.039841, 0.0, 0.0, 0.0, 0.039841, 0.0, 0.039841, 0.0, 0.039841, 0.119523, 0.039841, -0.039841, 0.079682, -0.079682, -0.039841, 0.0, 0.0, 0.039841, -0.039841, -0.039841, 0.039841, 0.0, 0.0, 0.039841, 0.039841, 0.0, -0.039841, 0.0, 0.039841, 0.0, -0.079682, 0.079682, 0.039841, 0.079682, 0.119523, -0.039841, 0.039841, 0.039841, 0.0, 0.079682, 0.039841, 0.039841, -0.039841, 0.0, 0.0, -0.079682, 0.039841, 0.0, 0.039841, 0.119523, -0.079682, 0.039841, -0.079682, 0.0, -0.039841, 0.0, 0.079682, 0.0, 0.039841, 0.039841, -0.079682, -0.039841, 0.039841, 0.079682, 0.039841, 0.0, 0.159364, 0.079682, 0.159364, 0.0, -0.159364, 0.0, 0.039841, 0.0, -0.079682, 0.0, 0.0, 0.0, 0.0, -0.079682, 0.039841, 0.039841, 0.0, -0.039841, 0.0, -0.159364, 0.039841, -0.039841, 0.039841, 0.0, -0.039841, 0.039841, 0.079682, 0.039841, 0.0, 0.0, 0.039841, 0.0, 0.0, -0.079682, 0.0, 0.079682, 0.119523, 0.079682, -0.039841, 0.079682, -0.079682, 0.0, -0.039841, 0.0, 0.039841, 0.0, 0.0, -0.039841, 0.0, 0.079682, 0.0, -0.039841, 0.0, 0.119523, 0.039841, 0.0, 0.039841, -0.039841, 0.0, 0.0, 0.039841, 0.039841, 0.119523, 0.0, 0.0, 0.039841, -0.079682, -0.079682, -0.039841, 0.119523, -0.079682, -0.079682, 0.0, 0.0, 0.0, -0.039841, 0.0, 0.039841, 0.0, 0.119523, 0.039841, 0.079682, 0.0, 0.0, 0.079682, 0.079682, 0.039841, -0.039841, 0.0, -0.039841, 0.039841, 0.039841, 0.0, 0.039841, 0.0, 0.079682, -0.039841, -0.039841, 0.039841, 0.039841, 0.0, -0.039841, -0.039841, 0.0, -0.079682, 0.079682, 0.0, 0.039841, 0.0, -0.039841, 0.0, 0.079682, 0.039841, 0.079682, 0.0, 0.0, 0.039841, -0.039841, 0.0, 0.0, -0.039841, 0.0, -0.079682, 0.0, 0.039841, 0.119523, 0.039841, 0.039841, 0.079682, 0.0, 0.0, 0.0, 0.079682, 0.079682, -0.079682, 0.039841, 0.0, 0.039841, 0.079682, 0.039841, -0.039841, 0.0, 0.039841, 0.039841, -0.039841, 0.0, 0.0, -0.039841, 0.039841, 0.0, 0.0, 0.0, -0.039841, -0.039841, -0.039841, 0.039841, 0.0, 0.0, 0.039841, -0.079682, -0.039841, 0.0, 0.0, 0.0, -0.079682, -0.039841, 0.079682, 0.0, 0.079682, 0.0, -0.039841, 0.0, 0.0, 0.0, -0.039841, 0.0, -0.039841, 0.0, 0.0, -0.079682, -0.039841, 0.0, 0.079682, -0.039841, -0.039841, 0.039841, -0.119523, -0.039841, 0.039841, 0.039841, 0.039841, -0.039841, 0.0, 0.0]",12,6,6,93,121,0.5289,0.5365,0.5383,0.4711,1.0,0.5921,0.1667,0.5125,2026-09-19T15:26:22
179b7d88-6000-456b-a44a-7a207257f289,P-6742519DE7,T5,high,medium,google/gemma-4-31b-it,0,Neutral Engagement Agent,Imagine you unexpectedly have a free evening with nothing scheduled. How would you typically spend it?,"[-0.039841, 0.039841, 0.039841, 0.0, -0.039841, 0.079682, -0.119523, -0.039841, 0.0, 0.0, 0.0, 0.039841, 0.039841, 0.0, 0.0, 0.039841, -0.039841, 0.0, 0.0, 0.039841, 0.0, 0.0, 0.0, 0.039841, 0.0, 0.039841, -0.039841, -0.039841, 0.0, 0.039841, -0.039841, 0.0, 0.079682, 0.079682, 0.119523, -0.039841, -0.119523, 0.0, 0.0, 0.0, 0.0, -0.039841, -0.039841, -0.039841, 0.0, -0.079682, 0.0, -0.079682, -0.039841, -0.079682, 0.039841, -0.039841, 0.079682, 0.039841, 0.039841, 0.0, 0.0, 0.039841, 0.0, -0.039841, -0.039841, 0.0, 0.0, 0.0, 0.0, 0.0, 0.0, 0.0, 0.0, 0.039841, -0.039841, 0.0, 0.0, 0.0, 0.0, 0.0, 0.119523, -0.039841, 0.0, -0.039841, 0.0, 0.079682, 0.0, 0.0, 0.0, -0.079682, 0.0, -0.119523, 0.0, -0.119523, 0.0, -0.079682, 0.0, 0.039841, 0.079682, -0.079682, 0.039841, -0.039841, -0.039841, -0.159364, 0.0, 0.0, 0.0, 0.079682, 0.039841, -0.039841, -0.039841, -0.039841, 0.0, 0.0, -0.039841, -0.039841, 0.0, 0.079682, -0.119523, 0.039841, 0.039841, 0.0, 0.0, -0.039841, -0.039841, 0.0, -0.039841, -0.079682, -0.039841, 0.0, 0.0, 0.0, 0.039841, 0.0, 0.039841, 0.0, 0.039841, 0.119523, 0.039841, -0.039841, 0.079682, -0.079682, -0.039841, 0.0, 0.0, 0.039841, -0.039841, -0.039841, 0.039841, 0.0, 0.0, 0.039841, 0.039841, 0.0, -0.039841, 0.0, 0.039841, 0.0, -0.079682, 0.079682, 0.039841, 0.079682, 0.119523, -0.039841, 0.039841, 0.039841, 0.0, 0.079682, 0.039841, 0.039841, -0.039841, 0.0, 0.0, -0.079682, 0.039841, 0.0, 0.039841, 0.119523, -0.079682, 0.039841, -0.079682, 0.0, -0.039841, 0.0, 0.079682, 0.0, 0.039841, 0.039841, -0.079682, -0.039841, 0.039841, 0.079682, 0.039841, 0.0, 0.159364, 0.079682, 0.159364, 0.0, -0.159364, 0.0, 0.039841, 0.0, -0.079682, 0.0, 0.0, 0.0, 0.0, -0.079682, 0.039841, 0.039841, 0.0, -0.039841, 0.0, -0.159364, 0.039841, -0.039841, 0.039841, 0.0, -0.039841, 0.039841, 0.079682, 0.039841, 0.0, 0.0, 0.039841, 0.0, 0.0, -0.079682, 0.0, 0.079682, 0.119523, 0.079682, -0.039841, 0.079682, -0.079682, 0.0, -0.039841, 0.0, 0.039841, 0.0, 0.0, -0.039841, 0.0, 0.079682, 0.0, -0.039841, 0.0, 0.119523, 0.039841, 0.0, 0.039841, -0.039841, 0.0, 0.0, 0.039841, 0.039841, 0.119523, 0.0, 0.0, 0.039841, -0.079682, -0.079682, -0.039841, 0.119523, -0.079682, -0.079682, 0.0, 0.0, 0.0, -0.039841, 0.0, 0.039841, 0.0, 0.119523, 0.039841, 0.079682, 0.0, 0.0, 0.079682, 0.079682, 0.039841, -0.039841, 0.0, -0.039841, 0.039841, 0.039841, 0.0, 0.039841, 0.0, 0.079682, -0.039841, -0.039841, 0.039841, 0.039841, 0.0, -0.039841, -0.039841, 0.0, -0.079682, 0.079682, 0.0, 0.039841, 0.0, -0.039841, 0.0, 0.079682, 0.039841, 0.079682, 0.0, 0.0, 0.039841, -0.039841, 0.0, 0.0, -0.039841, 0.0, -0.079682, 0.0, 0.039841, 0.119523, 0.039841, 0.039841, 0.079682, 0.0, 0.0, 0.0, 0.079682, 0.079682, -0.079682, 0.039841, 0.0, 0.039841, 0.079682, 0.039841, -0.039841, 0.0, 0.039841, 0.039841, -0.039841, 0.0, 0.0, -0.039841, 0.039841, 0.0, 0.0, 0.0, -0.039841, -0.039841, -0.039841, 0.039841, 0.0, 0.0, 0.039841, -0.079682, -0.039841, 0.0, 0.0, 0.0, -0.079682, -0.039841, 0.079682, 0.0, 0.079682, 0.0, -0.039841, 0.0, 0.0, 0.0, -0.039841, 0.0, -0.039841, 0.0, 0.0, -0.079682, -0.039841, 0.0, 0.079682, -0.039841, -0.039841, 0.039841, -0.119523, -0.039841, 0.039841, 0.039841, 0.039841, -0.039841, 0.0, 0.0]",12,6,6,121,161,0.5482,0.5991,0.5564,0.4518,1.0,0.4248,0.3333,0.5439,2026-09-19T15:26:22
3cc10850-f5c8-4d2e-9214-aa63265ae14f,P-6742519DE7,T4,low,medium,google/gemma-4-31b-it,0,Neutral Engagement Agent,Think about a typical weekday morning before leaving for work or university. How does that routine usually unfold?,"[-0.042182, 0.0, -0.084365, 0.0, -0.084365, 0.042182, 0.042182, -0.042182, 0.042182, 0.042182, 0.0, 0.0, 0.042182, 0.0, 0.0, 0.0, -0.042182, 0.042182, -0.042182, 0.0, 0.0, 0.042182, 0.084365, -0.042182, 0.0, 0.0, 0.0, -0.042182, -0.042182, 0.16873, 0.0, 0.0, 0.042182, 0.042182, 0.0, -0.042182, 0.0, 0.0, 0.126547, 0.042182, 0.0, -0.042182, 0.042182, -0.084365, -0.042182, -0.084365, 0.0, -0.042182, -0.042182, 0.0, 0.042182, -0.042182, 0.042182, 0.0, 0.084365, 0.084365, 0.0, -0.042182, 0.084365, 0.042182, -0.042182, -0.042182, 0.0, 0.0, 0.042182, -0.042182, 0.0, 0.0, 0.084365, -0.042182, -0.042182, 0.0, -0.042182, 0.126547, 0.042182, 0.0, -0.042182, 0.0, 0.084365, -0.084365, 0.0, 0.0, 0.042182, 0.042182, 0.084365, 0.042182, -0.042182, -0.084365, 0.0, -0.042182, 0.084365, 0.042182, 0.042182, 0.0, -0.084365, 0.0, 0.0, 0.0, 0.0, -0.042182, 0.042182, -0.126547, 0.042182, 0.0, 0.042182, 0.042182, 0.0, 0.0, -0.126547, 0.042182, 0.0, 0.0, -0.042182, 0.042182, -0.042182, 0.042182, 0.0, -0.042182, 0.0, -0.042182, 0.042182, 0.0, -0.084365, 0.0, -0.042182, 0.0, -0.042182, 0.0, 0.0, 0.0, -0.084365, 0.0, 0.0, 0.042182, -0.084365, -0.042182, 0.084365, -0.042182, 0.126547, 0.042182, -0.084365, 0.0, -0.042182, 0.0, 0.0, 0.0, 0.0, -0.084365, 0.0, -0.084365, -0.084365, -0.16873, 0.042182, 0.042182, 0.0, 0.042182, -0.042182, 0.042182, 0.0, -0.084365, 0.0, 0.042182, -0.042182, 0.042182, -0.084365, 0.042182, 0.042182, -0.042182, 0.084365, 0.0, -0.042182, 0.084365, 0.042182, 0.0, 0.0, 0.0, -0.084365, 0.0, -0.042182, 0.126547, -0.042182, 0.0, 0.042182, -0.042182, 0.0, -0.042182, 0.0, 0.0, 0.0, 0.0, -0.042182, 0.0, 0.0, -0.042182, -0.042182, 0.0, 0.0, 0.042182, 0.042182, 0.0, -0.084365, -0.042182, 0.0, 0.0, 0.042182, 0.084365, 0.042182, -0.084365, -0.084365, -0.084365, 0.126547, 0.042182, -0.084365, 0.084365, 0.0, 0.0, 0.0, 0.0, 0.0, 0.0, -0.042182, 0.0, 0.042182, 0.0, 0.042182, -0.126547, 0.0, 0.042182, 0.084365, 0.0, -0.084365, 0.042182, 0.0, -0.042182, 0.0, -0.042182, 0.0, 0.0, 0.0, 0.0, 0.0, 0.042182, -0.084365, 0.042182, 0.0, 0.042182, -0.084365, 0.042182, 0.0, -0.084365, 0.042182, -0.042182, 0.042182, 0.042182, -0.042182, 0.042182, 0.084365, -0.042182, -0.042182, -0.042182, 0.126547, 0.0, -0.084365, 0.042182, 0.0, 0.0, -0.042182, 0.0, 0.042182, -0.042182, 0.0, 0.0, 0.084365, -0.084365, 0.0, 0.084365, -0.042182, 0.0, -0.16873, 0.084365, 0.042182, -0.042182, 0.0, -0.084365, -0.042182, -0.042182, 0.042182, 0.0, -0.084365, 0.042182, -0.042182, 0.0, 0.042182, 0.084365, -0.042182, 0.0, -0.042182, -0.042182, 0.042182, 0.084365, 0.0, 0.042182, 0.0, 0.0, 0.084365, 0.0, 0.042182, 0.042182, 0.042182, 0.0, 0.084365, 0.0, 0.0, 0.0, -0.042182, 0.0, -0.042182, 0.0, 0.0, 0.042182, 0.0, -0.126547, -0.042182, -0.042182, -0.084365, 0.0, 0.0, 0.042182, -0.042182, 0.042182, -0.084365, -0.084365, -0.042182, -0.042182, 0.126547, -0.042182, 0.084365, -0.042182, -0.042182, 0.042182, 0.0, -0.042182, -0.042182, 0.0, 0.0, -0.042182, -0.042182, -0.042182, 0.0, -0.042182, 0.0, 0.0, -0.042182, 0.0, 0.0, 0.084365, 0.0, 0.0, 0.042182, 0.042182, 0.042182, -0.084365, 0.0, 0.042182, -0.042182, 0.0, -0.042182, 0.0, 0.0, -0.042182, 0.042182, 0.0, -0.042182, -0.042182, -0.042182, 0.0, 0.084365, 0.126547, -0.042182, -0.084365, 0.0, 0.0, 0.0, 0.042182]",12,6,6,141,184,0.5673,0.6034,0.5298,0.4327,1.0,0.4959,0.0,0.4892,2026-09-19T15:26:22
45295ffb-ae04-409e-8d62-e6a64838f976,P-6742519DE7,T5,high,medium,google/gemma-4-31b-it,1,Neutral Engagement Agent,Imagine you unexpectedly have a free evening with nothing scheduled. How would you typically spend it?,"[-0.039841, 0.039841, 0.039841, 0.0, -0.039841, 0.079682, -0.119523, -0.039841, 0.0, 0.0, 0.0, 0.039841, 0.039841, 0.0, 0.0, 0.039841, -0.039841, 0.0, 0.0, 0.039841, 0.0, 0.0, 0.0, 0.039841, 0.0, 0.039841, -0.039841, -0.039841, 0.0, 0.039841, -0.039841, 0.0, 0.079682, 0.079682, 0.119523, -0.039841, -0.119523, 0.0, 0.0, 0.0, 0.0, -0.039841, -0.039841, -0.039841, 0.0, -0.079682, 0.0, -0.079682, -0.039841, -0.079682, 0.039841, -0.039841, 0.079682, 0.039841, 0.039841, 0.0, 0.0, 0.039841, 0.0, -0.039841, -0.039841, 0.0, 0.0, 0.0, 0.0, 0.0, 0.0, 0.0, 0.0, 0.039841, -0.039841, 0.0, 0.0, 0.0, 0.0, 0.0, 0.119523, -0.039841, 0.0, -0.039841, 0.0, 0.079682, 0.0, 0.0, 0.0, -0.079682, 0.0, -0.119523, 0.0, -0.119523, 0.0, -0.079682, 0.0, 0.039841, 0.079682, -0.079682, 0.039841, -0.039841, -0.039841, -0.159364, 0.0, 0.0, 0.0, 0.079682, 0.039841, -0.039841, -0.039841, -0.039841, 0.0, 0.0, -0.039841, -0.039841, 0.0, 0.079682, -0.119523, 0.039841, 0.039841, 0.0, 0.0, -0.039841, -0.039841, 0.0, -0.039841, -0.079682, -0.039841, 0.0, 0.0, 0.0, 0.039841, 0.0, 0.039841, 0.0, 0.039841, 0.119523, 0.039841, -0.039841, 0.079682, -0.079682, -0.039841, 0.0, 0.0, 0.039841, -0.039841, -0.039841, 0.039841, 0.0, 0.0, 0.039841, 0.039841, 0.0, -0.039841, 0.0, 0.039841, 0.0, -0.079682, 0.079682, 0.039841, 0.079682, 0.119523, -0.039841, 0.039841, 0.039841, 0.0, 0.079682, 0.039841, 0.039841, -0.039841, 0.0, 0.0, -0.079682, 0.039841, 0.0, 0.039841, 0.119523, -0.079682, 0.039841, -0.079682, 0.0, -0.039841, 0.0, 0.079682, 0.0, 0.039841, 0.039841, -0.079682, -0.039841, 0.039841, 0.079682, 0.039841, 0.0, 0.159364, 0.079682, 0.159364, 0.0, -0.159364, 0.0, 0.039841, 0.0, -0.079682, 0.0, 0.0, 0.0, 0.0, -0.079682, 0.039841, 0.039841, 0.0, -0.039841, 0.0, -0.159364, 0.039841, -0.039841, 0.039841, 0.0, -0.039841, 0.039841, 0.079682, 0.039841, 0.0, 0.0, 0.039841, 0.0, 0.0, -0.079682, 0.0, 0.079682, 0.119523, 0.079682, -0.039841, 0.079682, -0.079682, 0.0, -0.039841, 0.0, 0.039841, 0.0, 0.0, -0.039841, 0.0, 0.079682, 0.0, -0.039841, 0.0, 0.119523, 0.039841, 0.0, 0.039841, -0.039841, 0.0, 0.0, 0.039841, 0.039841, 0.119523, 0.0, 0.0, 0.039841, -0.079682, -0.079682, -0.039841, 0.119523, -0.079682, -0.079682, 0.0, 0.0, 0.0, -0.039841, 0.0, 0.039841, 0.0, 0.119523, 0.039841, 0.079682, 0.0, 0.0, 0.079682, 0.079682, 0.039841, -0.039841, 0.0, -0.039841, 0.039841, 0.039841, 0.0, 0.039841, 0.0, 0.079682, -0.039841, -0.039841, 0.039841, 0.039841, 0.0, -0.039841, -0.039841, 0.0, -0.079682, 0.079682, 0.0, 0.039841, 0.0, -0.039841, 0.0, 0.079682, 0.039841, 0.079682, 0.0, 0.0, 0.039841, -0.039841, 0.0, 0.0, -0.039841, 0.0, -0.079682, 0.0, 0.039841, 0.119523, 0.039841, 0.039841, 0.079682, 0.0, 0.0, 0.0, 0.079682, 0.079682, -0.079682, 0.039841, 0.0, 0.039841, 0.079682, 0.039841, -0.039841, 0.0, 0.039841, 0.039841, -0.039841, 0.0, 0.0, -0.039841, 0.039841, 0.0, 0.0, 0.0, -0.039841, -0.039841, -0.039841, 0.039841, 0.0, 0.0, 0.039841, -0.079682, -0.039841, 0.0, 0.0, 0.0, -0.079682, -0.039841, 0.079682, 0.0, 0.079682, 0.0, -0.039841, 0.0, 0.0, 0.0, -0.039841, 0.0, -0.039841, 0.0, 0.0, -0.079682, -0.039841, 0.0, 0.079682, -0.039841, -0.039841, 0.039841, -0.119523, -0.039841, 0.039841, 0.039841, 0.039841, -0.039841, 0.0, 0.0]",12,6,6,131,170,0.5073,0.55,0.542,0.4927,1.0,0.5888,0.3333,0.5362,2026-09-19T15:26:22
635de3aa-ff33-4415-8ad9-9b1ae5317ea1,P-6742519DE7,T4,low,small,google/gemma-3-4b-it,0,Neutral Engagement Agent,Think about a typical weekday morning before leaving for work or university. How does that routine usually unfold?,"[-0.042182, 0.0, -0.084365, 0.0, -0.084365, 0.042182, 0.042182, -0.042182, 0.042182, 0.042182, 0.0, 0.0, 0.042182, 0.0, 0.0, 0.0, -0.042182, 0.042182, -0.042182, 0.0, 0.0, 0.042182, 0.084365, -0.042182, 0.0, 0.0, 0.0, -0.042182, -0.042182, 0.16873, 0.0, 0.0, 0.042182, 0.042182, 0.0, -0.042182, 0.0, 0.0, 0.126547, 0.042182, 0.0, -0.042182, 0.042182, -0.084365, -0.042182, -0.084365, 0.0, -0.042182, -0.042182, 0.0, 0.042182, -0.042182, 0.042182, 0.0, 0.084365, 0.084365, 0.0, -0.042182, 0.084365, 0.042182, -0.042182, -0.042182, 0.0, 0.0, 0.042182, -0.042182, 0.0, 0.0, 0.084365, -0.042182, -0.042182, 0.0, -0.042182, 0.126547, 0.042182, 0.0, -0.042182, 0.0, 0.084365, -0.084365, 0.0, 0.0, 0.042182, 0.042182, 0.084365, 0.042182, -0.042182, -0.084365, 0.0, -0.042182, 0.084365, 0.042182, 0.042182, 0.0, -0.084365, 0.0, 0.0, 0.0, 0.0, -0.042182, 0.042182, -0.126547, 0.042182, 0.0, 0.042182, 0.042182, 0.0, 0.0, -0.126547, 0.042182, 0.0, 0.0, -0.042182, 0.042182, -0.042182, 0.042182, 0.0, -0.042182, 0.0, -0.042182, 0.042182, 0.0, -0.084365, 0.0, -0.042182, 0.0, -0.042182, 0.0, 0.0, 0.0, -0.084365, 0.0, 0.0, 0.042182, -0.084365, -0.042182, 0.084365, -0.042182, 0.126547, 0.042182, -0.084365, 0.0, -0.042182, 0.0, 0.0, 0.0, 0.0, -0.084365, 0.0, -0.084365, -0.084365, -0.16873, 0.042182, 0.042182, 0.0, 0.042182, -0.042182, 0.042182, 0.0, -0.084365, 0.0, 0.042182, -0.042182, 0.042182, -0.084365, 0.042182, 0.042182, -0.042182, 0.084365, 0.0, -0.042182, 0.084365, 0.042182, 0.0, 0.0, 0.0, -0.084365, 0.0, -0.042182, 0.126547, -0.042182, 0.0, 0.042182, -0.042182, 0.0, -0.042182, 0.0, 0.0, 0.0, 0.0, -0.042182, 0.0, 0.0, -0.042182, -0.042182, 0.0, 0.0, 0.042182, 0.042182, 0.0, -0.084365, -0.042182, 0.0, 0.0, 0.042182, 0.084365, 0.042182, -0.084365, -0.084365, -0.084365, 0.126547, 0.042182, -0.084365, 0.084365, 0.0, 0.0, 0.0, 0.0, 0.0, 0.0, -0.042182, 0.0, 0.042182, 0.0, 0.042182, -0.126547, 0.0, 0.042182, 0.084365, 0.0, -0.084365, 0.042182, 0.0, -0.042182, 0.0, -0.042182, 0.0, 0.0, 0.0, 0.0, 0.0, 0.042182, -0.084365, 0.042182, 0.0, 0.042182, -0.084365, 0.042182, 0.0, -0.084365, 0.042182, -0.042182, 0.042182, 0.042182, -0.042182, 0.042182, 0.084365, -0.042182, -0.042182, -0.042182, 0.126547, 0.0, -0.084365, 0.042182, 0.0, 0.0, -0.042182, 0.0, 0.042182, -0.042182, 0.0, 0.0, 0.084365, -0.084365, 0.0, 0.084365, -0.042182, 0.0, -0.16873, 0.084365, 0.042182, -0.042182, 0.0, -0.084365, -0.042182, -0.042182, 0.042182, 0.0, -0.084365, 0.042182, -0.042182, 0.0, 0.042182, 0.084365, -0.042182, 0.0, -0.042182, -0.042182, 0.042182, 0.084365, 0.0, 0.042182, 0.0, 0.0, 0.084365, 0.0, 0.042182, 0.042182, 0.042182, 0.0, 0.084365, 0.0, 0.0, 0.0, -0.042182, 0.0, -0.042182, 0.0, 0.0, 0.042182, 0.0, -0.126547, -0.042182, -0.042182, -0.084365, 0.0, 0.0, 0.042182, -0.042182, 0.042182, -0.084365, -0.084365, -0.042182, -0.042182, 0.126547, -0.042182, 0.084365, -0.042182, -0.042182, 0.042182, 0.0, -0.042182, -0.042182, 0.0, 0.0, -0.042182, -0.042182, -0.042182, 0.0, -0.042182, 0.0, 0.0, -0.042182, 0.0, 0.0, 0.084365, 0.0, 0.0, 0.042182, 0.042182, 0.042182, -0.084365, 0.0, 0.042182, -0.042182, 0.0, -0.042182, 0.0, 0.0, -0.042182, 0.042182, 0.0, -0.042182, -0.042182, -0.042182, 0.0, 0.084365, 0.126547, -0.042182, -0.084365, 0.0, 0.0, 0.0, 0.042182]",12,6,6,100,130,0.562,0.5765,0.5256,0.438,1.0,0.3978,0.25,0.5251,2026-09-19T15:26:22
89a79690-e139-422c-9c42-31dfdf72c2e7,P-6742519DE7,T4,low,small,google/gemma-3-4b-it,1,Neutral Engagement Agent,Think about a typical weekday morning before leaving for work or university. How does that routine usually unfold?,"[-0.042182, 0.0, -0.084365, 0.0, -0.084365, 0.042182, 0.042182, -0.042182, 0.042182, 0.042182, 0.0, 0.0, 0.042182, 0.0, 0.0, 0.0, -0.042182, 0.042182, -0.042182, 0.0, 0.0, 0.042182, 0.084365, -0.042182, 0.0, 0.0, 0.0, -0.042182, -0.042182, 0.16873, 0.0, 0.0, 0.042182, 0.042182, 0.0, -0.042182, 0.0, 0.0, 0.126547, 0.042182, 0.0, -0.042182, 0.042182, -0.084365, -0.042182, -0.084365, 0.0, -0.042182, -0.042182, 0.0, 0.042182, -0.042182, 0.042182, 0.0, 0.084365, 0.084365, 0.0, -0.042182, 0.084365, 0.042182, -0.042182, -0.042182, 0.0, 0.0, 0.042182, -0.042182, 0.0, 0.0, 0.084365, -0.042182, -0.042182, 0.0, -0.042182, 0.126547, 0.042182, 0.0, -0.042182, 0.0, 0.084365, -0.084365, 0.0, 0.0, 0.042182, 0.042182, 0.084365, 0.042182, -0.042182, -0.084365, 0.0, -0.042182, 0.084365, 0.042182, 0.042182, 0.0, -0.084365, 0.0, 0.0, 0.0, 0.0, -0.042182, 0.042182, -0.126547, 0.042182, 0.0, 0.042182, 0.042182, 0.0, 0.0, -0.126547, 0.042182, 0.0, 0.0, -0.042182, 0.042182, -0.042182, 0.042182, 0.0, -0.042182, 0.0, -0.042182, 0.042182, 0.0, -0.084365, 0.0, -0.042182, 0.0, -0.042182, 0.0, 0.0, 0.0, -0.084365, 0.0, 0.0, 0.042182, -0.084365, -0.042182, 0.084365, -0.042182, 0.126547, 0.042182, -0.084365, 0.0, -0.042182, 0.0, 0.0, 0.0, 0.0, -0.084365, 0.0, -0.084365, -0.084365, -0.16873, 0.042182, 0.042182, 0.0, 0.042182, -0.042182, 0.042182, 0.0, -0.084365, 0.0, 0.042182, -0.042182, 0.042182, -0.084365, 0.042182, 0.042182, -0.042182, 0.084365, 0.0, -0.042182, 0.084365, 0.042182, 0.0, 0.0, 0.0, -0.084365, 0.0, -0.042182, 0.126547, -0.042182, 0.0, 0.042182, -0.042182, 0.0, -0.042182, 0.0, 0.0, 0.0, 0.0, -0.042182, 0.0, 0.0, -0.042182, -0.042182, 0.0, 0.0, 0.042182, 0.042182, 0.0, -0.084365, -0.042182, 0.0, 0.0, 0.042182, 0.084365, 0.042182, -0.084365, -0.084365, -0.084365, 0.126547, 0.042182, -0.084365, 0.084365, 0.0, 0.0, 0.0, 0.0, 0.0, 0.0, -0.042182, 0.0, 0.042182, 0.0, 0.042182, -0.126547, 0.0, 0.042182, 0.084365, 0.0, -0.084365, 0.042182, 0.0, -0.042182, 0.0, -0.042182, 0.0, 0.0, 0.0, 0.0, 0.0, 0.042182, -0.084365, 0.042182, 0.0, 0.042182, -0.084365, 0.042182, 0.0, -0.084365, 0.042182, -0.042182, 0.042182, 0.042182, -0.042182, 0.042182, 0.084365, -0.042182, -0.042182, -0.042182, 0.126547, 0.0, -0.084365, 0.042182, 0.0, 0.0, -0.042182, 0.0, 0.042182, -0.042182, 0.0, 0.0, 0.084365, -0.084365, 0.0, 0.084365, -0.042182, 0.0, -0.16873, 0.084365, 0.042182, -0.042182, 0.0, -0.084365, -0.042182, -0.042182, 0.042182, 0.0, -0.084365, 0.042182, -0.042182, 0.0, 0.042182, 0.084365, -0.042182, 0.0, -0.042182, -0.042182, 0.042182, 0.084365, 0.0, 0.042182, 0.0, 0.0, 0.084365, 0.0, 0.042182, 0.042182, 0.042182, 0.0, 0.084365, 0.0, 0.0, 0.0, -0.042182, 0.0, -0.042182, 0.0, 0.0, 0.042182, 0.0, -0.126547, -0.042182, -0.042182, -0.084365, 0.0, 0.0, 0.042182, -0.042182, 0.042182, -0.084365, -0.084365, -0.042182, -0.042182, 0.126547, -0.042182, 0.084365, -0.042182, -0.042182, 0.042182, 0.0, -0.042182, -0.042182, 0.0, 0.0, -0.042182, -0.042182, -0.042182, 0.0, -0.042182, 0.0, 0.0, -0.042182, 0.0, 0.0, 0.084365, 0.0, 0.0, 0.042182, 0.042182, 0.042182, -0.084365, 0.0, 0.042182, -0.042182, 0.0, -0.042182, 0.0, 0.0, -0.042182, 0.042182, 0.0, -0.042182, -0.042182, -0.042182, 0.0, 0.084365, 0.126547, -0.042182, -0.084365, 0.0, 0.0, 0.0, 0.042182]",12,6,6,91,117,0.5567,0.5683,0.5423,0.4433,1.0,0.7206,0.1667,0.5162,2026-09-19T15:26:22
8b7f1394-68dc-453f-8928-6bfefcc9fba6,P-6742519DE7,T5,high,small,google/gemma-3-4b-it,1,Neutral Engagement Agent,Imagine you unexpectedly have a free evening with nothing scheduled. How would you typically spend it?,"[-0.039841, 0.039841, 0.039841, 0.0, -0.039841, 0.079682, -0.119523, -0.039841, 0.0, 0.0, 0.0, 0.039841, 0.039841, 0.0, 0.0, 0.039841, -0.039841, 0.0, 0.0, 0.039841, 0.0, 0.0, 0.0, 0.039841, 0.0, 0.039841, -0.039841, -0.039841, 0.0, 0.039841, -0.039841, 0.0, 0.079682, 0.079682, 0.119523, -0.039841, -0.119523, 0.0, 0.0, 0.0, 0.0, -0.039841, -0.039841, -0.039841, 0.0, -0.079682, 0.0, -0.079682, -0.039841, -0.079682, 0.039841, -0.039841, 0.079682, 0.039841, 0.039841, 0.0, 0.0, 0.039841, 0.0, -0.039841, -0.039841, 0.0, 0.0, 0.0, 0.0, 0.0, 0.0, 0.0, 0.0, 0.039841, -0.039841, 0.0, 0.0, 0.0, 0.0, 0.0, 0.119523, -0.039841, 0.0, -0.039841, 0.0, 0.079682, 0.0, 0.0, 0.0, -0.079682, 0.0, -0.119523, 0.0, -0.119523, 0.0, -0.079682, 0.0, 0.039841, 0.079682, -0.079682, 0.039841, -0.039841, -0.039841, -0.159364, 0.0, 0.0, 0.0, 0.079682, 0.039841, -0.039841, -0.039841, -0.039841, 0.0, 0.0, -0.039841, -0.039841, 0.0, 0.079682, -0.119523, 0.039841, 0.039841, 0.0, 0.0, -0.039841, -0.039841, 0.0, -0.039841, -0.079682, -0.039841, 0.0, 0.0, 0.0, 0.039841, 0.0, 0.039841, 0.0, 0.039841, 0.119523, 0.039841, -0.039841, 0.079682, -0.079682, -0.039841, 0.0, 0.0, 0.039841, -0.039841, -0.039841, 0.039841, 0.0, 0.0, 0.039841, 0.039841, 0.0, -0.039841, 0.0, 0.039841, 0.0, -0.079682, 0.079682, 0.039841, 0.079682, 0.119523, -0.039841, 0.039841, 0.039841, 0.0, 0.079682, 0.039841, 0.039841, -0.039841, 0.0, 0.0, -0.079682, 0.039841, 0.0, 0.039841, 0.119523, -0.079682, 0.039841, -0.079682, 0.0, -0.039841, 0.0, 0.079682, 0.0, 0.039841, 0.039841, -0.079682, -0.039841, 0.039841, 0.079682, 0.039841, 0.0, 0.159364, 0.079682, 0.159364, 0.0, -0.159364, 0.0, 0.039841, 0.0, -0.079682, 0.0, 0.0, 0.0, 0.0, -0.079682, 0.039841, 0.039841, 0.0, -0.039841, 0.0, -0.159364, 0.039841, -0.039841, 0.039841, 0.0, -0.039841, 0.039841, 0.079682, 0.039841, 0.0, 0.0, 0.039841, 0.0, 0.0, -0.079682, 0.0, 0.079682, 0.119523, 0.079682, -0.039841, 0.079682, -0.079682, 0.0, -0.039841, 0.0, 0.039841, 0.0, 0.0, -0.039841, 0.0, 0.079682, 0.0, -0.039841, 0.0, 0.119523, 0.039841, 0.0, 0.039841, -0.039841, 0.0, 0.0, 0.039841, 0.039841, 0.119523, 0.0, 0.0, 0.039841, -0.079682, -0.079682, -0.039841, 0.119523, -0.079682, -0.079682, 0.0, 0.0, 0.0, -0.039841, 0.0, 0.039841, 0.0, 0.119523, 0.039841, 0.079682, 0.0, 0.0, 0.079682, 0.079682, 0.039841, -0.039841, 0.0, -0.039841, 0.039841, 0.039841, 0.0, 0.039841, 0.0, 0.079682, -0.039841, -0.039841, 0.039841, 0.039841, 0.0, -0.039841, -0.039841, 0.0, -0.079682, 0.079682, 0.0, 0.039841, 0.0, -0.039841, 0.0, 0.079682, 0.039841, 0.079682, 0.0, 0.0, 0.039841, -0.039841, 0.0, 0.0, -0.039841, 0.0, -0.079682, 0.0, 0.039841, 0.119523, 0.039841, 0.039841, 0.079682, 0.0, 0.0, 0.0, 0.079682, 0.079682, -0.079682, 0.039841, 0.0, 0.039841, 0.079682, 0.039841, -0.039841, 0.0, 0.039841, 0.039841, -0.039841, 0.0, 0.0, -0.039841, 0.039841, 0.0, 0.0, 0.0, -0.039841, -0.039841, -0.039841, 0.039841, 0.0, 0.0, 0.039841, -0.079682, -0.039841, 0.0, 0.0, 0.0, -0.079682, -0.039841, 0.079682, 0.0, 0.079682, 0.0, -0.039841, 0.0, 0.0, 0.0, -0.039841, 0.0, -0.039841, 0.0, 0.0, -0.079682, -0.039841, 0.0, 0.079682, -0.039841, -0.039841, 0.039841, -0.119523, -0.039841, 0.039841, 0.039841, 0.039841, -0.039841, 0.0, 0.0]",12,6,6,76,100,0.5311,0.5212,0.501,0.4689,1.0,0.4925,0.25,0.5159,2026-09-19T15:26:22
8d7ed40e-1979-45b8-80bd-302158779af9,P-6742519DE7,T5,high,medium,google/gemma-4-31b-it,0,Neutral Engagement Agent,"After a long and tiring day, you return home with no immediate obligations. How do you usually spend that time?","[0.110282, -0.036761, 0.0, 0.0, 0.0, 0.036761, -0.036761, -0.036761, 0.0, -0.036761, 0.073521, -0.036761, 0.110282, 0.036761, 0.036761, -0.036761, -0.036761, 0.036761, 0.0, 0.0, 0.036761, 0.036761, -0.036761, 0.036761, 0.0, 0.0, 0.0, 0.0, 0.0, 0.036761, -0.036761, 0.0, 0.073521, 0.073521, 0.073521, -0.036761, -0.073521, 0.110282, 0.0, -0.036761, 0.0, 0.036761, 0.036761, 0.0, 0.0, -0.036761, 0.0, 0.0, -0.036761, 0.0, 0.036761, 0.073521, 0.036761, 0.073521, 0.036761, 0.0, 0.0, 0.0, 0.0, -0.036761, -0.036761, -0.036761, -0.036761, 0.036761, 0.0, -0.036761, 0.0, 0.0, 0.036761, -0.036761, -0.036761, 0.036761, 0.0, 0.0, 0.0, 0.0, 0.073521, -0.073521, -0.036761, 0.036761, 0.0, 0.036761, 0.036761, 0.0, 0.073521, -0.147043, 0.036761, -0.110282, 0.0, -0.036761, 0.0, 0.110282, -0.036761, -0.073521, 0.0, -0.036761, 0.036761, 0.0, -0.036761, -0.073521, 0.036761, 0.073521, -0.036761, 0.036761, 0.036761, 0.0, 0.0, -0.036761, 0.036761, -0.036761, 0.036761, -0.036761, 0.0, 0.073521, -0.073521, 0.036761, -0.036761, 0.036761, -0.036761, -0.036761, 0.0, 0.0, 0.0, 0.036761, 0.0, 0.0, -0.036761, 0.0, 0.073521, 0.036761, 0.0, -0.036761, 0.0, 0.110282, 0.0, -0.036761, 0.073521, 0.0, 0.0, 0.0, -0.036761, 0.036761, -0.073521, -0.036761, -0.036761, -0.036761, 0.0, 0.036761, 0.0, 0.0, -0.036761, -0.036761, -0.036761, 0.0, -0.036761, 0.0, 0.0, 0.036761, 0.110282, 0.0, 0.036761, 0.036761, -0.036761, 0.073521, 0.036761, 0.0, 0.110282, -0.036761, 0.036761, 0.0, -0.036761, 0.0, 0.0, 0.0, 0.0, -0.073521, -0.073521, -0.073521, -0.110282, 0.0, 0.036761, -0.036761, 0.036761, 0.036761, 0.0, 0.0, 0.0, 0.110282, 0.036761, 0.036761, 0.036761, 0.073521, 0.147043, 0.0, -0.036761, 0.036761, 0.073521, 0.0, -0.036761, 0.036761, 0.0, 0.036761, -0.036761, 0.073521, 0.0, -0.036761, -0.073521, -0.110282, 0.036761, -0.110282, 0.036761, 0.036761, 0.0, 0.073521, 0.0, 0.147043, 0.036761, 0.0, 0.036761, 0.036761, 0.0, -0.036761, 0.036761, -0.036761, 0.0, 0.0, 0.147043, 0.147043, 0.0, -0.036761, -0.073521, 0.0, -0.036761, -0.073521, 0.0, -0.110282, 0.036761, -0.036761, -0.036761, 0.0, -0.073521, 0.0, 0.036761, 0.220564, 0.036761, 0.0, 0.0, 0.0, 0.036761, -0.036761, -0.036761, 0.036761, 0.0, 0.0, -0.036761, 0.0, -0.073521, -0.036761, -0.110282, 0.0, -0.036761, -0.036761, -0.073521, 0.0, 0.0, -0.036761, 0.0, 0.0, -0.036761, 0.183804, -0.036761, 0.0, 0.036761, 0.036761, 0.036761, -0.036761, -0.036761, -0.110282, -0.073521, 0.036761, 0.073521, 0.0, 0.036761, 0.0, -0.073521, 0.073521, -0.036761, -0.036761, -0.036761, 0.110282, 0.0, 0.036761, 0.0, -0.036761, 0.036761, 0.0, -0.073521, 0.073521, -0.036761, -0.036761, 0.0, -0.036761, -0.147043, 0.073521, 0.0, 0.147043, 0.036761, 0.110282, 0.073521, 0.036761, 0.0, 0.0, -0.073521, -0.073521, 0.036761, 0.0, -0.073521, 0.036761, 0.0, 0.0, 0.036761, 0.0, 0.036761, 0.036761, -0.073521, -0.036761, -0.036761, -0.073521, 0.036761, 0.036761, 0.0, -0.036761, 0.0, 0.0, 0.110282, -0.036761, 0.0, 0.0, 0.110282, 0.0, 0.036761, 0.0, -0.036761, 0.0, -0.036761, 0.036761, 0.0, -0.073521, 0.036761, -0.036761, 0.036761, 0.036761, 0.036761, 0.0, 0.0, -0.110282, 0.0, -0.036761, 0.0, 0.0, 0.0, -0.036761, 0.036761, -0.036761, 0.0, 0.0, -0.036761, -0.036761, -0.036761, -0.147043, -0.036761, 0.0, 0.036761, -0.073521, 0.0, 0.036761, -0.073521, -0.036761, -0.036761, -0.036761, 0.0, 0.0, 0.073521, 0.0]",12,6,6,114,147,0.5404,0.5771,0.542,0.4596,1.0,0.4412,0.4167,0.552,2026-09-19T15:26:22
bd14f0de-e6ca-4bc8-8290-60c1f0c2bb90,P-6742519DE7,T4,low,small,google/gemma-3-4b-it,1,Neutral Engagement Agent,Think about a typical weekday lunch break. How do you usually spend it?,"[-0.04845, 0.0, -0.04845, 0.0, -0.04845, 0.04845, 0.0, -0.04845, 0.04845, 0.0, 0.04845, 0.04845, 0.04845, 0.04845, 0.0, 0.0, 0.0, 0.04845, 0.04845, 0.04845, -0.04845, 0.04845, 0.0, 0.0, -0.04845, 0.0, 0.0, -0.14535, 0.0, 0.04845, 0.0, 0.0, -0.04845, 0.0969, 0.0969, -0.04845, -0.04845, 0.0, 0.0, 0.04845, 0.0, -0.04845, 0.0, -0.0969, -0.04845, -0.0969, 0.0969, 0.0, -0.04845, 0.0, 0.04845, 0.04845, 0.0969, 0.04845, 0.0969, 0.04845, 0.0, 0.04845, 0.0, 0.0, -0.04845, 0.0, 0.0, 0.0, 0.0, 0.0, 0.0, 0.0, 0.0, 0.0, 0.0, 0.0, -0.04845, 0.0969, 0.0969, 0.0, 0.04845, -0.0969, 0.0969, -0.0969, 0.0, 0.04845, 0.0, 0.04845, 0.0969, -0.04845, 0.0, -0.0969, 0.0, -0.0969, 0.04845, 0.0, 0.04845, 0.0, 0.0, 0.0, 0.0, -0.04845, 0.0, -0.04845, 0.04845, -0.04845, -0.04845, -0.04845, 0.04845, -0.04845, 0.0, 0.0, -0.0969, 0.0, 0.04845, -0.04845, -0.04845, 0.0969, -0.0969, -0.04845, 0.0, 0.0, -0.04845, 0.0, 0.0, -0.04845, -0.04845, -0.04845, 0.0, 0.0, 0.0, -0.04845, -0.04845, -0.04845, -0.04845, 0.0, 0.04845, 0.0969, -0.0969, -0.14535, 0.04845, -0.0969, 0.04845, 0.0, -0.04845, 0.0, -0.04845, -0.04845, -0.04845, 0.04845, 0.0, 0.0, 0.04845, -0.0969, -0.04845, -0.193801, 0.0, -0.04845, -0.04845, 0.04845, 0.0, 0.04845, 0.0, -0.04845, 0.04845, 0.04845, -0.04845, -0.04845, -0.04845, 0.0, 0.0, 0.0, 0.0, -0.04845, 0.0, 0.0, -0.04845, 0.04845, 0.04845, 0.0, 0.0, 0.0, -0.04845, 0.04845, -0.0969, 0.0, 0.0, 0.0, 0.0, -0.0969, 0.04845, 0.04845, 0.0, 0.0, 0.0, 0.0969, 0.04845, 0.0, -0.04845, 0.04845, 0.0, 0.0, 0.0, -0.04845, 0.0, -0.04845, 0.0, 0.0, -0.04845, 0.04845, -0.04845, -0.04845, 0.04845, -0.04845, 0.04845, 0.04845, -0.04845, 0.04845, 0.0, 0.14535, 0.04845, -0.0969, 0.04845, 0.0, -0.04845, 0.0, 0.0, -0.04845, 0.0, 0.0, 0.0, 0.0, -0.04845, 0.04845, -0.04845, 0.04845, -0.04845, -0.04845, 0.0, -0.04845, 0.0, -0.04845, 0.04845, 0.0, -0.04845, 0.04845, 0.0, 0.0969, 0.04845, 0.04845, -0.04845, -0.04845, 0.0, 0.0, 0.04845, -0.04845, 0.04845, 0.0, 0.0, 0.0, 0.04845, -0.14535, -0.04845, 0.0, -0.04845, 0.0, -0.04845, 0.04845, 0.0, -0.0969, 0.0, 0.04845, 0.0, 0.0, -0.04845, 0.04845, 0.0, -0.04845, 0.0, 0.04845, -0.04845, -0.0969, -0.04845, 0.04845, -0.04845, 0.0, 0.0, 0.0, -0.04845, 0.0969, 0.0, 0.0, -0.04845, 0.0, 0.0, 0.04845, 0.0, 0.04845, -0.04845, -0.04845, -0.04845, 0.04845, -0.04845, 0.0, 0.0, 0.0, -0.04845, 0.04845, 0.0, 0.0, 0.0, 0.0969, -0.0969, 0.0, -0.04845, 0.04845, -0.04845, 0.0, 0.04845, 0.04845, 0.04845, 0.04845, 0.0, 0.0, 0.0, -0.0969, 0.0, 0.04845, -0.14535, 0.0, 0.0, 0.0, 0.04845, 0.0969, -0.14535, -0.04845, 0.0, 0.0, 0.0969, -0.04845, 0.0, -0.04845, -0.04845, 0.0, -0.04845, 0.0, -0.04845, 0.0, 0.0, -0.04845, -0.04845, 0.04845, 0.04845, 0.0, 0.0, 0.0, 0.04845, 0.0, -0.04845, -0.04845, 0.0, 0.0, 0.04845, 0.04845, 0.0969, -0.04845, 0.0, 0.0, 0.0, 0.04845, -0.0969, 0.04845, 0.0, -0.14535, 0.193801, 0.0, 0.04845, -0.04845, 0.0, 0.04845, 0.0, 0.04845, 0.04845, -0.04845, 0.04845, -0.04845, 0.0, -0.04845]",12,6,6,95,122,0.5538,0.5624,0.5252,0.4462,1.0,0.4878,0.1667,0.5117,2026-09-19T15:26:22
d79fb43d-180a-4814-ab3e-e7a52a2781e9,P-6742519DE7,T4,low,small,google/gemma-3-4b-it,0,Neutral Engagement Agent,Think about a typical weekday lunch break. How do you usually spend it?,"[-0.04845, 0.0, -0.04845, 0.0, -0.04845, 0.04845, 0.0, -0.04845, 0.04845, 0.0, 0.04845, 0.04845, 0.04845, 0.04845, 0.0, 0.0, 0.0, 0.04845, 0.04845, 0.04845, -0.04845, 0.04845, 0.0, 0.0, -0.04845, 0.0, 0.0, -0.14535, 0.0, 0.04845, 0.0, 0.0, -0.04845, 0.0969, 0.0969, -0.04845, -0.04845, 0.0, 0.0, 0.04845, 0.0, -0.04845, 0.0, -0.0969, -0.04845, -0.0969, 0.0969, 0.0, -0.04845, 0.0, 0.04845, 0.04845, 0.0969, 0.04845, 0.0969, 0.04845, 0.0, 0.04845, 0.0, 0.0, -0.04845, 0.0, 0.0, 0.0, 0.0, 0.0, 0.0, 0.0, 0.0, 0.0, 0.0, 0.0, -0.04845, 0.0969, 0.0969, 0.0, 0.04845, -0.0969, 0.0969, -0.0969, 0.0, 0.04845, 0.0, 0.04845, 0.0969, -0.04845, 0.0, -0.0969, 0.0, -0.0969, 0.04845, 0.0, 0.04845, 0.0, 0.0, 0.0, 0.0, -0.04845, 0.0, -0.04845, 0.04845, -0.04845, -0.04845, -0.04845, 0.04845, -0.04845, 0.0, 0.0, -0.0969, 0.0, 0.04845, -0.04845, -0.04845, 0.0969, -0.0969, -0.04845, 0.0, 0.0, -0.04845, 0.0, 0.0, -0.04845, -0.04845, -0.04845, 0.0, 0.0, 0.0, -0.04845, -0.04845, -0.04845, -0.04845, 0.0, 0.04845, 0.0969, -0.0969, -0.14535, 0.04845, -0.0969, 0.04845, 0.0, -0.04845, 0.0, -0.04845, -0.04845, -0.04845, 0.04845, 0.0, 0.0, 0.04845, -0.0969, -0.04845, -0.193801, 0.0, -0.04845, -0.04845, 0.04845, 0.0, 0.04845, 0.0, -0.04845, 0.04845, 0.04845, -0.04845, -0.04845, -0.04845, 0.0, 0.0, 0.0, 0.0, -0.04845, 0.0, 0.0, -0.04845, 0.04845, 0.04845, 0.0, 0.0, 0.0, -0.04845, 0.04845, -0.0969, 0.0, 0.0, 0.0, 0.0, -0.0969, 0.04845, 0.04845, 0.0, 0.0, 0.0, 0.0969, 0.04845, 0.0, -0.04845, 0.04845, 0.0, 0.0, 0.0, -0.04845, 0.0, -0.04845, 0.0, 0.0, -0.04845, 0.04845, -0.04845, -0.04845, 0.04845, -0.04845, 0.04845, 0.04845, -0.04845, 0.04845, 0.0, 0.14535, 0.04845, -0.0969, 0.04845, 0.0, -0.04845, 0.0, 0.0, -0.04845, 0.0, 0.0, 0.0, 0.0, -0.04845, 0.04845, -0.04845, 0.04845, -0.04845, -0.04845, 0.0, -0.04845, 0.0, -0.04845, 0.04845, 0.0, -0.04845, 0.04845, 0.0, 0.0969, 0.04845, 0.04845, -0.04845, -0.04845, 0.0, 0.0, 0.04845, -0.04845, 0.04845, 0.0, 0.0, 0.0, 0.04845, -0.14535, -0.04845, 0.0, -0.04845, 0.0, -0.04845, 0.04845, 0.0, -0.0969, 0.0, 0.04845, 0.0, 0.0, -0.04845, 0.04845, 0.0, -0.04845, 0.0, 0.04845, -0.04845, -0.0969, -0.04845, 0.04845, -0.04845, 0.0, 0.0, 0.0, -0.04845, 0.0969, 0.0, 0.0, -0.04845, 0.0, 0.0, 0.04845, 0.0, 0.04845, -0.04845, -0.04845, -0.04845, 0.04845, -0.04845, 0.0, 0.0, 0.0, -0.04845, 0.04845, 0.0, 0.0, 0.0, 0.0969, -0.0969, 0.0, -0.04845, 0.04845, -0.04845, 0.0, 0.04845, 0.04845, 0.04845, 0.04845, 0.0, 0.0, 0.0, -0.0969, 0.0, 0.04845, -0.14535, 0.0, 0.0, 0.0, 0.04845, 0.0969, -0.14535, -0.04845, 0.0, 0.0, 0.0969, -0.04845, 0.0, -0.04845, -0.04845, 0.0, -0.04845, 0.0, -0.04845, 0.0, 0.0, -0.04845, -0.04845, 0.04845, 0.04845, 0.0, 0.0, 0.0, 0.04845, 0.0, -0.04845, -0.04845, 0.0, 0.0, 0.04845, 0.04845, 0.0969, -0.04845, 0.0, 0.0, 0.0, 0.04845, -0.0969, 0.04845, 0.0, -0.14535, 0.193801, 0.0, 0.04845, -0.04845, 0.0, 0.04845, 0.0, 0.04845, 0.04845, -0.04845, 0.04845, -0.04845, 0.0, -0.04845]",12,6,6,101,131,0.5252,0.5473,0.5734,0.4748,1.0,0.5595,0.0833,0.5084,2026-09-19T15:26:22
d8659984-20ca-416a-b100-c5b96bd2b661,P-6742519DE7,T5,high,small,google/gemma-3-4b-it,1,Neutral Engagement Agent,"After a long and tiring day, you return home with no immediate obligations. How do you usually spend that time?","[0.110282, -0.036761, 0.0, 0.0, 0.0, 0.036761, -0.036761, -0.036761, 0.0, -0.036761, 0.073521, -0.036761, 0.110282, 0.036761, 0.036761, -0.036761, -0.036761, 0.036761, 0.0, 0.0, 0.036761, 0.036761, -0.036761, 0.036761, 0.0, 0.0, 0.0, 0.0, 0.0, 0.036761, -0.036761, 0.0, 0.073521, 0.073521, 0.073521, -0.036761, -0.073521, 0.110282, 0.0, -0.036761, 0.0, 0.036761, 0.036761, 0.0, 0.0, -0.036761, 0.0, 0.0, -0.036761, 0.0, 0.036761, 0.073521, 0.036761, 0.073521, 0.036761, 0.0, 0.0, 0.0, 0.0, -0.036761, -0.036761, -0.036761, -0.036761, 0.036761, 0.0, -0.036761, 0.0, 0.0, 0.036761, -0.036761, -0.036761, 0.036761, 0.0, 0.0, 0.0, 0.0, 0.073521, -0.073521, -0.036761, 0.036761, 0.0, 0.036761, 0.036761, 0.0, 0.073521, -0.147043, 0.036761, -0.110282, 0.0, -0.036761, 0.0, 0.110282, -0.036761, -0.073521, 0.0, -0.036761, 0.036761, 0.0, -0.036761, -0.073521, 0.036761, 0.073521, -0.036761, 0.036761, 0.036761, 0.0, 0.0, -0.036761, 0.036761, -0.036761, 0.036761, -0.036761, 0.0, 0.073521, -0.073521, 0.036761, -0.036761, 0.036761, -0.036761, -0.036761, 0.0, 0.0, 0.0, 0.036761, 0.0, 0.0, -0.036761, 0.0, 0.073521, 0.036761, 0.0, -0.036761, 0.0, 0.110282, 0.0, -0.036761, 0.073521, 0.0, 0.0, 0.0, -0.036761, 0.036761, -0.073521, -0.036761, -0.036761, -0.036761, 0.0, 0.036761, 0.0, 0.0, -0.036761, -0.036761, -0.036761, 0.0, -0.036761, 0.0, 0.0, 0.036761, 0.110282, 0.0, 0.036761, 0.036761, -0.036761, 0.073521, 0.036761, 0.0, 0.110282, -0.036761, 0.036761, 0.0, -0.036761, 0.0, 0.0, 0.0, 0.0, -0.073521, -0.073521, -0.073521, -0.110282, 0.0, 0.036761, -0.036761, 0.036761, 0.036761, 0.0, 0.0, 0.0, 0.110282, 0.036761, 0.036761, 0.036761, 0.073521, 0.147043, 0.0, -0.036761, 0.036761, 0.073521, 0.0, -0.036761, 0.036761, 0.0, 0.036761, -0.036761, 0.073521, 0.0, -0.036761, -0.073521, -0.110282, 0.036761, -0.110282, 0.036761, 0.036761, 0.0, 0.073521, 0.0, 0.147043, 0.036761, 0.0, 0.036761, 0.036761, 0.0, -0.036761, 0.036761, -0.036761, 0.0, 0.0, 0.147043, 0.147043, 0.0, -0.036761, -0.073521, 0.0, -0.036761, -0.073521, 0.0, -0.110282, 0.036761, -0.036761, -0.036761, 0.0, -0.073521, 0.0, 0.036761, 0.220564, 0.036761, 0.0, 0.0, 0.0, 0.036761, -0.036761, -0.036761, 0.036761, 0.0, 0.0, -0.036761, 0.0, -0.073521, -0.036761, -0.110282, 0.0, -0.036761, -0.036761, -0.073521, 0.0, 0.0, -0.036761, 0.0, 0.0, -0.036761, 0.183804, -0.036761, 0.0, 0.036761, 0.036761, 0.036761, -0.036761, -0.036761, -0.110282, -0.073521, 0.036761, 0.073521, 0.0, 0.036761, 0.0, -0.073521, 0.073521, -0.036761, -0.036761, -0.036761, 0.110282, 0.0, 0.036761, 0.0, -0.036761, 0.036761, 0.0, -0.073521, 0.073521, -0.036761, -0.036761, 0.0, -0.036761, -0.147043, 0.073521, 0.0, 0.147043, 0.036761, 0.110282, 0.073521, 0.036761, 0.0, 0.0, -0.073521, -0.073521, 0.036761, 0.0, -0.073521, 0.036761, 0.0, 0.0, 0.036761, 0.0, 0.036761, 0.036761, -0.073521, -0.036761, -0.036761, -0.073521, 0.036761, 0.036761, 0.0, -0.036761, 0.0, 0.0, 0.110282, -0.036761, 0.0, 0.0, 0.110282, 0.0, 0.036761, 0.0, -0.036761, 0.0, -0.036761, 0.036761, 0.0, -0.073521, 0.036761, -0.036761, 0.036761, 0.036761, 0.036761, 0.0, 0.0, -0.110282, 0.0, -0.036761, 0.0, 0.0, 0.0, -0.036761, 0.036761, -0.036761, 0.0, 0.0, -0.036761, -0.036761, -0.036761, -0.147043, -0.036761, 0.0, 0.036761, -0.073521, 0.0, 0.036761, -0.073521, -0.036761, -0.036761, -0.036761, 0.0, 0.0, 0.073521, 0.0]",12,6,6,65,86,0.5355,0.5479,0.5264,0.4645,1.0,0.72,0.0,0.4851,2026-09-19T15:26:22
ec43fe83-dbfd-4a6f-a7f7-d5e372bf5723,P-6742519DE7,T4,low,medium,google/gemma-4-31b-it,1,Neutral Engagement Agent,Think about a typical weekday lunch break. How do you usually spend it?,"[-0.04845, 0.0, -0.04845, 0.0, -0.04845, 0.04845, 0.0, -0.04845, 0.04845, 0.0, 0.04845, 0.04845, 0.04845, 0.04845, 0.0, 0.0, 0.0, 0.04845, 0.04845, 0.04845, -0.04845, 0.04845, 0.0, 0.0, -0.04845, 0.0, 0.0, -0.14535, 0.0, 0.04845, 0.0, 0.0, -0.04845, 0.0969, 0.0969, -0.04845, -0.04845, 0.0, 0.0, 0.04845, 0.0, -0.04845, 0.0, -0.0969, -0.04845, -0.0969, 0.0969, 0.0, -0.04845, 0.0, 0.04845, 0.04845, 0.0969, 0.04845, 0.0969, 0.04845, 0.0, 0.04845, 0.0, 0.0, -0.04845, 0.0, 0.0, 0.0, 0.0, 0.0, 0.0, 0.0, 0.0, 0.0, 0.0, 0.0, -0.04845, 0.0969, 0.0969, 0.0, 0.04845, -0.0969, 0.0969, -0.0969, 0.0, 0.04845, 0.0, 0.04845, 0.0969, -0.04845, 0.0, -0.0969, 0.0, -0.0969, 0.04845, 0.0, 0.04845, 0.0, 0.0, 0.0, 0.0, -0.04845, 0.0, -0.04845, 0.04845, -0.04845, -0.04845, -0.04845, 0.04845, -0.04845, 0.0, 0.0, -0.0969, 0.0, 0.04845, -0.04845, -0.04845, 0.0969, -0.0969, -0.04845, 0.0, 0.0, -0.04845, 0.0, 0.0, -0.04845, -0.04845, -0.04845, 0.0, 0.0, 0.0, -0.04845, -0.04845, -0.04845, -0.04845, 0.0, 0.04845, 0.0969, -0.0969, -0.14535, 0.04845, -0.0969, 0.04845, 0.0, -0.04845, 0.0, -0.04845, -0.04845, -0.04845, 0.04845, 0.0, 0.0, 0.04845, -0.0969, -0.04845, -0.193801, 0.0, -0.04845, -0.04845, 0.04845, 0.0, 0.04845, 0.0, -0.04845, 0.04845, 0.04845, -0.04845, -0.04845, -0.04845, 0.0, 0.0, 0.0, 0.0, -0.04845, 0.0, 0.0, -0.04845, 0.04845, 0.04845, 0.0, 0.0, 0.0, -0.04845, 0.04845, -0.0969, 0.0, 0.0, 0.0, 0.0, -0.0969, 0.04845, 0.04845, 0.0, 0.0, 0.0, 0.0969, 0.04845, 0.0, -0.04845, 0.04845, 0.0, 0.0, 0.0, -0.04845, 0.0, -0.04845, 0.0, 0.0, -0.04845, 0.04845, -0.04845, -0.04845, 0.04845, -0.04845, 0.04845, 0.04845, -0.04845, 0.04845, 0.0, 0.14535, 0.04845, -0.0969, 0.04845, 0.0, -0.04845, 0.0, 0.0, -0.04845, 0.0, 0.0, 0.0, 0.0, -0.04845, 0.04845, -0.04845, 0.04845, -0.04845, -0.04845, 0.0, -0.04845, 0.0, -0.04845, 0.04845, 0.0, -0.04845, 0.04845, 0.0, 0.0969, 0.04845, 0.04845, -0.04845, -0.04845, 0.0, 0.0, 0.04845, -0.04845, 0.04845, 0.0, 0.0, 0.0, 0.04845, -0.14535, -0.04845, 0.0, -0.04845, 0.0, -0.04845, 0.04845, 0.0, -0.0969, 0.0, 0.04845, 0.0, 0.0, -0.04845, 0.04845, 0.0, -0.04845, 0.0, 0.04845, -0.04845, -0.0969, -0.04845, 0.04845, -0.04845, 0.0, 0.0, 0.0, -0.04845, 0.0969, 0.0, 0.0, -0.04845, 0.0, 0.0, 0.04845, 0.0, 0.04845, -0.04845, -0.04845, -0.04845, 0.04845, -0.04845, 0.0, 0.0, 0.0, -0.04845, 0.04845, 0.0, 0.0, 0.0, 0.0969, -0.0969, 0.0, -0.04845, 0.04845, -0.04845, 0.0, 0.04845, 0.04845, 0.04845, 0.04845, 0.0, 0.0, 0.0, -0.0969, 0.0, 0.04845, -0.14535, 0.0, 0.0, 0.0, 0.04845, 0.0969, -0.14535, -0.04845, 0.0, 0.0, 0.0969, -0.04845, 0.0, -0.04845, -0.04845, 0.0, -0.04845, 0.0, -0.04845, 0.0, 0.0, -0.04845, -0.04845, 0.04845, 0.04845, 0.0, 0.0, 0.0, 0.04845, 0.0, -0.04845, -0.04845, 0.0, 0.0, 0.04845, 0.04845, 0.0969, -0.04845, 0.0, 0.0, 0.0, 0.04845, -0.0969, 0.04845, 0.0, -0.14535, 0.193801, 0.0, 0.04845, -0.04845, 0.0, 0.04845, 0.0, 0.04845, 0.04845, -0.04845, 0.04845, -0.04845, 0.0, -0.04845]",12,6,6,143,185,0.5572,0.5831,0.537,0.4428,1.0,0.6087,0.0833,0.5025,2026-09-19T15:26:22
f84272e1-c0d3-499d-bf1d-f2f1da8d1e7f,P-6742519DE7,T5,high,medium,google/gemma-4-31b-it,1,Neutral Engagement Agent,"After a long and tiring day, you return home with no immediate obligations. How do you usually spend that time?","[0.110282, -0.036761, 0.0, 0.0, 0.0, 0.036761, -0.036761, -0.036761, 0.0, -0.036761, 0.073521, -0.036761, 0.110282, 0.036761, 0.036761, -0.036761, -0.036761, 0.036761, 0.0, 0.0, 0.036761, 0.036761, -0.036761, 0.036761, 0.0, 0.0, 0.0, 0.0, 0.0, 0.036761, -0.036761, 0.0, 0.073521, 0.073521, 0.073521, -0.036761, -0.073521, 0.110282, 0.0, -0.036761, 0.0, 0.036761, 0.036761, 0.0, 0.0, -0.036761, 0.0, 0.0, -0.036761, 0.0, 0.036761, 0.073521, 0.036761, 0.073521, 0.036761, 0.0, 0.0, 0.0, 0.0, -0.036761, -0.036761, -0.036761, -0.036761, 0.036761, 0.0, -0.036761, 0.0, 0.0, 0.036761, -0.036761, -0.036761, 0.036761, 0.0, 0.0, 0.0, 0.0, 0.073521, -0.073521, -0.036761, 0.036761, 0.0, 0.036761, 0.036761, 0.0, 0.073521, -0.147043, 0.036761, -0.110282, 0.0, -0.036761, 0.0, 0.110282, -0.036761, -0.073521, 0.0, -0.036761, 0.036761, 0.0, -0.036761, -0.073521, 0.036761, 0.073521, -0.036761, 0.036761, 0.036761, 0.0, 0.0, -0.036761, 0.036761, -0.036761, 0.036761, -0.036761, 0.0, 0.073521, -0.073521, 0.036761, -0.036761, 0.036761, -0.036761, -0.036761, 0.0, 0.0, 0.0, 0.036761, 0.0, 0.0, -0.036761, 0.0, 0.073521, 0.036761, 0.0, -0.036761, 0.0, 0.110282, 0.0, -0.036761, 0.073521, 0.0, 0.0, 0.0, -0.036761, 0.036761, -0.073521, -0.036761, -0.036761, -0.036761, 0.0, 0.036761, 0.0, 0.0, -0.036761, -0.036761, -0.036761, 0.0, -0.036761, 0.0, 0.0, 0.036761, 0.110282, 0.0, 0.036761, 0.036761, -0.036761, 0.073521, 0.036761, 0.0, 0.110282, -0.036761, 0.036761, 0.0, -0.036761, 0.0, 0.0, 0.0, 0.0, -0.073521, -0.073521, -0.073521, -0.110282, 0.0, 0.036761, -0.036761, 0.036761, 0.036761, 0.0, 0.0, 0.0, 0.110282, 0.036761, 0.036761, 0.036761, 0.073521, 0.147043, 0.0, -0.036761, 0.036761, 0.073521, 0.0, -0.036761, 0.036761, 0.0, 0.036761, -0.036761, 0.073521, 0.0, -0.036761, -0.073521, -0.110282, 0.036761, -0.110282, 0.036761, 0.036761, 0.0, 0.073521, 0.0, 0.147043, 0.036761, 0.0, 0.036761, 0.036761, 0.0, -0.036761, 0.036761, -0.036761, 0.0, 0.0, 0.147043, 0.147043, 0.0, -0.036761, -0.073521, 0.0, -0.036761, -0.073521, 0.0, -0.110282, 0.036761, -0.036761, -0.036761, 0.0, -0.073521, 0.0, 0.036761, 0.220564, 0.036761, 0.0, 0.0, 0.0, 0.036761, -0.036761, -0.036761, 0.036761, 0.0, 0.0, -0.036761, 0.0, -0.073521, -0.036761, -0.110282, 0.0, -0.036761, -0.036761, -0.073521, 0.0, 0.0, -0.036761, 0.0, 0.0, -0.036761, 0.183804, -0.036761, 0.0, 0.036761, 0.036761, 0.036761, -0.036761, -0.036761, -0.110282, -0.073521, 0.036761, 0.073521, 0.0, 0.036761, 0.0, -0.073521, 0.073521, -0.036761, -0.036761, -0.036761, 0.110282, 0.0, 0.036761, 0.0, -0.036761, 0.036761, 0.0, -0.073521, 0.073521, -0.036761, -0.036761, 0.0, -0.036761, -0.147043, 0.073521, 0.0, 0.147043, 0.036761, 0.110282, 0.073521, 0.036761, 0.0, 0.0, -0.073521, -0.073521, 0.036761, 0.0, -0.073521, 0.036761, 0.0, 0.0, 0.036761, 0.0, 0.036761, 0.036761, -0.073521, -0.036761, -0.036761, -0.073521, 0.036761, 0.036761, 0.0, -0.036761, 0.0, 0.0, 0.110282, -0.036761, 0.0, 0.0, 0.110282, 0.0, 0.036761, 0.0, -0.036761, 0.0, -0.036761, 0.036761, 0.0, -0.073521, 0.036761, -0.036761, 0.036761, 0.036761, 0.036761, 0.0, 0.0, -0.110282, 0.0, -0.036761, 0.0, 0.0, 0.0, -0.036761, 0.036761, -0.036761, 0.0, 0.0, -0.036761, -0.036761, -0.036761, -0.147043, -0.036761, 0.0, 0.036761, -0.073521, 0.0, 0.036761, -0.073521, -0.036761, -0.036761, -0.036761, 0.0, 0.0, 0.073521, 0.0]",12,6,6,140,183,0.5679,0.6106,0.5648,0.4321,1.0,0.4758,0.1667,0.523,2026-09-19T15:26:22
fb911c90-395a-416c-935c-fec6213d9fe9,P-6742519DE7,T5,high,small,google/gemma-3-4b-it,0,Neutral Engagement Agent,"After a long and tiring day, you return home with no immediate obligations. How do you usually spend that time?","[0.110282, -0.036761, 0.0, 0.0, 0.0, 0.036761, -0.036761, -0.036761, 0.0, -0.036761, 0.073521, -0.036761, 0.110282, 0.036761, 0.036761, -0.036761, -0.036761, 0.036761, 0.0, 0.0, 0.036761, 0.036761, -0.036761, 0.036761, 0.0, 0.0, 0.0, 0.0, 0.0, 0.036761, -0.036761, 0.0, 0.073521, 0.073521, 0.073521, -0.036761, -0.073521, 0.110282, 0.0, -0.036761, 0.0, 0.036761, 0.036761, 0.0, 0.0, -0.036761, 0.0, 0.0, -0.036761, 0.0, 0.036761, 0.073521, 0.036761, 0.073521, 0.036761, 0.0, 0.0, 0.0, 0.0, -0.036761, -0.036761, -0.036761, -0.036761, 0.036761, 0.0, -0.036761, 0.0, 0.0, 0.036761, -0.036761, -0.036761, 0.036761, 0.0, 0.0, 0.0, 0.0, 0.073521, -0.073521, -0.036761, 0.036761, 0.0, 0.036761, 0.036761, 0.0, 0.073521, -0.147043, 0.036761, -0.110282, 0.0, -0.036761, 0.0, 0.110282, -0.036761, -0.073521, 0.0, -0.036761, 0.036761, 0.0, -0.036761, -0.073521, 0.036761, 0.073521, -0.036761, 0.036761, 0.036761, 0.0, 0.0, -0.036761, 0.036761, -0.036761, 0.036761, -0.036761, 0.0, 0.073521, -0.073521, 0.036761, -0.036761, 0.036761, -0.036761, -0.036761, 0.0, 0.0, 0.0, 0.036761, 0.0, 0.0, -0.036761, 0.0, 0.073521, 0.036761, 0.0, -0.036761, 0.0, 0.110282, 0.0, -0.036761, 0.073521, 0.0, 0.0, 0.0, -0.036761, 0.036761, -0.073521, -0.036761, -0.036761, -0.036761, 0.0, 0.036761, 0.0, 0.0, -0.036761, -0.036761, -0.036761, 0.0, -0.036761, 0.0, 0.0, 0.036761, 0.110282, 0.0, 0.036761, 0.036761, -0.036761, 0.073521, 0.036761, 0.0, 0.110282, -0.036761, 0.036761, 0.0, -0.036761, 0.0, 0.0, 0.0, 0.0, -0.073521, -0.073521, -0.073521, -0.110282, 0.0, 0.036761, -0.036761, 0.036761, 0.036761, 0.0, 0.0, 0.0, 0.110282, 0.036761, 0.036761, 0.036761, 0.073521, 0.147043, 0.0, -0.036761, 0.036761, 0.073521, 0.0, -0.036761, 0.036761, 0.0, 0.036761, -0.036761, 0.073521, 0.0, -0.036761, -0.073521, -0.110282, 0.036761, -0.110282, 0.036761, 0.036761, 0.0, 0.073521, 0.0, 0.147043, 0.036761, 0.0, 0.036761, 0.036761, 0.0, -0.036761, 0.036761, -0.036761, 0.0, 0.0, 0.147043, 0.147043, 0.0, -0.036761, -0.073521, 0.0, -0.036761, -0.073521, 0.0, -0.110282, 0.036761, -0.036761, -0.036761, 0.0, -0.073521, 0.0, 0.036761, 0.220564, 0.036761, 0.0, 0.0, 0.0, 0.036761, -0.036761, -0.036761, 0.036761, 0.0, 0.0, -0.036761, 0.0, -0.073521, -0.036761, -0.110282, 0.0, -0.036761, -0.036761, -0.073521, 0.0, 0.0, -0.036761, 0.0, 0.0, -0.036761, 0.183804, -0.036761, 0.0, 0.036761, 0.036761, 0.036761, -0.036761, -0.036761, -0.110282, -0.073521, 0.036761, 0.073521, 0.0, 0.036761, 0.0, -0.073521, 0.073521, -0.036761, -0.036761, -0.036761, 0.110282, 0.0, 0.036761, 0.0, -0.036761, 0.036761, 0.0, -0.073521, 0.073521, -0.036761, -0.036761, 0.0, -0.036761, -0.147043, 0.073521, 0.0, 0.147043, 0.036761, 0.110282, 0.073521, 0.036761, 0.0, 0.0, -0.073521, -0.073521, 0.036761, 0.0, -0.073521, 0.036761, 0.0, 0.0, 0.036761, 0.0, 0.036761, 0.036761, -0.073521, -0.036761, -0.036761, -0.073521, 0.036761, 0.036761, 0.0, -0.036761, 0.0, 0.0, 0.110282, -0.036761, 0.0, 0.0, 0.110282, 0.0, 0.036761, 0.0, -0.036761, 0.0, -0.036761, 0.036761, 0.0, -0.073521, 0.036761, -0.036761, 0.036761, 0.036761, 0.036761, 0.0, 0.0, -0.110282, 0.0, -0.036761, 0.0, 0.0, 0.0, -0.036761, 0.036761, -0.036761, 0.0, 0.0, -0.036761, -0.036761, -0.036761, -0.147043, -0.036761, 0.0, 0.036761, -0.073521, 0.0, 0.036761, -0.073521, -0.036761, -0.036761, -0.036761, 0.0, 0.0, 0.073521, 0.0]",12,6,6,68,88,0.5022,0.5215,0.4969,0.4978,1.0,0.4194,0.1667,0.4995,2026-09-19T15:26:22
fd527194-41dc-4ee8-8d1b-2c28ea819241,P-6742519DE7,T4,low,medium,google/gemma-4-31b-it,1,Neutral Engagement Agent,Think about a typical weekday morning before leaving for work or university. How does that routine usually unfold?,"[-0.042182, 0.0, -0.084365, 0.0, -0.084365, 0.042182, 0.042182, -0.042182, 0.042182, 0.042182, 0.0, 0.0, 0.042182, 0.0, 0.0, 0.0, -0.042182, 0.042182, -0.042182, 0.0, 0.0, 0.042182, 0.084365, -0.042182, 0.0, 0.0, 0.0, -0.042182, -0.042182, 0.16873, 0.0, 0.0, 0.042182, 0.042182, 0.0, -0.042182, 0.0, 0.0, 0.126547, 0.042182, 0.0, -0.042182, 0.042182, -0.084365, -0.042182, -0.084365, 0.0, -0.042182, -0.042182, 0.0, 0.042182, -0.042182, 0.042182, 0.0, 0.084365, 0.084365, 0.0, -0.042182, 0.084365, 0.042182, -0.042182, -0.042182, 0.0, 0.0, 0.042182, -0.042182, 0.0, 0.0, 0.084365, -0.042182, -0.042182, 0.0, -0.042182, 0.126547, 0.042182, 0.0, -0.042182, 0.0, 0.084365, -0.084365, 0.0, 0.0, 0.042182, 0.042182, 0.084365, 0.042182, -0.042182, -0.084365, 0.0, -0.042182, 0.084365, 0.042182, 0.042182, 0.0, -0.084365, 0.0, 0.0, 0.0, 0.0, -0.042182, 0.042182, -0.126547, 0.042182, 0.0, 0.042182, 0.042182, 0.0, 0.0, -0.126547, 0.042182, 0.0, 0.0, -0.042182, 0.042182, -0.042182, 0.042182, 0.0, -0.042182, 0.0, -0.042182, 0.042182, 0.0, -0.084365, 0.0, -0.042182, 0.0, -0.042182, 0.0, 0.0, 0.0, -0.084365, 0.0, 0.0, 0.042182, -0.084365, -0.042182, 0.084365, -0.042182, 0.126547, 0.042182, -0.084365, 0.0, -0.042182, 0.0, 0.0, 0.0, 0.0, -0.084365, 0.0, -0.084365, -0.084365, -0.16873, 0.042182, 0.042182, 0.0, 0.042182, -0.042182, 0.042182, 0.0, -0.084365, 0.0, 0.042182, -0.042182, 0.042182, -0.084365, 0.042182, 0.042182, -0.042182, 0.084365, 0.0, -0.042182, 0.084365, 0.042182, 0.0, 0.0, 0.0, -0.084365, 0.0, -0.042182, 0.126547, -0.042182, 0.0, 0.042182, -0.042182, 0.0, -0.042182, 0.0, 0.0, 0.0, 0.0, -0.042182, 0.0, 0.0, -0.042182, -0.042182, 0.0, 0.0, 0.042182, 0.042182, 0.0, -0.084365, -0.042182, 0.0, 0.0, 0.042182, 0.084365, 0.042182, -0.084365, -0.084365, -0.084365, 0.126547, 0.042182, -0.084365, 0.084365, 0.0, 0.0, 0.0, 0.0, 0.0, 0.0, -0.042182, 0.0, 0.042182, 0.0, 0.042182, -0.126547, 0.0, 0.042182, 0.084365, 0.0, -0.084365, 0.042182, 0.0, -0.042182, 0.0, -0.042182, 0.0, 0.0, 0.0, 0.0, 0.0, 0.042182, -0.084365, 0.042182, 0.0, 0.042182, -0.084365, 0.042182, 0.0, -0.084365, 0.042182, -0.042182, 0.042182, 0.042182, -0.042182, 0.042182, 0.084365, -0.042182, -0.042182, -0.042182, 0.126547, 0.0, -0.084365, 0.042182, 0.0, 0.0, -0.042182, 0.0, 0.042182, -0.042182, 0.0, 0.0, 0.084365, -0.084365, 0.0, 0.084365, -0.042182, 0.0, -0.16873, 0.084365, 0.042182, -0.042182, 0.0, -0.084365, -0.042182, -0.042182, 0.042182, 0.0, -0.084365, 0.042182, -0.042182, 0.0, 0.042182, 0.084365, -0.042182, 0.0, -0.042182, -0.042182, 0.042182, 0.084365, 0.0, 0.042182, 0.0, 0.0, 0.084365, 0.0, 0.042182, 0.042182, 0.042182, 0.0, 0.084365, 0.0, 0.0, 0.0, -0.042182, 0.0, -0.042182, 0.0, 0.0, 0.042182, 0.0, -0.126547, -0.042182, -0.042182, -0.084365, 0.0, 0.0, 0.042182, -0.042182, 0.042182, -0.084365, -0.084365, -0.042182, -0.042182, 0.126547, -0.042182, 0.084365, -0.042182, -0.042182, 0.042182, 0.0, -0.042182, -0.042182, 0.0, 0.0, -0.042182, -0.042182, -0.042182, 0.0, -0.042182, 0.0, 0.0, -0.042182, 0.0, 0.0, 0.084365, 0.0, 0.0, 0.042182, 0.042182, 0.042182, -0.084365, 0.0, 0.042182, -0.042182, 0.0, -0.042182, 0.0, 0.0, -0.042182, 0.042182, 0.0, -0.042182, -0.042182, -0.042182, 0.0, 0.084365, 0.126547, -0.042182, -0.084365, 0.0, 0.0, 0.0, 0.042182]",12,6,6,116,152,0.52,0.5555,0.5396,0.48,1.0,0.4206,0.0833,0.4994,2026-09-19T15:26:22
1c1dfe47-a9f4-4bc0-916f-ab2b4e820e03,P-6EEA879104,T7,low,small,google/gemma-3-4b-it,0,Neutral Engagement Agent,You are organizing a small birthday celebration at home. How do you make sure everything is ready?,"[0.0411, 0.0, 0.0, -0.0411, -0.082199, 0.0, 0.0, 0.0, 0.0411, -0.0411, 0.0, 0.0411, 0.082199, 0.0, -0.0411, 0.0411, -0.0411, 0.0, 0.0, 0.0411, 0.0411, 0.082199, -0.082199, 0.0, 0.0, 0.0, 0.0, 0.0, 0.0, 0.0411, -0.0411, 0.0, 0.0, 0.082199, 0.123299, -0.082199, -0.0411, 0.0411, 0.0411, 0.0411, 0.0, -0.0411, 0.0411, 0.0, 0.0, -0.082199, 0.0411, -0.0411, 0.0, -0.0411, 0.0, 0.0411, 0.0, 0.0, 0.0, -0.0411, 0.0, -0.0411, 0.0411, -0.0411, 0.0, 0.0, 0.0411, 0.0411, 0.0, -0.123299, 0.0, -0.0411, 0.0, -0.082199, -0.0411, 0.0411, 0.0, -0.0411, 0.0, -0.082199, 0.082199, -0.082199, -0.123299, -0.0411, 0.0411, 0.082199, -0.0411, -0.0411, 0.0, -0.123299, 0.0, -0.123299, 0.0411, -0.082199, 0.0, 0.123299, -0.082199, -0.082199, -0.0411, 0.0, 0.0, -0.082199, 0.0411, 0.0, 0.0411, 0.0, -0.0411, 0.0411, 0.0411, 0.0411, 0.0, 0.0, 0.0411, 0.0411, 0.0411, 0.0, 0.0, 0.0411, -0.082199, 0.082199, -0.082199, -0.0411, -0.0411, 0.0, 0.0, -0.0411, -0.0411, 0.0, 0.0, 0.0, -0.082199, 0.0, -0.0411, 0.0411, 0.082199, 0.0, -0.0411, 0.164399, -0.0411, 0.0411, 0.0, -0.082199, 0.0, 0.0, -0.082199, 0.0, 0.0, 0.0411, 0.0411, 0.0, 0.0, -0.0411, 0.0411, 0.0411, 0.0, -0.164399, 0.0, 0.0411, 0.0, -0.0411, 0.0, 0.0411, 0.123299, -0.082199, 0.0, -0.0411, 0.0, 0.0, -0.0411, 0.0411, 0.0411, 0.0411, 0.0, 0.0411, 0.0411, 0.0411, 0.0, 0.0411, 0.0, 0.0, 0.164399, 0.082199, -0.0411, 0.0, -0.123299, 0.0, 0.082199, 0.0411, -0.082199, 0.0, 0.0411, 0.082199, 0.0411, 0.0411, 0.0, 0.123299, 0.082199, -0.0411, -0.082199, 0.0, 0.082199, 0.0, 0.0, 0.0, 0.0, -0.0411, 0.0411, -0.0411, -0.0411, 0.0411, 0.0, 0.0, 0.0, -0.082199, 0.0411, 0.0, 0.0, 0.0, 0.0411, 0.082199, -0.0411, -0.082199, -0.0411, 0.0, 0.0411, 0.0, 0.082199, -0.082199, -0.0411, 0.0, -0.0411, 0.164399, -0.164399, 0.0411, 0.0, -0.082199, -0.123299, -0.082199, 0.0, -0.082199, 0.0, 0.0, 0.0, 0.0411, 0.0, -0.0411, 0.082199, 0.082199, 0.0411, -0.0411, 0.0, 0.082199, 0.0411, 0.0411, -0.0411, 0.0, 0.0411, 0.0411, 0.0411, -0.082199, -0.0411, -0.0411, -0.0411, 0.0411, 0.0, -0.0411, 0.0, 0.0411, 0.0, -0.082199, -0.0411, 0.0411, 0.0411, 0.082199, -0.0411, -0.0411, 0.0411, -0.0411, -0.0411, -0.0411, 0.0, -0.082199, 0.0, 0.0411, 0.0411, -0.0411, 0.0, 0.0, 0.0, 0.0411, -0.0411, 0.0, 0.0, 0.0, 0.0, 0.0411, 0.0, 0.0411, 0.0, 0.0, -0.0411, 0.123299, 0.0, 0.0, 0.0, 0.0411, 0.0, 0.0, 0.0, 0.082199, -0.0411, 0.0411, 0.0, 0.0, 0.082199, 0.0, -0.123299, 0.0411, -0.123299, 0.0411, 0.0, 0.0, 0.0, 0.0, 0.0, -0.0411, 0.0, 0.0411, -0.082199, 0.0, -0.0411, 0.0411, 0.0, 0.0, 0.0411, 0.123299, 0.0, -0.0411, 0.082199, -0.0411, 0.0, -0.0411, 0.0, 0.0, 0.0, -0.082199, -0.0411, -0.082199, 0.0, 0.0, 0.0, 0.0, -0.0411, -0.0411, 0.0, 0.0, 0.0, -0.0411, -0.0411, -0.0411, 0.0, 0.0411, 0.0, 0.0411, 0.0, 0.0411, 0.0, 0.0, 0.0, -0.0411, -0.0411, -0.082199, 0.0, -0.123299, 0.0, 0.0, 0.0411, -0.082199, 0.0, 0.0, -0.082199, 0.0, 0.0, 0.0, 0.0411, 0.0, -0.0411, -0.082199]",12,6,6,76,99,0.5365,0.5299,0.5323,0.4635,1.0,0.4348,0.0833,0.4992,2026-09-19T15:26:21
2486b744-deae-4126-b147-c3ddf183947e,P-6EEA879104,T7,low,medium,google/gemma-4-31b-it,0,Neutral Engagement Agent,You are planning a small gathering at home with friends. How do you organize it so that everything runs smoothly?,"[0.0, -0.038014, -0.038014, -0.038014, -0.038014, 0.076029, -0.076029, 0.0, -0.038014, -0.038014, 0.0, 0.0, 0.076029, 0.038014, -0.038014, 0.0, 0.0, 0.038014, 0.076029, 0.0, 0.038014, 0.114043, -0.076029, 0.0, 0.038014, 0.0, 0.038014, 0.0, 0.0, 0.0, 0.0, 0.038014, 0.038014, 0.038014, 0.076029, -0.038014, -0.076029, 0.076029, 0.0, 0.0, 0.0, 0.0, 0.0, 0.0, 0.0, -0.038014, -0.038014, 0.0, 0.038014, 0.0, 0.0, 0.076029, 0.038014, 0.038014, 0.0, -0.076029, 0.0, 0.038014, -0.038014, 0.0, 0.0, 0.0, 0.038014, 0.0, 0.0, 0.038014, -0.076029, -0.038014, 0.0, 0.038014, -0.076029, 0.076029, -0.038014, -0.038014, -0.076029, -0.038014, 0.076029, -0.076029, -0.076029, -0.038014, 0.0, 0.076029, 0.0, 0.0, 0.0, -0.114043, 0.0, -0.114043, 0.076029, -0.190071, 0.0, 0.038014, -0.038014, -0.076029, 0.0, 0.0, 0.0, -0.076029, 0.038014, -0.076029, 0.0, 0.0, 0.0, 0.0, 0.0, 0.0, 0.038014, -0.038014, 0.0, 0.0, 0.076029, -0.038014, 0.0, 0.038014, -0.076029, 0.152057, 0.0, -0.038014, -0.038014, 0.076029, -0.076029, 0.0, 0.0, 0.0, -0.038014, 0.038014, -0.038014, -0.038014, -0.038014, 0.038014, 0.038014, -0.114043, -0.038014, 0.114043, 0.0, -0.038014, 0.0, 0.038014, -0.038014, -0.038014, -0.076029, 0.038014, 0.0, 0.0, -0.038014, -0.038014, 0.0, 0.0, 0.076029, 0.038014, 0.0, -0.114043, -0.038014, 0.038014, 0.038014, 0.0, 0.0, 0.038014, 0.114043, 0.0, -0.038014, 0.076029, -0.038014, -0.076029, -0.038014, 0.038014, -0.038014, 0.038014, 0.0, 0.0, 0.0, 0.0, -0.038014, 0.0, -0.038014, -0.038014, 0.0, 0.076029, -0.038014, 0.038014, -0.038014, -0.038014, 0.0, 0.114043, -0.076029, -0.076029, 0.038014, 0.0, 0.038014, 0.038014, -0.038014, 0.076029, 0.190071, -0.076029, -0.076029, 0.0, 0.076029, -0.038014, 0.038014, 0.0, 0.0, 0.038014, 0.038014, 0.0, 0.0, 0.0, -0.076029, -0.038014, 0.076029, -0.114043, 0.076029, 0.038014, 0.0, 0.076029, 0.0, 0.038014, -0.038014, 0.0, -0.038014, -0.038014, 0.038014, -0.038014, 0.076029, -0.076029, 0.076029, -0.076029, 0.0, 0.190071, -0.038014, 0.076029, -0.076029, 0.0, -0.038014, -0.038014, 0.0, -0.038014, 0.0, 0.0, 0.038014, 0.0, -0.038014, -0.076029, 0.076029, 0.152057, 0.038014, -0.076029, 0.038014, 0.038014, 0.114043, -0.038014, -0.038014, 0.038014, 0.076029, 0.0, -0.038014, -0.038014, -0.114043, -0.076029, 0.0, 0.038014, 0.038014, 0.038014, 0.0, 0.038014, 0.038014, 0.0, 0.0, 0.0, 0.0, 0.076029, -0.038014, 0.038014, 0.076029, 0.0, 0.0, -0.076029, 0.038014, -0.076029, 0.0, 0.0, 0.076029, 0.038014, 0.038014, 0.0, 0.0, 0.0, -0.076029, 0.0, 0.0, 0.076029, 0.038014, 0.076029, -0.038014, -0.076029, -0.076029, -0.038014, 0.0, 0.076029, 0.0, -0.038014, -0.038014, 0.0, 0.0, 0.114043, 0.0, 0.0, 0.038014, 0.076029, 0.038014, -0.076029, 0.0, 0.0, -0.114043, 0.0, -0.076029, 0.0, -0.038014, 0.0, 0.076029, -0.038014, 0.0, -0.038014, -0.038014, 0.038014, -0.114043, 0.0, -0.038014, 0.038014, 0.038014, -0.038014, 0.0, 0.114043, 0.0, -0.038014, 0.0, -0.076029, 0.0, -0.038014, 0.0, -0.038014, 0.038014, -0.038014, 0.0, -0.114043, -0.038014, 0.038014, 0.0, 0.0, 0.0, -0.038014, -0.038014, 0.0, 0.0, -0.038014, -0.076029, -0.038014, 0.0, 0.0, 0.0, 0.038014, 0.038014, 0.0, 0.038014, 0.0, 0.0, 0.0, 0.0, -0.038014, 0.0, -0.114043, -0.038014, 0.0, 0.076029, 0.0, 0.038014, 0.038014, -0.038014, -0.038014, 0.038014, 0.0, 0.038014, 0.0, 0.0, -0.038014]",12,6,6,168,218,0.5577,0.5765,0.542,0.4423,1.0,0.5571,0.1667,0.5163,2026-09-19T15:26:22
47881212-e511-4ba4-8816-9d6862b0dcf4,P-6EEA879104,T5,high,small,google/gemma-3-4b-it,1,Neutral Engagement Agent,"After completing a demanding task or exam, you finally have some free time. How do you usually relax?","[0.0, 0.0, 0.037743, 0.0, -0.037743, -0.075485, 0.0, -0.075485, 0.0, 0.0, 0.0, 0.0, 0.075485, 0.075485, 0.0, 0.037743, -0.075485, 0.037743, 0.0, 0.0, 0.0, 0.037743, 0.0, -0.037743, -0.037743, 0.037743, 0.0, 0.0, 0.0, 0.037743, 0.0, 0.0, -0.037743, 0.113228, 0.075485, -0.037743, 0.0, 0.113228, 0.0, 0.037743, 0.037743, 0.037743, 0.075485, -0.075485, -0.037743, -0.113228, 0.037743, 0.0, 0.0, 0.0, 0.037743, 0.037743, 0.037743, 0.075485, 0.037743, 0.0, 0.0, -0.037743, -0.037743, -0.075485, -0.037743, 0.0, 0.0, 0.0, -0.037743, 0.0, -0.037743, 0.0, 0.037743, 0.037743, 0.037743, -0.037743, 0.0, 0.0, 0.0, 0.0, 0.113228, 0.0, 0.037743, 0.0, 0.0, 0.226455, 0.0, -0.037743, 0.113228, -0.075485, 0.037743, -0.113228, 0.0, 0.0, 0.0, -0.037743, 0.037743, 0.037743, -0.075485, -0.113228, 0.0, -0.037743, 0.0, 0.0, 0.037743, 0.037743, -0.037743, 0.037743, 0.037743, 0.037743, 0.0, 0.0, 0.0, -0.037743, 0.037743, 0.0, 0.0, 0.037743, -0.075485, -0.037743, -0.037743, 0.037743, -0.037743, -0.037743, 0.0, 0.0, 0.0, 0.0, -0.037743, -0.037743, 0.0, 0.0, -0.037743, -0.037743, 0.0, 0.075485, 0.0, 0.113228, 0.0, 0.037743, 0.0, -0.075485, 0.075485, 0.0, 0.0, 0.0, -0.037743, 0.0, -0.037743, 0.0, 0.0, -0.037743, 0.075485, 0.0, -0.037743, -0.113228, -0.037743, 0.037743, 0.037743, 0.037743, -0.037743, 0.037743, 0.113228, 0.0, 0.037743, 0.037743, 0.0, 0.037743, -0.037743, 0.113228, 0.0, -0.037743, -0.037743, 0.0, 0.037743, 0.037743, 0.0, 0.113228, 0.037743, 0.037743, -0.075485, -0.037743, -0.037743, 0.0, 0.113228, 0.037743, 0.113228, 0.0, 0.0, 0.0, 0.0, 0.075485, -0.037743, 0.0, 0.0, 0.075485, 0.15097, 0.0, -0.15097, 0.075485, 0.037743, 0.037743, -0.037743, 0.0, -0.037743, 0.037743, 0.037743, 0.075485, 0.075485, -0.037743, -0.037743, -0.037743, -0.037743, -0.113228, 0.15097, -0.037743, 0.075485, 0.037743, 0.0, 0.0, 0.037743, -0.037743, 0.037743, 0.0, 0.0, -0.075485, 0.037743, -0.075485, 0.0, 0.037743, 0.037743, 0.075485, -0.037743, -0.113228, 0.0, 0.075485, -0.075485, -0.037743, -0.037743, -0.037743, -0.037743, 0.037743, 0.037743, -0.037743, -0.037743, 0.037743, 0.037743, 0.113228, 0.075485, 0.0, 0.0, -0.037743, 0.0, 0.0, -0.037743, 0.0, 0.15097, 0.0, -0.037743, -0.075485, -0.037743, -0.113228, -0.075485, 0.0, -0.037743, -0.037743, 0.0, 0.037743, 0.037743, -0.037743, 0.075485, 0.037743, 0.075485, 0.113228, -0.075485, 0.0, 0.0, 0.0, 0.0, 0.0, -0.037743, -0.037743, -0.075485, 0.0, -0.075485, 0.0, 0.037743, -0.037743, -0.113228, 0.113228, -0.037743, -0.075485, -0.037743, 0.0, 0.037743, 0.0, -0.037743, 0.075485, -0.037743, 0.113228, -0.075485, 0.0, -0.037743, 0.037743, -0.037743, 0.0, -0.037743, 0.113228, 0.037743, 0.037743, 0.0, 0.037743, 0.037743, -0.037743, 0.0, 0.037743, -0.075485, 0.037743, 0.075485, 0.0, 0.0, 0.037743, 0.0, 0.0, 0.037743, -0.037743, 0.0, 0.037743, 0.0, 0.0, 0.0, -0.113228, 0.0, 0.037743, -0.037743, 0.0, -0.037743, 0.037743, 0.075485, 0.0, 0.0, -0.037743, 0.0, 0.0, 0.037743, 0.037743, -0.037743, -0.037743, 0.0, -0.037743, 0.0, 0.0, 0.037743, -0.037743, -0.037743, 0.0, -0.075485, 0.0, 0.0, -0.113228, 0.0, -0.037743, -0.037743, -0.037743, 0.037743, 0.0, 0.037743, 0.0, -0.037743, 0.0, 0.0, 0.0, 0.0, -0.188713, 0.0, 0.0, 0.0, -0.075485, 0.0, 0.037743, 0.037743, 0.0, -0.075485, -0.037743, 0.075485, 0.0, 0.0, 0.0]",12,6,6,90,116,0.5286,0.5273,0.5499,0.4714,1.0,0.7576,0.1667,0.5153,2026-09-19T15:26:22
5768890d-78a3-4436-8c60-7287a724ad53,P-6EEA879104,T5,high,small,google/gemma-3-4b-it,0,Neutral Engagement Agent,"After a long and tiring day, you return home with no immediate obligations. How do you usually spend that time?","[0.110282, -0.036761, 0.0, 0.0, 0.0, 0.036761, -0.036761, -0.036761, 0.0, -0.036761, 0.073521, -0.036761, 0.110282, 0.036761, 0.036761, -0.036761, -0.036761, 0.036761, 0.0, 0.0, 0.036761, 0.036761, -0.036761, 0.036761, 0.0, 0.0, 0.0, 0.0, 0.0, 0.036761, -0.036761, 0.0, 0.073521, 0.073521, 0.073521, -0.036761, -0.073521, 0.110282, 0.0, -0.036761, 0.0, 0.036761, 0.036761, 0.0, 0.0, -0.036761, 0.0, 0.0, -0.036761, 0.0, 0.036761, 0.073521, 0.036761, 0.073521, 0.036761, 0.0, 0.0, 0.0, 0.0, -0.036761, -0.036761, -0.036761, -0.036761, 0.036761, 0.0, -0.036761, 0.0, 0.0, 0.036761, -0.036761, -0.036761, 0.036761, 0.0, 0.0, 0.0, 0.0, 0.073521, -0.073521, -0.036761, 0.036761, 0.0, 0.036761, 0.036761, 0.0, 0.073521, -0.147043, 0.036761, -0.110282, 0.0, -0.036761, 0.0, 0.110282, -0.036761, -0.073521, 0.0, -0.036761, 0.036761, 0.0, -0.036761, -0.073521, 0.036761, 0.073521, -0.036761, 0.036761, 0.036761, 0.0, 0.0, -0.036761, 0.036761, -0.036761, 0.036761, -0.036761, 0.0, 0.073521, -0.073521, 0.036761, -0.036761, 0.036761, -0.036761, -0.036761, 0.0, 0.0, 0.0, 0.036761, 0.0, 0.0, -0.036761, 0.0, 0.073521, 0.036761, 0.0, -0.036761, 0.0, 0.110282, 0.0, -0.036761, 0.073521, 0.0, 0.0, 0.0, -0.036761, 0.036761, -0.073521, -0.036761, -0.036761, -0.036761, 0.0, 0.036761, 0.0, 0.0, -0.036761, -0.036761, -0.036761, 0.0, -0.036761, 0.0, 0.0, 0.036761, 0.110282, 0.0, 0.036761, 0.036761, -0.036761, 0.073521, 0.036761, 0.0, 0.110282, -0.036761, 0.036761, 0.0, -0.036761, 0.0, 0.0, 0.0, 0.0, -0.073521, -0.073521, -0.073521, -0.110282, 0.0, 0.036761, -0.036761, 0.036761, 0.036761, 0.0, 0.0, 0.0, 0.110282, 0.036761, 0.036761, 0.036761, 0.073521, 0.147043, 0.0, -0.036761, 0.036761, 0.073521, 0.0, -0.036761, 0.036761, 0.0, 0.036761, -0.036761, 0.073521, 0.0, -0.036761, -0.073521, -0.110282, 0.036761, -0.110282, 0.036761, 0.036761, 0.0, 0.073521, 0.0, 0.147043, 0.036761, 0.0, 0.036761, 0.036761, 0.0, -0.036761, 0.036761, -0.036761, 0.0, 0.0, 0.147043, 0.147043, 0.0, -0.036761, -0.073521, 0.0, -0.036761, -0.073521, 0.0, -0.110282, 0.036761, -0.036761, -0.036761, 0.0, -0.073521, 0.0, 0.036761, 0.220564, 0.036761, 0.0, 0.0, 0.0, 0.036761, -0.036761, -0.036761, 0.036761, 0.0, 0.0, -0.036761, 0.0, -0.073521, -0.036761, -0.110282, 0.0, -0.036761, -0.036761, -0.073521, 0.0, 0.0, -0.036761, 0.0, 0.0, -0.036761, 0.183804, -0.036761, 0.0, 0.036761, 0.036761, 0.036761, -0.036761, -0.036761, -0.110282, -0.073521, 0.036761, 0.073521, 0.0, 0.036761, 0.0, -0.073521, 0.073521, -0.036761, -0.036761, -0.036761, 0.110282, 0.0, 0.036761, 0.0, -0.036761, 0.036761, 0.0, -0.073521, 0.073521, -0.036761, -0.036761, 0.0, -0.036761, -0.147043, 0.073521, 0.0, 0.147043, 0.036761, 0.110282, 0.073521, 0.036761, 0.0, 0.0, -0.073521, -0.073521, 0.036761, 0.0, -0.073521, 0.036761, 0.0, 0.0, 0.036761, 0.0, 0.036761, 0.036761, -0.073521, -0.036761, -0.036761, -0.073521, 0.036761, 0.036761, 0.0, -0.036761, 0.0, 0.0, 0.110282, -0.036761, 0.0, 0.0, 0.110282, 0.0, 0.036761, 0.0, -0.036761, 0.0, -0.036761, 0.036761, 0.0, -0.073521, 0.036761, -0.036761, 0.036761, 0.036761, 0.036761, 0.0, 0.0, -0.110282, 0.0, -0.036761, 0.0, 0.0, 0.0, -0.036761, 0.036761, -0.036761, 0.0, 0.0, -0.036761, -0.036761, -0.036761, -0.147043, -0.036761, 0.0, 0.036761, -0.073521, 0.0, 0.036761, -0.073521, -0.036761, -0.036761, -0.036761, 0.0, 0.0, 0.073521, 0.0]",12,6,6,79,102,0.5853,0.571,0.5268,0.4147,1.0,0.6452,0.0833,0.5027,2026-09-19T15:26:22
64e9aca2-7ae8-417a-8ee8-fda83983a384,P-6EEA879104,T5,high,small,google/gemma-3-4b-it,0,Neutral Engagement Agent,"After completing a demanding task or exam, you finally have some free time. How do you usually relax?","[0.0, 0.0, 0.037743, 0.0, -0.037743, -0.075485, 0.0, -0.075485, 0.0, 0.0, 0.0, 0.0, 0.075485, 0.075485, 0.0, 0.037743, -0.075485, 0.037743, 0.0, 0.0, 0.0, 0.037743, 0.0, -0.037743, -0.037743, 0.037743, 0.0, 0.0, 0.0, 0.037743, 0.0, 0.0, -0.037743, 0.113228, 0.075485, -0.037743, 0.0, 0.113228, 0.0, 0.037743, 0.037743, 0.037743, 0.075485, -0.075485, -0.037743, -0.113228, 0.037743, 0.0, 0.0, 0.0, 0.037743, 0.037743, 0.037743, 0.075485, 0.037743, 0.0, 0.0, -0.037743, -0.037743, -0.075485, -0.037743, 0.0, 0.0, 0.0, -0.037743, 0.0, -0.037743, 0.0, 0.037743, 0.037743, 0.037743, -0.037743, 0.0, 0.0, 0.0, 0.0, 0.113228, 0.0, 0.037743, 0.0, 0.0, 0.226455, 0.0, -0.037743, 0.113228, -0.075485, 0.037743, -0.113228, 0.0, 0.0, 0.0, -0.037743, 0.037743, 0.037743, -0.075485, -0.113228, 0.0, -0.037743, 0.0, 0.0, 0.037743, 0.037743, -0.037743, 0.037743, 0.037743, 0.037743, 0.0, 0.0, 0.0, -0.037743, 0.037743, 0.0, 0.0, 0.037743, -0.075485, -0.037743, -0.037743, 0.037743, -0.037743, -0.037743, 0.0, 0.0, 0.0, 0.0, -0.037743, -0.037743, 0.0, 0.0, -0.037743, -0.037743, 0.0, 0.075485, 0.0, 0.113228, 0.0, 0.037743, 0.0, -0.075485, 0.075485, 0.0, 0.0, 0.0, -0.037743, 0.0, -0.037743, 0.0, 0.0, -0.037743, 0.075485, 0.0, -0.037743, -0.113228, -0.037743, 0.037743, 0.037743, 0.037743, -0.037743, 0.037743, 0.113228, 0.0, 0.037743, 0.037743, 0.0, 0.037743, -0.037743, 0.113228, 0.0, -0.037743, -0.037743, 0.0, 0.037743, 0.037743, 0.0, 0.113228, 0.037743, 0.037743, -0.075485, -0.037743, -0.037743, 0.0, 0.113228, 0.037743, 0.113228, 0.0, 0.0, 0.0, 0.0, 0.075485, -0.037743, 0.0, 0.0, 0.075485, 0.15097, 0.0, -0.15097, 0.075485, 0.037743, 0.037743, -0.037743, 0.0, -0.037743, 0.037743, 0.037743, 0.075485, 0.075485, -0.037743, -0.037743, -0.037743, -0.037743, -0.113228, 0.15097, -0.037743, 0.075485, 0.037743, 0.0, 0.0, 0.037743, -0.037743, 0.037743, 0.0, 0.0, -0.075485, 0.037743, -0.075485, 0.0, 0.037743, 0.037743, 0.075485, -0.037743, -0.113228, 0.0, 0.075485, -0.075485, -0.037743, -0.037743, -0.037743, -0.037743, 0.037743, 0.037743, -0.037743, -0.037743, 0.037743, 0.037743, 0.113228, 0.075485, 0.0, 0.0, -0.037743, 0.0, 0.0, -0.037743, 0.0, 0.15097, 0.0, -0.037743, -0.075485, -0.037743, -0.113228, -0.075485, 0.0, -0.037743, -0.037743, 0.0, 0.037743, 0.037743, -0.037743, 0.075485, 0.037743, 0.075485, 0.113228, -0.075485, 0.0, 0.0, 0.0, 0.0, 0.0, -0.037743, -0.037743, -0.075485, 0.0, -0.075485, 0.0, 0.037743, -0.037743, -0.113228, 0.113228, -0.037743, -0.075485, -0.037743, 0.0, 0.037743, 0.0, -0.037743, 0.075485, -0.037743, 0.113228, -0.075485, 0.0, -0.037743, 0.037743, -0.037743, 0.0, -0.037743, 0.113228, 0.037743, 0.037743, 0.0, 0.037743, 0.037743, -0.037743, 0.0, 0.037743, -0.075485, 0.037743, 0.075485, 0.0, 0.0, 0.037743, 0.0, 0.0, 0.037743, -0.037743, 0.0, 0.037743, 0.0, 0.0, 0.0, -0.113228, 0.0, 0.037743, -0.037743, 0.0, -0.037743, 0.037743, 0.075485, 0.0, 0.0, -0.037743, 0.0, 0.0, 0.037743, 0.037743, -0.037743, -0.037743, 0.0, -0.037743, 0.0, 0.0, 0.037743, -0.037743, -0.037743, 0.0, -0.075485, 0.0, 0.0, -0.113228, 0.0, -0.037743, -0.037743, -0.037743, 0.037743, 0.0, 0.037743, 0.0, -0.037743, 0.0, 0.0, 0.0, 0.0, -0.188713, 0.0, 0.0, 0.0, -0.075485, 0.0, 0.037743, 0.037743, 0.0, -0.075485, -0.037743, 0.075485, 0.0, 0.0, 0.0]",12,6,6,93,119,0.5315,0.5342,0.5299,0.4685,1.0,0.8889,0.1667,0.5106,2026-09-19T15:26:22
6d33b230-fce9-446a-9814-8cb48036a12b,P-6EEA879104,T7,low,small,google/gemma-3-4b-it,1,Neutral Engagement Agent,You are planning a small gathering at home with friends. How do you organize it so that everything runs smoothly?,"[0.0, -0.038014, -0.038014, -0.038014, -0.038014, 0.076029, -0.076029, 0.0, -0.038014, -0.038014, 0.0, 0.0, 0.076029, 0.038014, -0.038014, 0.0, 0.0, 0.038014, 0.076029, 0.0, 0.038014, 0.114043, -0.076029, 0.0, 0.038014, 0.0, 0.038014, 0.0, 0.0, 0.0, 0.0, 0.038014, 0.038014, 0.038014, 0.076029, -0.038014, -0.076029, 0.076029, 0.0, 0.0, 0.0, 0.0, 0.0, 0.0, 0.0, -0.038014, -0.038014, 0.0, 0.038014, 0.0, 0.0, 0.076029, 0.038014, 0.038014, 0.0, -0.076029, 0.0, 0.038014, -0.038014, 0.0, 0.0, 0.0, 0.038014, 0.0, 0.0, 0.038014, -0.076029, -0.038014, 0.0, 0.038014, -0.076029, 0.076029, -0.038014, -0.038014, -0.076029, -0.038014, 0.076029, -0.076029, -0.076029, -0.038014, 0.0, 0.076029, 0.0, 0.0, 0.0, -0.114043, 0.0, -0.114043, 0.076029, -0.190071, 0.0, 0.038014, -0.038014, -0.076029, 0.0, 0.0, 0.0, -0.076029, 0.038014, -0.076029, 0.0, 0.0, 0.0, 0.0, 0.0, 0.0, 0.038014, -0.038014, 0.0, 0.0, 0.076029, -0.038014, 0.0, 0.038014, -0.076029, 0.152057, 0.0, -0.038014, -0.038014, 0.076029, -0.076029, 0.0, 0.0, 0.0, -0.038014, 0.038014, -0.038014, -0.038014, -0.038014, 0.038014, 0.038014, -0.114043, -0.038014, 0.114043, 0.0, -0.038014, 0.0, 0.038014, -0.038014, -0.038014, -0.076029, 0.038014, 0.0, 0.0, -0.038014, -0.038014, 0.0, 0.0, 0.076029, 0.038014, 0.0, -0.114043, -0.038014, 0.038014, 0.038014, 0.0, 0.0, 0.038014, 0.114043, 0.0, -0.038014, 0.076029, -0.038014, -0.076029, -0.038014, 0.038014, -0.038014, 0.038014, 0.0, 0.0, 0.0, 0.0, -0.038014, 0.0, -0.038014, -0.038014, 0.0, 0.076029, -0.038014, 0.038014, -0.038014, -0.038014, 0.0, 0.114043, -0.076029, -0.076029, 0.038014, 0.0, 0.038014, 0.038014, -0.038014, 0.076029, 0.190071, -0.076029, -0.076029, 0.0, 0.076029, -0.038014, 0.038014, 0.0, 0.0, 0.038014, 0.038014, 0.0, 0.0, 0.0, -0.076029, -0.038014, 0.076029, -0.114043, 0.076029, 0.038014, 0.0, 0.076029, 0.0, 0.038014, -0.038014, 0.0, -0.038014, -0.038014, 0.038014, -0.038014, 0.076029, -0.076029, 0.076029, -0.076029, 0.0, 0.190071, -0.038014, 0.076029, -0.076029, 0.0, -0.038014, -0.038014, 0.0, -0.038014, 0.0, 0.0, 0.038014, 0.0, -0.038014, -0.076029, 0.076029, 0.152057, 0.038014, -0.076029, 0.038014, 0.038014, 0.114043, -0.038014, -0.038014, 0.038014, 0.076029, 0.0, -0.038014, -0.038014, -0.114043, -0.076029, 0.0, 0.038014, 0.038014, 0.038014, 0.0, 0.038014, 0.038014, 0.0, 0.0, 0.0, 0.0, 0.076029, -0.038014, 0.038014, 0.076029, 0.0, 0.0, -0.076029, 0.038014, -0.076029, 0.0, 0.0, 0.076029, 0.038014, 0.038014, 0.0, 0.0, 0.0, -0.076029, 0.0, 0.0, 0.076029, 0.038014, 0.076029, -0.038014, -0.076029, -0.076029, -0.038014, 0.0, 0.076029, 0.0, -0.038014, -0.038014, 0.0, 0.0, 0.114043, 0.0, 0.0, 0.038014, 0.076029, 0.038014, -0.076029, 0.0, 0.0, -0.114043, 0.0, -0.076029, 0.0, -0.038014, 0.0, 0.076029, -0.038014, 0.0, -0.038014, -0.038014, 0.038014, -0.114043, 0.0, -0.038014, 0.038014, 0.038014, -0.038014, 0.0, 0.114043, 0.0, -0.038014, 0.0, -0.076029, 0.0, -0.038014, 0.0, -0.038014, 0.038014, -0.038014, 0.0, -0.114043, -0.038014, 0.038014, 0.0, 0.0, 0.0, -0.038014, -0.038014, 0.0, 0.0, -0.038014, -0.076029, -0.038014, 0.0, 0.0, 0.0, 0.038014, 0.038014, 0.0, 0.038014, 0.0, 0.0, 0.0, 0.0, -0.038014, 0.0, -0.114043, -0.038014, 0.0, 0.076029, 0.0, 0.038014, 0.038014, -0.038014, -0.038014, 0.038014, 0.0, 0.038014, 0.0, 0.0, -0.038014]",12,6,6,109,142,0.5363,0.5424,0.5059,0.4637,1.0,0.8442,0.1667,0.5051,2026-09-19T15:26:21
88f8e62a-6872-41d4-a22d-a619d3607f32,P-6EEA879104,T5,high,medium,google/gemma-4-31b-it,0,Neutral Engagement Agent,"After completing a demanding task or exam, you finally have some free time. How do you usually relax?","[0.0, 0.0, 0.037743, 0.0, -0.037743, -0.075485, 0.0, -0.075485, 0.0, 0.0, 0.0, 0.0, 0.075485, 0.075485, 0.0, 0.037743, -0.075485, 0.037743, 0.0, 0.0, 0.0, 0.037743, 0.0, -0.037743, -0.037743, 0.037743, 0.0, 0.0, 0.0, 0.037743, 0.0, 0.0, -0.037743, 0.113228, 0.075485, -0.037743, 0.0, 0.113228, 0.0, 0.037743, 0.037743, 0.037743, 0.075485, -0.075485, -0.037743, -0.113228, 0.037743, 0.0, 0.0, 0.0, 0.037743, 0.037743, 0.037743, 0.075485, 0.037743, 0.0, 0.0, -0.037743, -0.037743, -0.075485, -0.037743, 0.0, 0.0, 0.0, -0.037743, 0.0, -0.037743, 0.0, 0.037743, 0.037743, 0.037743, -0.037743, 0.0, 0.0, 0.0, 0.0, 0.113228, 0.0, 0.037743, 0.0, 0.0, 0.226455, 0.0, -0.037743, 0.113228, -0.075485, 0.037743, -0.113228, 0.0, 0.0, 0.0, -0.037743, 0.037743, 0.037743, -0.075485, -0.113228, 0.0, -0.037743, 0.0, 0.0, 0.037743, 0.037743, -0.037743, 0.037743, 0.037743, 0.037743, 0.0, 0.0, 0.0, -0.037743, 0.037743, 0.0, 0.0, 0.037743, -0.075485, -0.037743, -0.037743, 0.037743, -0.037743, -0.037743, 0.0, 0.0, 0.0, 0.0, -0.037743, -0.037743, 0.0, 0.0, -0.037743, -0.037743, 0.0, 0.075485, 0.0, 0.113228, 0.0, 0.037743, 0.0, -0.075485, 0.075485, 0.0, 0.0, 0.0, -0.037743, 0.0, -0.037743, 0.0, 0.0, -0.037743, 0.075485, 0.0, -0.037743, -0.113228, -0.037743, 0.037743, 0.037743, 0.037743, -0.037743, 0.037743, 0.113228, 0.0, 0.037743, 0.037743, 0.0, 0.037743, -0.037743, 0.113228, 0.0, -0.037743, -0.037743, 0.0, 0.037743, 0.037743, 0.0, 0.113228, 0.037743, 0.037743, -0.075485, -0.037743, -0.037743, 0.0, 0.113228, 0.037743, 0.113228, 0.0, 0.0, 0.0, 0.0, 0.075485, -0.037743, 0.0, 0.0, 0.075485, 0.15097, 0.0, -0.15097, 0.075485, 0.037743, 0.037743, -0.037743, 0.0, -0.037743, 0.037743, 0.037743, 0.075485, 0.075485, -0.037743, -0.037743, -0.037743, -0.037743, -0.113228, 0.15097, -0.037743, 0.075485, 0.037743, 0.0, 0.0, 0.037743, -0.037743, 0.037743, 0.0, 0.0, -0.075485, 0.037743, -0.075485, 0.0, 0.037743, 0.037743, 0.075485, -0.037743, -0.113228, 0.0, 0.075485, -0.075485, -0.037743, -0.037743, -0.037743, -0.037743, 0.037743, 0.037743, -0.037743, -0.037743, 0.037743, 0.037743, 0.113228, 0.075485, 0.0, 0.0, -0.037743, 0.0, 0.0, -0.037743, 0.0, 0.15097, 0.0, -0.037743, -0.075485, -0.037743, -0.113228, -0.075485, 0.0, -0.037743, -0.037743, 0.0, 0.037743, 0.037743, -0.037743, 0.075485, 0.037743, 0.075485, 0.113228, -0.075485, 0.0, 0.0, 0.0, 0.0, 0.0, -0.037743, -0.037743, -0.075485, 0.0, -0.075485, 0.0, 0.037743, -0.037743, -0.113228, 0.113228, -0.037743, -0.075485, -0.037743, 0.0, 0.037743, 0.0, -0.037743, 0.075485, -0.037743, 0.113228, -0.075485, 0.0, -0.037743, 0.037743, -0.037743, 0.0, -0.037743, 0.113228, 0.037743, 0.037743, 0.0, 0.037743, 0.037743, -0.037743, 0.0, 0.037743, -0.075485, 0.037743, 0.075485, 0.0, 0.0, 0.037743, 0.0, 0.0, 0.037743, -0.037743, 0.0, 0.037743, 0.0, 0.0, 0.0, -0.113228, 0.0, 0.037743, -0.037743, 0.0, -0.037743, 0.037743, 0.075485, 0.0, 0.0, -0.037743, 0.0, 0.0, 0.037743, 0.037743, -0.037743, -0.037743, 0.0, -0.037743, 0.0, 0.0, 0.037743, -0.037743, -0.037743, 0.0, -0.075485, 0.0, 0.0, -0.113228, 0.0, -0.037743, -0.037743, -0.037743, 0.037743, 0.0, 0.037743, 0.0, -0.037743, 0.0, 0.0, 0.0, 0.0, -0.188713, 0.0, 0.0, 0.0, -0.075485, 0.0, 0.037743, 0.037743, 0.0, -0.075485, -0.037743, 0.075485, 0.0, 0.0, 0.0]",12,6,6,117,152,0.5568,0.6083,0.5422,0.4432,1.0,0.4206,0.0,0.4912,2026-09-19T15:26:22
8d654587-d3cd-437e-abab-56944c16c4c4,P-6EEA879104,T5,high,small,google/gemma-3-4b-it,1,Neutral Engagement Agent,"After a long and tiring day, you return home with no immediate obligations. How do you usually spend that time?","[0.110282, -0.036761, 0.0, 0.0, 0.0, 0.036761, -0.036761, -0.036761, 0.0, -0.036761, 0.073521, -0.036761, 0.110282, 0.036761, 0.036761, -0.036761, -0.036761, 0.036761, 0.0, 0.0, 0.036761, 0.036761, -0.036761, 0.036761, 0.0, 0.0, 0.0, 0.0, 0.0, 0.036761, -0.036761, 0.0, 0.073521, 0.073521, 0.073521, -0.036761, -0.073521, 0.110282, 0.0, -0.036761, 0.0, 0.036761, 0.036761, 0.0, 0.0, -0.036761, 0.0, 0.0, -0.036761, 0.0, 0.036761, 0.073521, 0.036761, 0.073521, 0.036761, 0.0, 0.0, 0.0, 0.0, -0.036761, -0.036761, -0.036761, -0.036761, 0.036761, 0.0, -0.036761, 0.0, 0.0, 0.036761, -0.036761, -0.036761, 0.036761, 0.0, 0.0, 0.0, 0.0, 0.073521, -0.073521, -0.036761, 0.036761, 0.0, 0.036761, 0.036761, 0.0, 0.073521, -0.147043, 0.036761, -0.110282, 0.0, -0.036761, 0.0, 0.110282, -0.036761, -0.073521, 0.0, -0.036761, 0.036761, 0.0, -0.036761, -0.073521, 0.036761, 0.073521, -0.036761, 0.036761, 0.036761, 0.0, 0.0, -0.036761, 0.036761, -0.036761, 0.036761, -0.036761, 0.0, 0.073521, -0.073521, 0.036761, -0.036761, 0.036761, -0.036761, -0.036761, 0.0, 0.0, 0.0, 0.036761, 0.0, 0.0, -0.036761, 0.0, 0.073521, 0.036761, 0.0, -0.036761, 0.0, 0.110282, 0.0, -0.036761, 0.073521, 0.0, 0.0, 0.0, -0.036761, 0.036761, -0.073521, -0.036761, -0.036761, -0.036761, 0.0, 0.036761, 0.0, 0.0, -0.036761, -0.036761, -0.036761, 0.0, -0.036761, 0.0, 0.0, 0.036761, 0.110282, 0.0, 0.036761, 0.036761, -0.036761, 0.073521, 0.036761, 0.0, 0.110282, -0.036761, 0.036761, 0.0, -0.036761, 0.0, 0.0, 0.0, 0.0, -0.073521, -0.073521, -0.073521, -0.110282, 0.0, 0.036761, -0.036761, 0.036761, 0.036761, 0.0, 0.0, 0.0, 0.110282, 0.036761, 0.036761, 0.036761, 0.073521, 0.147043, 0.0, -0.036761, 0.036761, 0.073521, 0.0, -0.036761, 0.036761, 0.0, 0.036761, -0.036761, 0.073521, 0.0, -0.036761, -0.073521, -0.110282, 0.036761, -0.110282, 0.036761, 0.036761, 0.0, 0.073521, 0.0, 0.147043, 0.036761, 0.0, 0.036761, 0.036761, 0.0, -0.036761, 0.036761, -0.036761, 0.0, 0.0, 0.147043, 0.147043, 0.0, -0.036761, -0.073521, 0.0, -0.036761, -0.073521, 0.0, -0.110282, 0.036761, -0.036761, -0.036761, 0.0, -0.073521, 0.0, 0.036761, 0.220564, 0.036761, 0.0, 0.0, 0.0, 0.036761, -0.036761, -0.036761, 0.036761, 0.0, 0.0, -0.036761, 0.0, -0.073521, -0.036761, -0.110282, 0.0, -0.036761, -0.036761, -0.073521, 0.0, 0.0, -0.036761, 0.0, 0.0, -0.036761, 0.183804, -0.036761, 0.0, 0.036761, 0.036761, 0.036761, -0.036761, -0.036761, -0.110282, -0.073521, 0.036761, 0.073521, 0.0, 0.036761, 0.0, -0.073521, 0.073521, -0.036761, -0.036761, -0.036761, 0.110282, 0.0, 0.036761, 0.0, -0.036761, 0.036761, 0.0, -0.073521, 0.073521, -0.036761, -0.036761, 0.0, -0.036761, -0.147043, 0.073521, 0.0, 0.147043, 0.036761, 0.110282, 0.073521, 0.036761, 0.0, 0.0, -0.073521, -0.073521, 0.036761, 0.0, -0.073521, 0.036761, 0.0, 0.0, 0.036761, 0.0, 0.036761, 0.036761, -0.073521, -0.036761, -0.036761, -0.073521, 0.036761, 0.036761, 0.0, -0.036761, 0.0, 0.0, 0.110282, -0.036761, 0.0, 0.0, 0.110282, 0.0, 0.036761, 0.0, -0.036761, 0.0, -0.036761, 0.036761, 0.0, -0.073521, 0.036761, -0.036761, 0.036761, 0.036761, 0.036761, 0.0, 0.0, -0.110282, 0.0, -0.036761, 0.0, 0.0, 0.0, -0.036761, 0.036761, -0.036761, 0.0, 0.0, -0.036761, -0.036761, -0.036761, -0.147043, -0.036761, 0.0, 0.036761, -0.073521, 0.0, 0.036761, -0.073521, -0.036761, -0.036761, -0.036761, 0.0, 0.0, 0.073521, 0.0]",12,6,6,108,138,0.5379,0.548,0.5471,0.4621,1.0,1.0,0.0833,0.5031,2026-09-19T15:26:22
92b9933e-1a47-46e9-84d4-3a940255b0c8,P-6EEA879104,T7,low,medium,google/gemma-4-31b-it,1,Neutral Engagement Agent,You are planning a small gathering at home with friends. How do you organize it so that everything runs smoothly?,"[0.0, -0.038014, -0.038014, -0.038014, -0.038014, 0.076029, -0.076029, 0.0, -0.038014, -0.038014, 0.0, 0.0, 0.076029, 0.038014, -0.038014, 0.0, 0.0, 0.038014, 0.076029, 0.0, 0.038014, 0.114043, -0.076029, 0.0, 0.038014, 0.0, 0.038014, 0.0, 0.0, 0.0, 0.0, 0.038014, 0.038014, 0.038014, 0.076029, -0.038014, -0.076029, 0.076029, 0.0, 0.0, 0.0, 0.0, 0.0, 0.0, 0.0, -0.038014, -0.038014, 0.0, 0.038014, 0.0, 0.0, 0.076029, 0.038014, 0.038014, 0.0, -0.076029, 0.0, 0.038014, -0.038014, 0.0, 0.0, 0.0, 0.038014, 0.0, 0.0, 0.038014, -0.076029, -0.038014, 0.0, 0.038014, -0.076029, 0.076029, -0.038014, -0.038014, -0.076029, -0.038014, 0.076029, -0.076029, -0.076029, -0.038014, 0.0, 0.076029, 0.0, 0.0, 0.0, -0.114043, 0.0, -0.114043, 0.076029, -0.190071, 0.0, 0.038014, -0.038014, -0.076029, 0.0, 0.0, 0.0, -0.076029, 0.038014, -0.076029, 0.0, 0.0, 0.0, 0.0, 0.0, 0.0, 0.038014, -0.038014, 0.0, 0.0, 0.076029, -0.038014, 0.0, 0.038014, -0.076029, 0.152057, 0.0, -0.038014, -0.038014, 0.076029, -0.076029, 0.0, 0.0, 0.0, -0.038014, 0.038014, -0.038014, -0.038014, -0.038014, 0.038014, 0.038014, -0.114043, -0.038014, 0.114043, 0.0, -0.038014, 0.0, 0.038014, -0.038014, -0.038014, -0.076029, 0.038014, 0.0, 0.0, -0.038014, -0.038014, 0.0, 0.0, 0.076029, 0.038014, 0.0, -0.114043, -0.038014, 0.038014, 0.038014, 0.0, 0.0, 0.038014, 0.114043, 0.0, -0.038014, 0.076029, -0.038014, -0.076029, -0.038014, 0.038014, -0.038014, 0.038014, 0.0, 0.0, 0.0, 0.0, -0.038014, 0.0, -0.038014, -0.038014, 0.0, 0.076029, -0.038014, 0.038014, -0.038014, -0.038014, 0.0, 0.114043, -0.076029, -0.076029, 0.038014, 0.0, 0.038014, 0.038014, -0.038014, 0.076029, 0.190071, -0.076029, -0.076029, 0.0, 0.076029, -0.038014, 0.038014, 0.0, 0.0, 0.038014, 0.038014, 0.0, 0.0, 0.0, -0.076029, -0.038014, 0.076029, -0.114043, 0.076029, 0.038014, 0.0, 0.076029, 0.0, 0.038014, -0.038014, 0.0, -0.038014, -0.038014, 0.038014, -0.038014, 0.076029, -0.076029, 0.076029, -0.076029, 0.0, 0.190071, -0.038014, 0.076029, -0.076029, 0.0, -0.038014, -0.038014, 0.0, -0.038014, 0.0, 0.0, 0.038014, 0.0, -0.038014, -0.076029, 0.076029, 0.152057, 0.038014, -0.076029, 0.038014, 0.038014, 0.114043, -0.038014, -0.038014, 0.038014, 0.076029, 0.0, -0.038014, -0.038014, -0.114043, -0.076029, 0.0, 0.038014, 0.038014, 0.038014, 0.0, 0.038014, 0.038014, 0.0, 0.0, 0.0, 0.0, 0.076029, -0.038014, 0.038014, 0.076029, 0.0, 0.0, -0.076029, 0.038014, -0.076029, 0.0, 0.0, 0.076029, 0.038014, 0.038014, 0.0, 0.0, 0.0, -0.076029, 0.0, 0.0, 0.076029, 0.038014, 0.076029, -0.038014, -0.076029, -0.076029, -0.038014, 0.0, 0.076029, 0.0, -0.038014, -0.038014, 0.0, 0.0, 0.114043, 0.0, 0.0, 0.038014, 0.076029, 0.038014, -0.076029, 0.0, 0.0, -0.114043, 0.0, -0.076029, 0.0, -0.038014, 0.0, 0.076029, -0.038014, 0.0, -0.038014, -0.038014, 0.038014, -0.114043, 0.0, -0.038014, 0.038014, 0.038014, -0.038014, 0.0, 0.114043, 0.0, -0.038014, 0.0, -0.076029, 0.0, -0.038014, 0.0, -0.038014, 0.038014, -0.038014, 0.0, -0.114043, -0.038014, 0.038014, 0.0, 0.0, 0.0, -0.038014, -0.038014, 0.0, 0.0, -0.038014, -0.076029, -0.038014, 0.0, 0.0, 0.0, 0.038014, 0.038014, 0.0, 0.038014, 0.0, 0.0, 0.0, 0.0, -0.038014, 0.0, -0.114043, -0.038014, 0.0, 0.076029, 0.0, 0.038014, 0.038014, -0.038014, -0.038014, 0.038014, 0.0, 0.038014, 0.0, 0.0, -0.038014]",12,6,6,148,192,0.5639,0.5905,0.5372,0.4361,1.0,0.6842,0.0833,0.5032,2026-09-19T15:26:22
b2ae2521-515f-40df-84c5-906dfbc8b7d4,P-6EEA879104,T7,low,medium,google/gemma-4-31b-it,1,Neutral Engagement Agent,You are organizing a small birthday celebration at home. How do you make sure everything is ready?,"[0.0411, 0.0, 0.0, -0.0411, -0.082199, 0.0, 0.0, 0.0, 0.0411, -0.0411, 0.0, 0.0411, 0.082199, 0.0, -0.0411, 0.0411, -0.0411, 0.0, 0.0, 0.0411, 0.0411, 0.082199, -0.082199, 0.0, 0.0, 0.0, 0.0, 0.0, 0.0, 0.0411, -0.0411, 0.0, 0.0, 0.082199, 0.123299, -0.082199, -0.0411, 0.0411, 0.0411, 0.0411, 0.0, -0.0411, 0.0411, 0.0, 0.0, -0.082199, 0.0411, -0.0411, 0.0, -0.0411, 0.0, 0.0411, 0.0, 0.0, 0.0, -0.0411, 0.0, -0.0411, 0.0411, -0.0411, 0.0, 0.0, 0.0411, 0.0411, 0.0, -0.123299, 0.0, -0.0411, 0.0, -0.082199, -0.0411, 0.0411, 0.0, -0.0411, 0.0, -0.082199, 0.082199, -0.082199, -0.123299, -0.0411, 0.0411, 0.082199, -0.0411, -0.0411, 0.0, -0.123299, 0.0, -0.123299, 0.0411, -0.082199, 0.0, 0.123299, -0.082199, -0.082199, -0.0411, 0.0, 0.0, -0.082199, 0.0411, 0.0, 0.0411, 0.0, -0.0411, 0.0411, 0.0411, 0.0411, 0.0, 0.0, 0.0411, 0.0411, 0.0411, 0.0, 0.0, 0.0411, -0.082199, 0.082199, -0.082199, -0.0411, -0.0411, 0.0, 0.0, -0.0411, -0.0411, 0.0, 0.0, 0.0, -0.082199, 0.0, -0.0411, 0.0411, 0.082199, 0.0, -0.0411, 0.164399, -0.0411, 0.0411, 0.0, -0.082199, 0.0, 0.0, -0.082199, 0.0, 0.0, 0.0411, 0.0411, 0.0, 0.0, -0.0411, 0.0411, 0.0411, 0.0, -0.164399, 0.0, 0.0411, 0.0, -0.0411, 0.0, 0.0411, 0.123299, -0.082199, 0.0, -0.0411, 0.0, 0.0, -0.0411, 0.0411, 0.0411, 0.0411, 0.0, 0.0411, 0.0411, 0.0411, 0.0, 0.0411, 0.0, 0.0, 0.164399, 0.082199, -0.0411, 0.0, -0.123299, 0.0, 0.082199, 0.0411, -0.082199, 0.0, 0.0411, 0.082199, 0.0411, 0.0411, 0.0, 0.123299, 0.082199, -0.0411, -0.082199, 0.0, 0.082199, 0.0, 0.0, 0.0, 0.0, -0.0411, 0.0411, -0.0411, -0.0411, 0.0411, 0.0, 0.0, 0.0, -0.082199, 0.0411, 0.0, 0.0, 0.0, 0.0411, 0.082199, -0.0411, -0.082199, -0.0411, 0.0, 0.0411, 0.0, 0.082199, -0.082199, -0.0411, 0.0, -0.0411, 0.164399, -0.164399, 0.0411, 0.0, -0.082199, -0.123299, -0.082199, 0.0, -0.082199, 0.0, 0.0, 0.0, 0.0411, 0.0, -0.0411, 0.082199, 0.082199, 0.0411, -0.0411, 0.0, 0.082199, 0.0411, 0.0411, -0.0411, 0.0, 0.0411, 0.0411, 0.0411, -0.082199, -0.0411, -0.0411, -0.0411, 0.0411, 0.0, -0.0411, 0.0, 0.0411, 0.0, -0.082199, -0.0411, 0.0411, 0.0411, 0.082199, -0.0411, -0.0411, 0.0411, -0.0411, -0.0411, -0.0411, 0.0, -0.082199, 0.0, 0.0411, 0.0411, -0.0411, 0.0, 0.0, 0.0, 0.0411, -0.0411, 0.0, 0.0, 0.0, 0.0, 0.0411, 0.0, 0.0411, 0.0, 0.0, -0.0411, 0.123299, 0.0, 0.0, 0.0, 0.0411, 0.0, 0.0, 0.0, 0.082199, -0.0411, 0.0411, 0.0, 0.0, 0.082199, 0.0, -0.123299, 0.0411, -0.123299, 0.0411, 0.0, 0.0, 0.0, 0.0, 0.0, -0.0411, 0.0, 0.0411, -0.082199, 0.0, -0.0411, 0.0411, 0.0, 0.0, 0.0411, 0.123299, 0.0, -0.0411, 0.082199, -0.0411, 0.0, -0.0411, 0.0, 0.0, 0.0, -0.082199, -0.0411, -0.082199, 0.0, 0.0, 0.0, 0.0, -0.0411, -0.0411, 0.0, 0.0, 0.0, -0.0411, -0.0411, -0.0411, 0.0, 0.0411, 0.0, 0.0411, 0.0, 0.0411, 0.0, 0.0, 0.0, -0.0411, -0.0411, -0.082199, 0.0, -0.123299, 0.0, 0.0, 0.0411, -0.082199, 0.0, 0.0, -0.082199, 0.0, 0.0, 0.0, 0.0411, 0.0, -0.0411, -0.082199]",12,6,6,107,139,0.5267,0.5508,0.5375,0.4733,1.0,0.5977,0.0833,0.4995,2026-09-19T15:26:22
badaf59c-2287-47ab-8211-e451afbfb7a7,P-6EEA879104,T7,low,small,google/gemma-3-4b-it,1,Neutral Engagement Agent,You are organizing a small birthday celebration at home. How do you make sure everything is ready?,"[0.0411, 0.0, 0.0, -0.0411, -0.082199, 0.0, 0.0, 0.0, 0.0411, -0.0411, 0.0, 0.0411, 0.082199, 0.0, -0.0411, 0.0411, -0.0411, 0.0, 0.0, 0.0411, 0.0411, 0.082199, -0.082199, 0.0, 0.0, 0.0, 0.0, 0.0, 0.0, 0.0411, -0.0411, 0.0, 0.0, 0.082199, 0.123299, -0.082199, -0.0411, 0.0411, 0.0411, 0.0411, 0.0, -0.0411, 0.0411, 0.0, 0.0, -0.082199, 0.0411, -0.0411, 0.0, -0.0411, 0.0, 0.0411, 0.0, 0.0, 0.0, -0.0411, 0.0, -0.0411, 0.0411, -0.0411, 0.0, 0.0, 0.0411, 0.0411, 0.0, -0.123299, 0.0, -0.0411, 0.0, -0.082199, -0.0411, 0.0411, 0.0, -0.0411, 0.0, -0.082199, 0.082199, -0.082199, -0.123299, -0.0411, 0.0411, 0.082199, -0.0411, -0.0411, 0.0, -0.123299, 0.0, -0.123299, 0.0411, -0.082199, 0.0, 0.123299, -0.082199, -0.082199, -0.0411, 0.0, 0.0, -0.082199, 0.0411, 0.0, 0.0411, 0.0, -0.0411, 0.0411, 0.0411, 0.0411, 0.0, 0.0, 0.0411, 0.0411, 0.0411, 0.0, 0.0, 0.0411, -0.082199, 0.082199, -0.082199, -0.0411, -0.0411, 0.0, 0.0, -0.0411, -0.0411, 0.0, 0.0, 0.0, -0.082199, 0.0, -0.0411, 0.0411, 0.082199, 0.0, -0.0411, 0.164399, -0.0411, 0.0411, 0.0, -0.082199, 0.0, 0.0, -0.082199, 0.0, 0.0, 0.0411, 0.0411, 0.0, 0.0, -0.0411, 0.0411, 0.0411, 0.0, -0.164399, 0.0, 0.0411, 0.0, -0.0411, 0.0, 0.0411, 0.123299, -0.082199, 0.0, -0.0411, 0.0, 0.0, -0.0411, 0.0411, 0.0411, 0.0411, 0.0, 0.0411, 0.0411, 0.0411, 0.0, 0.0411, 0.0, 0.0, 0.164399, 0.082199, -0.0411, 0.0, -0.123299, 0.0, 0.082199, 0.0411, -0.082199, 0.0, 0.0411, 0.082199, 0.0411, 0.0411, 0.0, 0.123299, 0.082199, -0.0411, -0.082199, 0.0, 0.082199, 0.0, 0.0, 0.0, 0.0, -0.0411, 0.0411, -0.0411, -0.0411, 0.0411, 0.0, 0.0, 0.0, -0.082199, 0.0411, 0.0, 0.0, 0.0, 0.0411, 0.082199, -0.0411, -0.082199, -0.0411, 0.0, 0.0411, 0.0, 0.082199, -0.082199, -0.0411, 0.0, -0.0411, 0.164399, -0.164399, 0.0411, 0.0, -0.082199, -0.123299, -0.082199, 0.0, -0.082199, 0.0, 0.0, 0.0, 0.0411, 0.0, -0.0411, 0.082199, 0.082199, 0.0411, -0.0411, 0.0, 0.082199, 0.0411, 0.0411, -0.0411, 0.0, 0.0411, 0.0411, 0.0411, -0.082199, -0.0411, -0.0411, -0.0411, 0.0411, 0.0, -0.0411, 0.0, 0.0411, 0.0, -0.082199, -0.0411, 0.0411, 0.0411, 0.082199, -0.0411, -0.0411, 0.0411, -0.0411, -0.0411, -0.0411, 0.0, -0.082199, 0.0, 0.0411, 0.0411, -0.0411, 0.0, 0.0, 0.0, 0.0411, -0.0411, 0.0, 0.0, 0.0, 0.0, 0.0411, 0.0, 0.0411, 0.0, 0.0, -0.0411, 0.123299, 0.0, 0.0, 0.0, 0.0411, 0.0, 0.0, 0.0, 0.082199, -0.0411, 0.0411, 0.0, 0.0, 0.082199, 0.0, -0.123299, 0.0411, -0.123299, 0.0411, 0.0, 0.0, 0.0, 0.0, 0.0, -0.0411, 0.0, 0.0411, -0.082199, 0.0, -0.0411, 0.0411, 0.0, 0.0, 0.0411, 0.123299, 0.0, -0.0411, 0.082199, -0.0411, 0.0, -0.0411, 0.0, 0.0, 0.0, -0.082199, -0.0411, -0.082199, 0.0, 0.0, 0.0, 0.0, -0.0411, -0.0411, 0.0, 0.0, 0.0, -0.0411, -0.0411, -0.0411, 0.0, 0.0411, 0.0, 0.0411, 0.0, 0.0411, 0.0, 0.0, 0.0, -0.0411, -0.0411, -0.082199, 0.0, -0.123299, 0.0, 0.0, 0.0411, -0.082199, 0.0, 0.0, -0.082199, 0.0, 0.0, 0.0, 0.0411, 0.0, -0.0411, -0.082199]",12,6,6,94,122,0.5226,0.5293,0.5081,0.4774,1.0,0.6486,0.1667,0.5043,2026-09-19T15:26:22
d544f052-3d3c-4c08-b18d-3d34c66a7396,P-6EEA879104,T5,high,medium,google/gemma-4-31b-it,1,Neutral Engagement Agent,"After a long and tiring day, you return home with no immediate obligations. How do you usually spend that time?","[0.110282, -0.036761, 0.0, 0.0, 0.0, 0.036761, -0.036761, -0.036761, 0.0, -0.036761, 0.073521, -0.036761, 0.110282, 0.036761, 0.036761, -0.036761, -0.036761, 0.036761, 0.0, 0.0, 0.036761, 0.036761, -0.036761, 0.036761, 0.0, 0.0, 0.0, 0.0, 0.0, 0.036761, -0.036761, 0.0, 0.073521, 0.073521, 0.073521, -0.036761, -0.073521, 0.110282, 0.0, -0.036761, 0.0, 0.036761, 0.036761, 0.0, 0.0, -0.036761, 0.0, 0.0, -0.036761, 0.0, 0.036761, 0.073521, 0.036761, 0.073521, 0.036761, 0.0, 0.0, 0.0, 0.0, -0.036761, -0.036761, -0.036761, -0.036761, 0.036761, 0.0, -0.036761, 0.0, 0.0, 0.036761, -0.036761, -0.036761, 0.036761, 0.0, 0.0, 0.0, 0.0, 0.073521, -0.073521, -0.036761, 0.036761, 0.0, 0.036761, 0.036761, 0.0, 0.073521, -0.147043, 0.036761, -0.110282, 0.0, -0.036761, 0.0, 0.110282, -0.036761, -0.073521, 0.0, -0.036761, 0.036761, 0.0, -0.036761, -0.073521, 0.036761, 0.073521, -0.036761, 0.036761, 0.036761, 0.0, 0.0, -0.036761, 0.036761, -0.036761, 0.036761, -0.036761, 0.0, 0.073521, -0.073521, 0.036761, -0.036761, 0.036761, -0.036761, -0.036761, 0.0, 0.0, 0.0, 0.036761, 0.0, 0.0, -0.036761, 0.0, 0.073521, 0.036761, 0.0, -0.036761, 0.0, 0.110282, 0.0, -0.036761, 0.073521, 0.0, 0.0, 0.0, -0.036761, 0.036761, -0.073521, -0.036761, -0.036761, -0.036761, 0.0, 0.036761, 0.0, 0.0, -0.036761, -0.036761, -0.036761, 0.0, -0.036761, 0.0, 0.0, 0.036761, 0.110282, 0.0, 0.036761, 0.036761, -0.036761, 0.073521, 0.036761, 0.0, 0.110282, -0.036761, 0.036761, 0.0, -0.036761, 0.0, 0.0, 0.0, 0.0, -0.073521, -0.073521, -0.073521, -0.110282, 0.0, 0.036761, -0.036761, 0.036761, 0.036761, 0.0, 0.0, 0.0, 0.110282, 0.036761, 0.036761, 0.036761, 0.073521, 0.147043, 0.0, -0.036761, 0.036761, 0.073521, 0.0, -0.036761, 0.036761, 0.0, 0.036761, -0.036761, 0.073521, 0.0, -0.036761, -0.073521, -0.110282, 0.036761, -0.110282, 0.036761, 0.036761, 0.0, 0.073521, 0.0, 0.147043, 0.036761, 0.0, 0.036761, 0.036761, 0.0, -0.036761, 0.036761, -0.036761, 0.0, 0.0, 0.147043, 0.147043, 0.0, -0.036761, -0.073521, 0.0, -0.036761, -0.073521, 0.0, -0.110282, 0.036761, -0.036761, -0.036761, 0.0, -0.073521, 0.0, 0.036761, 0.220564, 0.036761, 0.0, 0.0, 0.0, 0.036761, -0.036761, -0.036761, 0.036761, 0.0, 0.0, -0.036761, 0.0, -0.073521, -0.036761, -0.110282, 0.0, -0.036761, -0.036761, -0.073521, 0.0, 0.0, -0.036761, 0.0, 0.0, -0.036761, 0.183804, -0.036761, 0.0, 0.036761, 0.036761, 0.036761, -0.036761, -0.036761, -0.110282, -0.073521, 0.036761, 0.073521, 0.0, 0.036761, 0.0, -0.073521, 0.073521, -0.036761, -0.036761, -0.036761, 0.110282, 0.0, 0.036761, 0.0, -0.036761, 0.036761, 0.0, -0.073521, 0.073521, -0.036761, -0.036761, 0.0, -0.036761, -0.147043, 0.073521, 0.0, 0.147043, 0.036761, 0.110282, 0.073521, 0.036761, 0.0, 0.0, -0.073521, -0.073521, 0.036761, 0.0, -0.073521, 0.036761, 0.0, 0.0, 0.036761, 0.0, 0.036761, 0.036761, -0.073521, -0.036761, -0.036761, -0.073521, 0.036761, 0.036761, 0.0, -0.036761, 0.0, 0.0, 0.110282, -0.036761, 0.0, 0.0, 0.110282, 0.0, 0.036761, 0.0, -0.036761, 0.0, -0.036761, 0.036761, 0.0, -0.073521, 0.036761, -0.036761, 0.036761, 0.036761, 0.036761, 0.0, 0.0, -0.110282, 0.0, -0.036761, 0.0, 0.0, 0.0, -0.036761, 0.036761, -0.036761, 0.0, 0.0, -0.036761, -0.036761, -0.036761, -0.147043, -0.036761, 0.0, 0.036761, -0.073521, 0.0, 0.036761, -0.073521, -0.036761, -0.036761, -0.036761, 0.0, 0.0, 0.073521, 0.0]",12,6,6,109,143,0.5175,0.5437,0.5429,0.4825,1.0,0.2883,0.0833,0.5,2026-09-19T15:26:21
e117be13-b157-41fb-b968-3c10484b01e5,P-6EEA879104,T5,high,medium,google/gemma-4-31b-it,1,Neutral Engagement Agent,"After completing a demanding task or exam, you finally have some free time. How do you usually relax?","[0.0, 0.0, 0.037743, 0.0, -0.037743, -0.075485, 0.0, -0.075485, 0.0, 0.0, 0.0, 0.0, 0.075485, 0.075485, 0.0, 0.037743, -0.075485, 0.037743, 0.0, 0.0, 0.0, 0.037743, 0.0, -0.037743, -0.037743, 0.037743, 0.0, 0.0, 0.0, 0.037743, 0.0, 0.0, -0.037743, 0.113228, 0.075485, -0.037743, 0.0, 0.113228, 0.0, 0.037743, 0.037743, 0.037743, 0.075485, -0.075485, -0.037743, -0.113228, 0.037743, 0.0, 0.0, 0.0, 0.037743, 0.037743, 0.037743, 0.075485, 0.037743, 0.0, 0.0, -0.037743, -0.037743, -0.075485, -0.037743, 0.0, 0.0, 0.0, -0.037743, 0.0, -0.037743, 0.0, 0.037743, 0.037743, 0.037743, -0.037743, 0.0, 0.0, 0.0, 0.0, 0.113228, 0.0, 0.037743, 0.0, 0.0, 0.226455, 0.0, -0.037743, 0.113228, -0.075485, 0.037743, -0.113228, 0.0, 0.0, 0.0, -0.037743, 0.037743, 0.037743, -0.075485, -0.113228, 0.0, -0.037743, 0.0, 0.0, 0.037743, 0.037743, -0.037743, 0.037743, 0.037743, 0.037743, 0.0, 0.0, 0.0, -0.037743, 0.037743, 0.0, 0.0, 0.037743, -0.075485, -0.037743, -0.037743, 0.037743, -0.037743, -0.037743, 0.0, 0.0, 0.0, 0.0, -0.037743, -0.037743, 0.0, 0.0, -0.037743, -0.037743, 0.0, 0.075485, 0.0, 0.113228, 0.0, 0.037743, 0.0, -0.075485, 0.075485, 0.0, 0.0, 0.0, -0.037743, 0.0, -0.037743, 0.0, 0.0, -0.037743, 0.075485, 0.0, -0.037743, -0.113228, -0.037743, 0.037743, 0.037743, 0.037743, -0.037743, 0.037743, 0.113228, 0.0, 0.037743, 0.037743, 0.0, 0.037743, -0.037743, 0.113228, 0.0, -0.037743, -0.037743, 0.0, 0.037743, 0.037743, 0.0, 0.113228, 0.037743, 0.037743, -0.075485, -0.037743, -0.037743, 0.0, 0.113228, 0.037743, 0.113228, 0.0, 0.0, 0.0, 0.0, 0.075485, -0.037743, 0.0, 0.0, 0.075485, 0.15097, 0.0, -0.15097, 0.075485, 0.037743, 0.037743, -0.037743, 0.0, -0.037743, 0.037743, 0.037743, 0.075485, 0.075485, -0.037743, -0.037743, -0.037743, -0.037743, -0.113228, 0.15097, -0.037743, 0.075485, 0.037743, 0.0, 0.0, 0.037743, -0.037743, 0.037743, 0.0, 0.0, -0.075485, 0.037743, -0.075485, 0.0, 0.037743, 0.037743, 0.075485, -0.037743, -0.113228, 0.0, 0.075485, -0.075485, -0.037743, -0.037743, -0.037743, -0.037743, 0.037743, 0.037743, -0.037743, -0.037743, 0.037743, 0.037743, 0.113228, 0.075485, 0.0, 0.0, -0.037743, 0.0, 0.0, -0.037743, 0.0, 0.15097, 0.0, -0.037743, -0.075485, -0.037743, -0.113228, -0.075485, 0.0, -0.037743, -0.037743, 0.0, 0.037743, 0.037743, -0.037743, 0.075485, 0.037743, 0.075485, 0.113228, -0.075485, 0.0, 0.0, 0.0, 0.0, 0.0, -0.037743, -0.037743, -0.075485, 0.0, -0.075485, 0.0, 0.037743, -0.037743, -0.113228, 0.113228, -0.037743, -0.075485, -0.037743, 0.0, 0.037743, 0.0, -0.037743, 0.075485, -0.037743, 0.113228, -0.075485, 0.0, -0.037743, 0.037743, -0.037743, 0.0, -0.037743, 0.113228, 0.037743, 0.037743, 0.0, 0.037743, 0.037743, -0.037743, 0.0, 0.037743, -0.075485, 0.037743, 0.075485, 0.0, 0.0, 0.037743, 0.0, 0.0, 0.037743, -0.037743, 0.0, 0.037743, 0.0, 0.0, 0.0, -0.113228, 0.0, 0.037743, -0.037743, 0.0, -0.037743, 0.037743, 0.075485, 0.0, 0.0, -0.037743, 0.0, 0.0, 0.037743, 0.037743, -0.037743, -0.037743, 0.0, -0.037743, 0.0, 0.0, 0.037743, -0.037743, -0.037743, 0.0, -0.075485, 0.0, 0.0, -0.113228, 0.0, -0.037743, -0.037743, -0.037743, 0.037743, 0.0, 0.037743, 0.0, -0.037743, 0.0, 0.0, 0.0, 0.0, -0.188713, 0.0, 0.0, 0.0, -0.075485, 0.0, 0.037743, 0.037743, 0.0, -0.075485, -0.037743, 0.075485, 0.0, 0.0, 0.0]",12,6,6,109,141,0.5481,0.5551,0.5452,0.4519,1.0,0.3429,0.0833,0.5036,2026-09-19T15:26:21
e8341ab7-80d2-4461-8308-4abcb194036e,P-6EEA879104,T5,high,medium,google/gemma-4-31b-it,0,Neutral Engagement Agent,"After a long and tiring day, you return home with no immediate obligations. How do you usually spend that time?","[0.110282, -0.036761, 0.0, 0.0, 0.0, 0.036761, -0.036761, -0.036761, 0.0, -0.036761, 0.073521, -0.036761, 0.110282, 0.036761, 0.036761, -0.036761, -0.036761, 0.036761, 0.0, 0.0, 0.036761, 0.036761, -0.036761, 0.036761, 0.0, 0.0, 0.0, 0.0, 0.0, 0.036761, -0.036761, 0.0, 0.073521, 0.073521, 0.073521, -0.036761, -0.073521, 0.110282, 0.0, -0.036761, 0.0, 0.036761, 0.036761, 0.0, 0.0, -0.036761, 0.0, 0.0, -0.036761, 0.0, 0.036761, 0.073521, 0.036761, 0.073521, 0.036761, 0.0, 0.0, 0.0, 0.0, -0.036761, -0.036761, -0.036761, -0.036761, 0.036761, 0.0, -0.036761, 0.0, 0.0, 0.036761, -0.036761, -0.036761, 0.036761, 0.0, 0.0, 0.0, 0.0, 0.073521, -0.073521, -0.036761, 0.036761, 0.0, 0.036761, 0.036761, 0.0, 0.073521, -0.147043, 0.036761, -0.110282, 0.0, -0.036761, 0.0, 0.110282, -0.036761, -0.073521, 0.0, -0.036761, 0.036761, 0.0, -0.036761, -0.073521, 0.036761, 0.073521, -0.036761, 0.036761, 0.036761, 0.0, 0.0, -0.036761, 0.036761, -0.036761, 0.036761, -0.036761, 0.0, 0.073521, -0.073521, 0.036761, -0.036761, 0.036761, -0.036761, -0.036761, 0.0, 0.0, 0.0, 0.036761, 0.0, 0.0, -0.036761, 0.0, 0.073521, 0.036761, 0.0, -0.036761, 0.0, 0.110282, 0.0, -0.036761, 0.073521, 0.0, 0.0, 0.0, -0.036761, 0.036761, -0.073521, -0.036761, -0.036761, -0.036761, 0.0, 0.036761, 0.0, 0.0, -0.036761, -0.036761, -0.036761, 0.0, -0.036761, 0.0, 0.0, 0.036761, 0.110282, 0.0, 0.036761, 0.036761, -0.036761, 0.073521, 0.036761, 0.0, 0.110282, -0.036761, 0.036761, 0.0, -0.036761, 0.0, 0.0, 0.0, 0.0, -0.073521, -0.073521, -0.073521, -0.110282, 0.0, 0.036761, -0.036761, 0.036761, 0.036761, 0.0, 0.0, 0.0, 0.110282, 0.036761, 0.036761, 0.036761, 0.073521, 0.147043, 0.0, -0.036761, 0.036761, 0.073521, 0.0, -0.036761, 0.036761, 0.0, 0.036761, -0.036761, 0.073521, 0.0, -0.036761, -0.073521, -0.110282, 0.036761, -0.110282, 0.036761, 0.036761, 0.0, 0.073521, 0.0, 0.147043, 0.036761, 0.0, 0.036761, 0.036761, 0.0, -0.036761, 0.036761, -0.036761, 0.0, 0.0, 0.147043, 0.147043, 0.0, -0.036761, -0.073521, 0.0, -0.036761, -0.073521, 0.0, -0.110282, 0.036761, -0.036761, -0.036761, 0.0, -0.073521, 0.0, 0.036761, 0.220564, 0.036761, 0.0, 0.0, 0.0, 0.036761, -0.036761, -0.036761, 0.036761, 0.0, 0.0, -0.036761, 0.0, -0.073521, -0.036761, -0.110282, 0.0, -0.036761, -0.036761, -0.073521, 0.0, 0.0, -0.036761, 0.0, 0.0, -0.036761, 0.183804, -0.036761, 0.0, 0.036761, 0.036761, 0.036761, -0.036761, -0.036761, -0.110282, -0.073521, 0.036761, 0.073521, 0.0, 0.036761, 0.0, -0.073521, 0.073521, -0.036761, -0.036761, -0.036761, 0.110282, 0.0, 0.036761, 0.0, -0.036761, 0.036761, 0.0, -0.073521, 0.073521, -0.036761, -0.036761, 0.0, -0.036761, -0.147043, 0.073521, 0.0, 0.147043, 0.036761, 0.110282, 0.073521, 0.036761, 0.0, 0.0, -0.073521, -0.073521, 0.036761, 0.0, -0.073521, 0.036761, 0.0, 0.0, 0.036761, 0.0, 0.036761, 0.036761, -0.073521, -0.036761, -0.036761, -0.073521, 0.036761, 0.036761, 0.0, -0.036761, 0.0, 0.0, 0.110282, -0.036761, 0.0, 0.0, 0.110282, 0.0, 0.036761, 0.0, -0.036761, 0.0, -0.036761, 0.036761, 0.0, -0.073521, 0.036761, -0.036761, 0.036761, 0.036761, 0.036761, 0.0, 0.0, -0.110282, 0.0, -0.036761, 0.0, 0.0, 0.0, -0.036761, 0.036761, -0.036761, 0.0, 0.0, -0.036761, -0.036761, -0.036761, -0.147043, -0.036761, 0.0, 0.036761, -0.073521, 0.0, 0.036761, -0.073521, -0.036761, -0.036761, -0.036761, 0.0, 0.0, 0.073521, 0.0]",12,6,6,113,148,0.5476,0.5792,0.5541,0.4524,1.0,0.2131,0.0,0.4933,2026-09-19T15:26:22
f53bb37d-b7e4-4df5-8db4-c1783c8d2fa9,P-6EEA879104,T7,low,small,google/gemma-3-4b-it,0,Neutral Engagement Agent,You are planning a small gathering at home with friends. How do you organize it so that everything runs smoothly?,"[0.0, -0.038014, -0.038014, -0.038014, -0.038014, 0.076029, -0.076029, 0.0, -0.038014, -0.038014, 0.0, 0.0, 0.076029, 0.038014, -0.038014, 0.0, 0.0, 0.038014, 0.076029, 0.0, 0.038014, 0.114043, -0.076029, 0.0, 0.038014, 0.0, 0.038014, 0.0, 0.0, 0.0, 0.0, 0.038014, 0.038014, 0.038014, 0.076029, -0.038014, -0.076029, 0.076029, 0.0, 0.0, 0.0, 0.0, 0.0, 0.0, 0.0, -0.038014, -0.038014, 0.0, 0.038014, 0.0, 0.0, 0.076029, 0.038014, 0.038014, 0.0, -0.076029, 0.0, 0.038014, -0.038014, 0.0, 0.0, 0.0, 0.038014, 0.0, 0.0, 0.038014, -0.076029, -0.038014, 0.0, 0.038014, -0.076029, 0.076029, -0.038014, -0.038014, -0.076029, -0.038014, 0.076029, -0.076029, -0.076029, -0.038014, 0.0, 0.076029, 0.0, 0.0, 0.0, -0.114043, 0.0, -0.114043, 0.076029, -0.190071, 0.0, 0.038014, -0.038014, -0.076029, 0.0, 0.0, 0.0, -0.076029, 0.038014, -0.076029, 0.0, 0.0, 0.0, 0.0, 0.0, 0.0, 0.038014, -0.038014, 0.0, 0.0, 0.076029, -0.038014, 0.0, 0.038014, -0.076029, 0.152057, 0.0, -0.038014, -0.038014, 0.076029, -0.076029, 0.0, 0.0, 0.0, -0.038014, 0.038014, -0.038014, -0.038014, -0.038014, 0.038014, 0.038014, -0.114043, -0.038014, 0.114043, 0.0, -0.038014, 0.0, 0.038014, -0.038014, -0.038014, -0.076029, 0.038014, 0.0, 0.0, -0.038014, -0.038014, 0.0, 0.0, 0.076029, 0.038014, 0.0, -0.114043, -0.038014, 0.038014, 0.038014, 0.0, 0.0, 0.038014, 0.114043, 0.0, -0.038014, 0.076029, -0.038014, -0.076029, -0.038014, 0.038014, -0.038014, 0.038014, 0.0, 0.0, 0.0, 0.0, -0.038014, 0.0, -0.038014, -0.038014, 0.0, 0.076029, -0.038014, 0.038014, -0.038014, -0.038014, 0.0, 0.114043, -0.076029, -0.076029, 0.038014, 0.0, 0.038014, 0.038014, -0.038014, 0.076029, 0.190071, -0.076029, -0.076029, 0.0, 0.076029, -0.038014, 0.038014, 0.0, 0.0, 0.038014, 0.038014, 0.0, 0.0, 0.0, -0.076029, -0.038014, 0.076029, -0.114043, 0.076029, 0.038014, 0.0, 0.076029, 0.0, 0.038014, -0.038014, 0.0, -0.038014, -0.038014, 0.038014, -0.038014, 0.076029, -0.076029, 0.076029, -0.076029, 0.0, 0.190071, -0.038014, 0.076029, -0.076029, 0.0, -0.038014, -0.038014, 0.0, -0.038014, 0.0, 0.0, 0.038014, 0.0, -0.038014, -0.076029, 0.076029, 0.152057, 0.038014, -0.076029, 0.038014, 0.038014, 0.114043, -0.038014, -0.038014, 0.038014, 0.076029, 0.0, -0.038014, -0.038014, -0.114043, -0.076029, 0.0, 0.038014, 0.038014, 0.038014, 0.0, 0.038014, 0.038014, 0.0, 0.0, 0.0, 0.0, 0.076029, -0.038014, 0.038014, 0.076029, 0.0, 0.0, -0.076029, 0.038014, -0.076029, 0.0, 0.0, 0.076029, 0.038014, 0.038014, 0.0, 0.0, 0.0, -0.076029, 0.0, 0.0, 0.076029, 0.038014, 0.076029, -0.038014, -0.076029, -0.076029, -0.038014, 0.0, 0.076029, 0.0, -0.038014, -0.038014, 0.0, 0.0, 0.114043, 0.0, 0.0, 0.038014, 0.076029, 0.038014, -0.076029, 0.0, 0.0, -0.114043, 0.0, -0.076029, 0.0, -0.038014, 0.0, 0.076029, -0.038014, 0.0, -0.038014, -0.038014, 0.038014, -0.114043, 0.0, -0.038014, 0.038014, 0.038014, -0.038014, 0.0, 0.114043, 0.0, -0.038014, 0.0, -0.076029, 0.0, -0.038014, 0.0, -0.038014, 0.038014, -0.038014, 0.0, -0.114043, -0.038014, 0.038014, 0.0, 0.0, 0.0, -0.038014, -0.038014, 0.0, 0.0, -0.038014, -0.076029, -0.038014, 0.0, 0.0, 0.0, 0.038014, 0.038014, 0.0, 0.038014, 0.0, 0.0, 0.0, 0.0, -0.038014, 0.0, -0.114043, -0.038014, 0.0, 0.076029, 0.0, 0.038014, 0.038014, -0.038014, -0.038014, 0.038014, 0.0, 0.038014, 0.0, 0.0, -0.038014]",12,6,6,78,101,0.5568,0.5385,0.5049,0.4432,1.0,0.5538,0.0833,0.4944,2026-09-19T15:26:21
fb24b6f1-0a82-42ae-803c-a01d61442a0d,P-6EEA879104,T7,low,medium,google/gemma-4-31b-it,0,Neutral Engagement Agent,You are organizing a small birthday celebration at home. How do you make sure everything is ready?,"[0.0411, 0.0, 0.0, -0.0411, -0.082199, 0.0, 0.0, 0.0, 0.0411, -0.0411, 0.0, 0.0411, 0.082199, 0.0, -0.0411, 0.0411, -0.0411, 0.0, 0.0, 0.0411, 0.0411, 0.082199, -0.082199, 0.0, 0.0, 0.0, 0.0, 0.0, 0.0, 0.0411, -0.0411, 0.0, 0.0, 0.082199, 0.123299, -0.082199, -0.0411, 0.0411, 0.0411, 0.0411, 0.0, -0.0411, 0.0411, 0.0, 0.0, -0.082199, 0.0411, -0.0411, 0.0, -0.0411, 0.0, 0.0411, 0.0, 0.0, 0.0, -0.0411, 0.0, -0.0411, 0.0411, -0.0411, 0.0, 0.0, 0.0411, 0.0411, 0.0, -0.123299, 0.0, -0.0411, 0.0, -0.082199, -0.0411, 0.0411, 0.0, -0.0411, 0.0, -0.082199, 0.082199, -0.082199, -0.123299, -0.0411, 0.0411, 0.082199, -0.0411, -0.0411, 0.0, -0.123299, 0.0, -0.123299, 0.0411, -0.082199, 0.0, 0.123299, -0.082199, -0.082199, -0.0411, 0.0, 0.0, -0.082199, 0.0411, 0.0, 0.0411, 0.0, -0.0411, 0.0411, 0.0411, 0.0411, 0.0, 0.0, 0.0411, 0.0411, 0.0411, 0.0, 0.0, 0.0411, -0.082199, 0.082199, -0.082199, -0.0411, -0.0411, 0.0, 0.0, -0.0411, -0.0411, 0.0, 0.0, 0.0, -0.082199, 0.0, -0.0411, 0.0411, 0.082199, 0.0, -0.0411, 0.164399, -0.0411, 0.0411, 0.0, -0.082199, 0.0, 0.0, -0.082199, 0.0, 0.0, 0.0411, 0.0411, 0.0, 0.0, -0.0411, 0.0411, 0.0411, 0.0, -0.164399, 0.0, 0.0411, 0.0, -0.0411, 0.0, 0.0411, 0.123299, -0.082199, 0.0, -0.0411, 0.0, 0.0, -0.0411, 0.0411, 0.0411, 0.0411, 0.0, 0.0411, 0.0411, 0.0411, 0.0, 0.0411, 0.0, 0.0, 0.164399, 0.082199, -0.0411, 0.0, -0.123299, 0.0, 0.082199, 0.0411, -0.082199, 0.0, 0.0411, 0.082199, 0.0411, 0.0411, 0.0, 0.123299, 0.082199, -0.0411, -0.082199, 0.0, 0.082199, 0.0, 0.0, 0.0, 0.0, -0.0411, 0.0411, -0.0411, -0.0411, 0.0411, 0.0, 0.0, 0.0, -0.082199, 0.0411, 0.0, 0.0, 0.0, 0.0411, 0.082199, -0.0411, -0.082199, -0.0411, 0.0, 0.0411, 0.0, 0.082199, -0.082199, -0.0411, 0.0, -0.0411, 0.164399, -0.164399, 0.0411, 0.0, -0.082199, -0.123299, -0.082199, 0.0, -0.082199, 0.0, 0.0, 0.0, 0.0411, 0.0, -0.0411, 0.082199, 0.082199, 0.0411, -0.0411, 0.0, 0.082199, 0.0411, 0.0411, -0.0411, 0.0, 0.0411, 0.0411, 0.0411, -0.082199, -0.0411, -0.0411, -0.0411, 0.0411, 0.0, -0.0411, 0.0, 0.0411, 0.0, -0.082199, -0.0411, 0.0411, 0.0411, 0.082199, -0.0411, -0.0411, 0.0411, -0.0411, -0.0411, -0.0411, 0.0, -0.082199, 0.0, 0.0411, 0.0411, -0.0411, 0.0, 0.0, 0.0, 0.0411, -0.0411, 0.0, 0.0, 0.0, 0.0, 0.0411, 0.0, 0.0411, 0.0, 0.0, -0.0411, 0.123299, 0.0, 0.0, 0.0, 0.0411, 0.0, 0.0, 0.0, 0.082199, -0.0411, 0.0411, 0.0, 0.0, 0.082199, 0.0, -0.123299, 0.0411, -0.123299, 0.0411, 0.0, 0.0, 0.0, 0.0, 0.0, -0.0411, 0.0, 0.0411, -0.082199, 0.0, -0.0411, 0.0411, 0.0, 0.0, 0.0411, 0.123299, 0.0, -0.0411, 0.082199, -0.0411, 0.0, -0.0411, 0.0, 0.0, 0.0, -0.082199, -0.0411, -0.082199, 0.0, 0.0, 0.0, 0.0, -0.0411, -0.0411, 0.0, 0.0, 0.0, -0.0411, -0.0411, -0.0411, 0.0, 0.0411, 0.0, 0.0411, 0.0, 0.0411, 0.0, 0.0, 0.0, -0.0411, -0.0411, -0.082199, 0.0, -0.123299, 0.0, 0.0, 0.0411, -0.082199, 0.0, 0.0, -0.082199, 0.0, 0.0, 0.0, 0.0411, 0.0, -0.0411, -0.082199]",12,6,6,170,222,0.5714,0.5977,0.5076,0.4286,1.0,0.776,0.0,0.484,2026-09-19T15:26:22
085292d0-6ff1-4e45-abc2-73848e9ac309,P-9E130A1DDC,T8,high,medium,google/gemma-4-31b-it,0,Neutral Engagement Agent,"You are considering a short trip to another region of Greece. What kind of experience are you looking for, and how do you decide?","[0.121716, -0.030429, 0.0, -0.030429, 0.030429, 0.030429, 0.0, -0.060858, 0.0, 0.0, 0.030429, 0.030429, 0.060858, 0.030429, 0.0, -0.030429, 0.0, 0.030429, -0.091287, -0.030429, 0.030429, -0.060858, -0.121716, -0.091287, -0.030429, 0.060858, 0.0, -0.030429, 0.030429, 0.030429, 0.030429, -0.030429, 0.060858, 0.091287, 0.091287, 0.0, 0.0, 0.030429, 0.030429, -0.030429, -0.091287, 0.0, 0.030429, -0.060858, 0.0, -0.030429, 0.0, -0.030429, -0.030429, 0.0, 0.0, 0.091287, -0.030429, 0.0, 0.030429, -0.030429, 0.0, 0.0, 0.060858, -0.060858, 0.030429, -0.060858, -0.030429, 0.0, 0.0, -0.030429, 0.0, -0.060858, 0.030429, 0.0, 0.060858, -0.060858, -0.060858, 0.030429, 0.0, 0.0, 0.091287, -0.030429, 0.0, 0.0, 0.0, 0.060858, 0.030429, 0.0, 0.060858, -0.060858, 0.0, -0.121716, 0.091287, -0.060858, 0.030429, 0.060858, 0.030429, -0.091287, 0.0, -0.030429, 0.030429, 0.0, -0.060858, -0.060858, -0.060858, 0.0, -0.030429, -0.030429, 0.0, -0.030429, -0.060858, 0.0, 0.030429, 0.0, 0.060858, -0.030429, 0.0, 0.0, -0.060858, 0.060858, -0.091287, -0.030429, -0.030429, -0.030429, 0.030429, 0.0, 0.0, 0.030429, 0.030429, -0.030429, -0.060858, 0.0, 0.0, 0.060858, -0.030429, -0.030429, -0.060858, 0.152145, -0.091287, -0.060858, 0.030429, -0.060858, -0.060858, 0.0, 0.0, -0.030429, 0.0, -0.030429, 0.0, -0.060858, 0.0, 0.0, 0.030429, 0.0, -0.030429, -0.060858, 0.030429, -0.060858, 0.030429, 0.060858, 0.0, 0.060858, 0.121716, 0.0, -0.030429, -0.060858, 0.0, 0.060858, -0.091287, 0.0, -0.030429, 0.030429, 0.060858, -0.030429, -0.060858, 0.030429, -0.091287, 0.091287, -0.060858, 0.0, -0.091287, 0.0, -0.030429, 0.091287, -0.060858, -0.030429, 0.091287, -0.030429, 0.030429, -0.030429, 0.030429, 0.091287, 0.060858, 0.030429, -0.030429, 0.060858, 0.060858, 0.0, -0.060858, 0.060858, 0.030429, 0.030429, 0.0, 0.121716, -0.030429, 0.030429, -0.060858, 0.060858, -0.060858, 0.0, 0.030429, -0.030429, 0.0, -0.152145, -0.060858, 0.0, 0.0, -0.030429, 0.0, 0.030429, -0.121716, 0.030429, 0.0, 0.060858, -0.030429, 0.0, 0.0, -0.030429, 0.060858, -0.121716, -0.060858, 0.182574, -0.121716, 0.0, 0.030429, 0.0, -0.060858, -0.152145, -0.091287, -0.030429, 0.0, 0.030429, -0.030429, 0.0, -0.030429, 0.0, 0.0, 0.091287, 0.060858, 0.0, -0.030429, 0.030429, 0.0, 0.0, 0.030429, -0.030429, 0.030429, -0.030429, -0.030429, 0.030429, -0.060858, -0.060858, 0.030429, 0.060858, 0.0, 0.0, -0.030429, 0.0, 0.060858, -0.060858, 0.030429, 0.0, -0.030429, 0.091287, -0.091287, 0.030429, -0.030429, -0.091287, 0.030429, -0.091287, 0.0, -0.030429, 0.0, 0.0, 0.0, 0.030429, -0.030429, 0.0, 0.091287, 0.091287, -0.030429, 0.0, 0.060858, 0.0, 0.0, -0.030429, -0.030429, 0.060858, -0.030429, -0.091287, 0.0, 0.030429, 0.0, -0.091287, 0.030429, -0.030429, 0.0, 0.030429, 0.060858, 0.0, 0.0, 0.060858, 0.060858, -0.060858, 0.0, 0.060858, -0.091287, -0.030429, -0.091287, -0.030429, 0.0, -0.030429, 0.030429, 0.030429, 0.0, -0.030429, -0.060858, 0.091287, -0.091287, 0.091287, -0.030429, 0.060858, 0.0, 0.0, -0.060858, 0.152145, -0.030429, 0.060858, 0.060858, -0.060858, 0.0, 0.030429, 0.030429, 0.030429, 0.030429, 0.0, 0.060858, 0.0, -0.060858, 0.0, 0.030429, 0.0, 0.0, -0.060858, 0.0, 0.0, 0.030429, -0.060858, -0.030429, -0.030429, 0.0, 0.0, 0.0, 0.0, 0.091287, 0.0, 0.030429, 0.0, 0.030429, 0.0, 0.0, -0.030429, 0.0, -0.213003, 0.030429, -0.030429, 0.030429, -0.060858, 0.030429, 0.030429, -0.060858, 0.0, -0.030429, 0.0, 0.0, 0.0, -0.030429, -0.030429]",12,6,6,150,196,0.5632,0.608,0.5482,0.4368,1.0,0.5077,0.0833,0.5059,2026-09-19T15:26:21
3b73e446-a1f5-41f2-9f6e-7112d5349026,P-9E130A1DDC,T8,high,small,google/gemma-3-4b-it,1,Neutral Engagement Agent,"You are considering a short trip to another region of Greece. What kind of experience are you looking for, and how do you decide?","[0.121716, -0.030429, 0.0, -0.030429, 0.030429, 0.030429, 0.0, -0.060858, 0.0, 0.0, 0.030429, 0.030429, 0.060858, 0.030429, 0.0, -0.030429, 0.0, 0.030429, -0.091287, -0.030429, 0.030429, -0.060858, -0.121716, -0.091287, -0.030429, 0.060858, 0.0, -0.030429, 0.030429, 0.030429, 0.030429, -0.030429, 0.060858, 0.091287, 0.091287, 0.0, 0.0, 0.030429, 0.030429, -0.030429, -0.091287, 0.0, 0.030429, -0.060858, 0.0, -0.030429, 0.0, -0.030429, -0.030429, 0.0, 0.0, 0.091287, -0.030429, 0.0, 0.030429, -0.030429, 0.0, 0.0, 0.060858, -0.060858, 0.030429, -0.060858, -0.030429, 0.0, 0.0, -0.030429, 0.0, -0.060858, 0.030429, 0.0, 0.060858, -0.060858, -0.060858, 0.030429, 0.0, 0.0, 0.091287, -0.030429, 0.0, 0.0, 0.0, 0.060858, 0.030429, 0.0, 0.060858, -0.060858, 0.0, -0.121716, 0.091287, -0.060858, 0.030429, 0.060858, 0.030429, -0.091287, 0.0, -0.030429, 0.030429, 0.0, -0.060858, -0.060858, -0.060858, 0.0, -0.030429, -0.030429, 0.0, -0.030429, -0.060858, 0.0, 0.030429, 0.0, 0.060858, -0.030429, 0.0, 0.0, -0.060858, 0.060858, -0.091287, -0.030429, -0.030429, -0.030429, 0.030429, 0.0, 0.0, 0.030429, 0.030429, -0.030429, -0.060858, 0.0, 0.0, 0.060858, -0.030429, -0.030429, -0.060858, 0.152145, -0.091287, -0.060858, 0.030429, -0.060858, -0.060858, 0.0, 0.0, -0.030429, 0.0, -0.030429, 0.0, -0.060858, 0.0, 0.0, 0.030429, 0.0, -0.030429, -0.060858, 0.030429, -0.060858, 0.030429, 0.060858, 0.0, 0.060858, 0.121716, 0.0, -0.030429, -0.060858, 0.0, 0.060858, -0.091287, 0.0, -0.030429, 0.030429, 0.060858, -0.030429, -0.060858, 0.030429, -0.091287, 0.091287, -0.060858, 0.0, -0.091287, 0.0, -0.030429, 0.091287, -0.060858, -0.030429, 0.091287, -0.030429, 0.030429, -0.030429, 0.030429, 0.091287, 0.060858, 0.030429, -0.030429, 0.060858, 0.060858, 0.0, -0.060858, 0.060858, 0.030429, 0.030429, 0.0, 0.121716, -0.030429, 0.030429, -0.060858, 0.060858, -0.060858, 0.0, 0.030429, -0.030429, 0.0, -0.152145, -0.060858, 0.0, 0.0, -0.030429, 0.0, 0.030429, -0.121716, 0.030429, 0.0, 0.060858, -0.030429, 0.0, 0.0, -0.030429, 0.060858, -0.121716, -0.060858, 0.182574, -0.121716, 0.0, 0.030429, 0.0, -0.060858, -0.152145, -0.091287, -0.030429, 0.0, 0.030429, -0.030429, 0.0, -0.030429, 0.0, 0.0, 0.091287, 0.060858, 0.0, -0.030429, 0.030429, 0.0, 0.0, 0.030429, -0.030429, 0.030429, -0.030429, -0.030429, 0.030429, -0.060858, -0.060858, 0.030429, 0.060858, 0.0, 0.0, -0.030429, 0.0, 0.060858, -0.060858, 0.030429, 0.0, -0.030429, 0.091287, -0.091287, 0.030429, -0.030429, -0.091287, 0.030429, -0.091287, 0.0, -0.030429, 0.0, 0.0, 0.0, 0.030429, -0.030429, 0.0, 0.091287, 0.091287, -0.030429, 0.0, 0.060858, 0.0, 0.0, -0.030429, -0.030429, 0.060858, -0.030429, -0.091287, 0.0, 0.030429, 0.0, -0.091287, 0.030429, -0.030429, 0.0, 0.030429, 0.060858, 0.0, 0.0, 0.060858, 0.060858, -0.060858, 0.0, 0.060858, -0.091287, -0.030429, -0.091287, -0.030429, 0.0, -0.030429, 0.030429, 0.030429, 0.0, -0.030429, -0.060858, 0.091287, -0.091287, 0.091287, -0.030429, 0.060858, 0.0, 0.0, -0.060858, 0.152145, -0.030429, 0.060858, 0.060858, -0.060858, 0.0, 0.030429, 0.030429, 0.030429, 0.030429, 0.0, 0.060858, 0.0, -0.060858, 0.0, 0.030429, 0.0, 0.0, -0.060858, 0.0, 0.0, 0.030429, -0.060858, -0.030429, -0.030429, 0.0, 0.0, 0.0, 0.0, 0.091287, 0.0, 0.030429, 0.0, 0.030429, 0.0, 0.0, -0.030429, 0.0, -0.213003, 0.030429, -0.030429, 0.030429, -0.060858, 0.030429, 0.030429, -0.060858, 0.0, -0.030429, 0.0, 0.0, 0.0, -0.030429, -0.030429]",12,6,6,146,192,0.5268,0.5568,0.53,0.4732,1.0,0.9794,0.0833,0.4977,2026-09-19T15:26:21
5999d57b-b8f2-4207-ac20-95a438600e07,P-9E130A1DDC,T6,low,medium,google/gemma-4-31b-it,0,Neutral Engagement Agent,"You receive an online order, but one of the products arrives damaged. How do you typically handle the situation?","[-0.03732, 0.0, 0.074639, 0.03732, -0.03732, 0.0, 0.074639, -0.074639, 0.0, -0.03732, 0.0, 0.0, 0.074639, 0.0, -0.074639, -0.03732, 0.03732, -0.03732, 0.0, 0.0, -0.03732, -0.03732, 0.0, 0.0, -0.03732, 0.0, 0.0, 0.0, 0.0, 0.0, 0.0, -0.03732, 0.0, 0.074639, 0.074639, 0.0, -0.03732, 0.0, 0.0, 0.0, 0.03732, -0.03732, 0.03732, 0.074639, 0.03732, -0.03732, 0.03732, -0.03732, 0.074639, 0.0, -0.03732, 0.03732, -0.03732, -0.074639, 0.03732, 0.0, 0.0, 0.03732, 0.03732, 0.0, 0.0, 0.0, -0.074639, 0.0, 0.0, 0.0, -0.074639, 0.03732, 0.0, 0.0, -0.03732, -0.111959, 0.03732, 0.0, 0.0, -0.111959, 0.074639, 0.111959, 0.0, -0.074639, 0.0, 0.074639, 0.0, -0.03732, 0.0, -0.074639, -0.03732, -0.074639, 0.074639, -0.111959, 0.0, 0.03732, -0.03732, -0.074639, -0.03732, 0.03732, 0.0, 0.0, 0.03732, -0.03732, 0.0, 0.03732, 0.0, 0.03732, 0.03732, 0.03732, 0.0, 0.03732, 0.03732, 0.0, 0.074639, 0.0, 0.0, 0.0, -0.03732, 0.0, 0.111959, 0.0, -0.074639, 0.0, 0.0, -0.03732, 0.03732, 0.0, 0.0, 0.0, -0.074639, -0.03732, -0.03732, 0.0, 0.111959, 0.03732, -0.074639, 0.111959, 0.03732, 0.0, -0.03732, -0.074639, 0.0, 0.0, 0.0, 0.03732, 0.0, -0.03732, -0.074639, 0.0, 0.03732, 0.0, 0.074639, 0.03732, 0.03732, 0.03732, 0.0, 0.03732, -0.03732, 0.111959, -0.074639, -0.03732, 0.111959, 0.0, -0.074639, -0.074639, 0.0, 0.03732, -0.111959, 0.0, -0.03732, 0.0, -0.03732, -0.03732, -0.03732, 0.0, -0.03732, 0.111959, -0.03732, -0.074639, -0.03732, 0.0, 0.0, 0.0, 0.111959, -0.03732, 0.0, -0.074639, 0.0, 0.074639, 0.111959, 0.111959, -0.111959, 0.0, 0.03732, 0.03732, 0.149279, 0.0, -0.074639, 0.03732, -0.03732, 0.0, 0.0, -0.03732, 0.0, 0.0, 0.0, 0.03732, 0.074639, 0.0, -0.074639, 0.0, 0.03732, -0.111959, -0.03732, 0.074639, -0.03732, -0.074639, 0.0, 0.074639, -0.074639, -0.074639, 0.074639, -0.03732, 0.0, 0.03732, 0.0, -0.074639, 0.0, -0.03732, 0.0, 0.111959, -0.111959, 0.0, -0.074639, 0.03732, 0.03732, -0.03732, -0.074639, 0.0, 0.0, 0.0, 0.0, 0.03732, 0.111959, 0.0, 0.0, 0.03732, 0.03732, 0.0, 0.0, 0.03732, 0.0, 0.0, 0.0, 0.0, 0.0, 0.074639, 0.0, -0.03732, -0.03732, -0.074639, 0.0, 0.111959, -0.074639, 0.0, 0.0, -0.03732, 0.074639, -0.074639, 0.111959, 0.0, 0.03732, 0.111959, 0.074639, -0.186598, -0.03732, 0.0, 0.0, -0.03732, -0.03732, -0.03732, 0.0, -0.03732, 0.03732, -0.074639, 0.0, -0.074639, 0.111959, 0.03732, -0.03732, 0.0, 0.03732, 0.03732, 0.0, 0.0, 0.0, 0.074639, 0.0, 0.03732, 0.074639, 0.0, -0.03732, 0.03732, 0.03732, 0.0, -0.074639, 0.03732, 0.0, 0.03732, -0.074639, 0.0, 0.0, 0.0, 0.0, -0.074639, -0.074639, 0.0, -0.074639, -0.03732, -0.074639, -0.03732, 0.0, 0.0, -0.03732, 0.03732, -0.111959, 0.0, 0.0, 0.074639, -0.074639, 0.0, 0.0, 0.0, 0.0, 0.03732, 0.03732, 0.03732, 0.0, -0.03732, -0.03732, 0.0, -0.03732, -0.03732, 0.03732, -0.03732, -0.149279, 0.03732, -0.03732, 0.0, 0.0, 0.074639, 0.03732, 0.0, 0.03732, 0.111959, 0.0, 0.074639, 0.0, -0.074639, 0.0, 0.0, -0.074639, 0.0, 0.074639, -0.03732, 0.0, 0.0, 0.074639, 0.03732, -0.03732, 0.03732, -0.111959, -0.074639, 0.074639, -0.111959, 0.0, 0.03732, 0.03732, -0.03732, 0.074639, 0.0, 0.0, 0.03732, 0.0, 0.0, -0.03732, -0.03732]",12,6,6,133,173,0.5415,0.5424,0.5687,0.4585,1.0,0.6635,0.1667,0.5213,2026-09-19T15:26:21
5bd2213a-fd86-4cb5-82ab-40c4196e0402,P-9E130A1DDC,T6,low,medium,google/gemma-4-31b-it,1,Neutral Engagement Agent,"You receive an online order, but an item is missing from the package. How do you typically handle the situation?","[-0.071067, 0.0, 0.071067, 0.035533, -0.035533, 0.0, 0.071067, -0.035533, 0.035533, -0.035533, 0.035533, 0.0, 0.071067, 0.0, -0.071067, 0.0, 0.071067, -0.035533, 0.0, 0.035533, -0.035533, 0.035533, -0.035533, -0.071067, 0.0, 0.0, 0.0, 0.0, 0.0, 0.0, 0.0, 0.0, 0.035533, 0.1066, 0.071067, 0.035533, -0.035533, 0.0, 0.0, 0.035533, 0.1066, -0.071067, 0.035533, 0.035533, 0.035533, -0.035533, 0.0, -0.035533, 0.071067, 0.035533, -0.071067, 0.0, 0.0, -0.071067, 0.0, -0.035533, 0.0, -0.035533, 0.0, 0.0, -0.035533, 0.0, -0.071067, 0.0, 0.0, -0.035533, -0.1066, 0.035533, 0.0, 0.0, -0.071067, -0.071067, 0.035533, 0.0, -0.071067, -0.1066, 0.071067, 0.142134, -0.035533, -0.1066, 0.0, 0.035533, 0.035533, 0.0, -0.035533, -0.071067, -0.071067, -0.1066, 0.035533, -0.071067, 0.0, 0.035533, -0.071067, -0.035533, 0.035533, 0.071067, 0.0, 0.0, 0.071067, -0.071067, 0.071067, 0.0, 0.0, 0.035533, 0.035533, -0.035533, 0.0, 0.0, 0.035533, 0.0, 0.071067, 0.071067, 0.035533, 0.0, -0.035533, 0.035533, 0.1066, 0.0, -0.035533, 0.0, 0.0, 0.0, 0.0, 0.0, 0.035533, 0.035533, -0.035533, -0.035533, -0.035533, 0.035533, 0.1066, 0.0, -0.071067, 0.1066, 0.035533, 0.035533, -0.035533, -0.071067, 0.0, -0.035533, 0.0, -0.035533, 0.0, -0.035533, -0.035533, 0.0, 0.071067, 0.0, 0.035533, 0.035533, 0.035533, 0.035533, 0.035533, 0.0, -0.035533, 0.177667, 0.0, -0.035533, 0.1066, -0.035533, -0.071067, -0.035533, 0.071067, 0.0, 0.035533, 0.0, 0.071067, 0.035533, -0.071067, -0.035533, -0.071067, 0.0, -0.071067, 0.035533, -0.035533, 0.071067, 0.0, 0.071067, 0.0, 0.0, 0.071067, -0.035533, 0.0, -0.071067, -0.071067, 0.035533, 0.071067, 0.071067, -0.1066, 0.0, 0.035533, 0.035533, 0.142134, 0.035533, -0.035533, 0.035533, 0.0, -0.035533, 0.0, 0.0, 0.0, -0.035533, 0.0, 0.035533, 0.071067, 0.0, -0.035533, 0.0, 0.071067, -0.071067, 0.0, -0.035533, 0.0, -0.035533, 0.0, 0.071067, -0.071067, 0.035533, 0.071067, 0.035533, 0.0, 0.035533, 0.035533, -0.071067, 0.1066, 0.035533, 0.071067, 0.142134, -0.142134, 0.035533, -0.1066, -0.035533, -0.035533, 0.0, -0.035533, 0.0, 0.0, 0.0, 0.0, 0.035533, 0.1066, 0.0, 0.071067, 0.035533, 0.035533, 0.035533, -0.035533, 0.0, 0.0, 0.035533, -0.035533, 0.0, -0.035533, 0.071067, 0.0, -0.035533, 0.0, -0.071067, -0.1066, 0.142134, -0.035533, 0.035533, 0.0, -0.035533, 0.1066, -0.035533, 0.035533, 0.0, 0.035533, 0.071067, 0.035533, -0.142134, 0.0, 0.0, 0.0, -0.071067, 0.0, 0.0, 0.035533, 0.0, 0.035533, 0.0, 0.0, -0.071067, 0.0, 0.1066, -0.035533, 0.0, 0.0, 0.0, 0.0, 0.0, 0.0, 0.071067, -0.035533, 0.071067, 0.0, 0.0, -0.035533, 0.071067, 0.0, 0.0, -0.1066, 0.0, 0.0, 0.035533, -0.071067, -0.035533, 0.071067, 0.0, 0.0, -0.1066, -0.071067, -0.035533, -0.035533, 0.0, -0.035533, 0.0, 0.035533, 0.0, -0.071067, -0.071067, -0.035533, 0.0, 0.0, 0.142134, -0.071067, 0.0, 0.0, 0.071067, 0.035533, 0.0, 0.035533, 0.0, 0.0, -0.035533, -0.035533, 0.035533, -0.035533, -0.035533, 0.035533, -0.035533, -0.1066, 0.035533, 0.0, 0.035533, 0.035533, 0.071067, 0.0, 0.0, 0.035533, 0.071067, -0.035533, 0.071067, -0.035533, -0.071067, 0.035533, 0.035533, -0.071067, 0.0, 0.071067, -0.035533, 0.0, 0.0, 0.1066, -0.035533, -0.035533, 0.0, -0.071067, -0.142134, 0.035533, -0.1066, 0.035533, 0.0, 0.035533, 0.0, 0.035533, 0.0, 0.0, 0.035533, 0.0, 0.0, 0.0, 0.0]",12,6,6,125,162,0.5206,0.5276,0.5409,0.4794,1.0,0.7802,0.0833,0.4998,2026-09-19T15:26:21
5f83373e-246f-4864-a894-198699c4c38c,P-9E130A1DDC,T6,low,small,google/gemma-3-4b-it,0,Neutral Engagement Agent,"You receive an online order, but an item is missing from the package. How do you typically handle the situation?","[-0.071067, 0.0, 0.071067, 0.035533, -0.035533, 0.0, 0.071067, -0.035533, 0.035533, -0.035533, 0.035533, 0.0, 0.071067, 0.0, -0.071067, 0.0, 0.071067, -0.035533, 0.0, 0.035533, -0.035533, 0.035533, -0.035533, -0.071067, 0.0, 0.0, 0.0, 0.0, 0.0, 0.0, 0.0, 0.0, 0.035533, 0.1066, 0.071067, 0.035533, -0.035533, 0.0, 0.0, 0.035533, 0.1066, -0.071067, 0.035533, 0.035533, 0.035533, -0.035533, 0.0, -0.035533, 0.071067, 0.035533, -0.071067, 0.0, 0.0, -0.071067, 0.0, -0.035533, 0.0, -0.035533, 0.0, 0.0, -0.035533, 0.0, -0.071067, 0.0, 0.0, -0.035533, -0.1066, 0.035533, 0.0, 0.0, -0.071067, -0.071067, 0.035533, 0.0, -0.071067, -0.1066, 0.071067, 0.142134, -0.035533, -0.1066, 0.0, 0.035533, 0.035533, 0.0, -0.035533, -0.071067, -0.071067, -0.1066, 0.035533, -0.071067, 0.0, 0.035533, -0.071067, -0.035533, 0.035533, 0.071067, 0.0, 0.0, 0.071067, -0.071067, 0.071067, 0.0, 0.0, 0.035533, 0.035533, -0.035533, 0.0, 0.0, 0.035533, 0.0, 0.071067, 0.071067, 0.035533, 0.0, -0.035533, 0.035533, 0.1066, 0.0, -0.035533, 0.0, 0.0, 0.0, 0.0, 0.0, 0.035533, 0.035533, -0.035533, -0.035533, -0.035533, 0.035533, 0.1066, 0.0, -0.071067, 0.1066, 0.035533, 0.035533, -0.035533, -0.071067, 0.0, -0.035533, 0.0, -0.035533, 0.0, -0.035533, -0.035533, 0.0, 0.071067, 0.0, 0.035533, 0.035533, 0.035533, 0.035533, 0.035533, 0.0, -0.035533, 0.177667, 0.0, -0.035533, 0.1066, -0.035533, -0.071067, -0.035533, 0.071067, 0.0, 0.035533, 0.0, 0.071067, 0.035533, -0.071067, -0.035533, -0.071067, 0.0, -0.071067, 0.035533, -0.035533, 0.071067, 0.0, 0.071067, 0.0, 0.0, 0.071067, -0.035533, 0.0, -0.071067, -0.071067, 0.035533, 0.071067, 0.071067, -0.1066, 0.0, 0.035533, 0.035533, 0.142134, 0.035533, -0.035533, 0.035533, 0.0, -0.035533, 0.0, 0.0, 0.0, -0.035533, 0.0, 0.035533, 0.071067, 0.0, -0.035533, 0.0, 0.071067, -0.071067, 0.0, -0.035533, 0.0, -0.035533, 0.0, 0.071067, -0.071067, 0.035533, 0.071067, 0.035533, 0.0, 0.035533, 0.035533, -0.071067, 0.1066, 0.035533, 0.071067, 0.142134, -0.142134, 0.035533, -0.1066, -0.035533, -0.035533, 0.0, -0.035533, 0.0, 0.0, 0.0, 0.0, 0.035533, 0.1066, 0.0, 0.071067, 0.035533, 0.035533, 0.035533, -0.035533, 0.0, 0.0, 0.035533, -0.035533, 0.0, -0.035533, 0.071067, 0.0, -0.035533, 0.0, -0.071067, -0.1066, 0.142134, -0.035533, 0.035533, 0.0, -0.035533, 0.1066, -0.035533, 0.035533, 0.0, 0.035533, 0.071067, 0.035533, -0.142134, 0.0, 0.0, 0.0, -0.071067, 0.0, 0.0, 0.035533, 0.0, 0.035533, 0.0, 0.0, -0.071067, 0.0, 0.1066, -0.035533, 0.0, 0.0, 0.0, 0.0, 0.0, 0.0, 0.071067, -0.035533, 0.071067, 0.0, 0.0, -0.035533, 0.071067, 0.0, 0.0, -0.1066, 0.0, 0.0, 0.035533, -0.071067, -0.035533, 0.071067, 0.0, 0.0, -0.1066, -0.071067, -0.035533, -0.035533, 0.0, -0.035533, 0.0, 0.035533, 0.0, -0.071067, -0.071067, -0.035533, 0.0, 0.0, 0.142134, -0.071067, 0.0, 0.0, 0.071067, 0.035533, 0.0, 0.035533, 0.0, 0.0, -0.035533, -0.035533, 0.035533, -0.035533, -0.035533, 0.035533, -0.035533, -0.1066, 0.035533, 0.0, 0.035533, 0.035533, 0.071067, 0.0, 0.0, 0.035533, 0.071067, -0.035533, 0.071067, -0.035533, -0.071067, 0.035533, 0.035533, -0.071067, 0.0, 0.071067, -0.035533, 0.0, 0.0, 0.1066, -0.035533, -0.035533, 0.0, -0.071067, -0.142134, 0.035533, -0.1066, 0.035533, 0.0, 0.035533, 0.0, 0.035533, 0.0, 0.0, 0.035533, 0.0, 0.0, 0.0, 0.0]",12,6,6,70,89,0.5682,0.5822,0.5358,0.4318,1.0,0.6792,0.3333,0.5408,2026-09-19T15:26:21
8654aea2-43d8-4211-bd6c-422cb5e198a2,P-9E130A1DDC,T8,high,medium,google/gemma-4-31b-it,0,Neutral Engagement Agent,You are considering a weekend getaway within Greece. What factors influence your destination choice?,"[0.046324, 0.046324, 0.0, -0.046324, 0.092648, -0.046324, 0.046324, -0.092648, 0.046324, 0.0, -0.092648, -0.046324, 0.046324, -0.046324, 0.0, -0.046324, 0.046324, 0.046324, 0.046324, 0.0, 0.046324, 0.046324, -0.046324, -0.046324, 0.0, 0.0, 0.0, -0.046324, 0.0, 0.046324, -0.092648, 0.0, 0.0, 0.046324, -0.046324, -0.092648, 0.0, -0.046324, 0.046324, 0.0, 0.0, 0.0, 0.0, 0.0, 0.046324, 0.0, 0.0, -0.046324, 0.0, 0.0, 0.046324, -0.138972, 0.0, 0.0, 0.0, 0.0, 0.0, -0.046324, 0.0, -0.092648, 0.0, 0.0, -0.046324, 0.0, 0.0, -0.046324, 0.0, -0.092648, 0.0, -0.092648, 0.046324, 0.0, -0.046324, 0.0, 0.0, 0.046324, 0.138972, 0.046324, 0.092648, 0.046324, -0.046324, 0.0, 0.046324, 0.0, 0.046324, -0.046324, 0.0, 0.0, 0.046324, 0.0, 0.046324, 0.0, -0.046324, 0.0, 0.046324, -0.092648, 0.046324, 0.0, 0.0, 0.092648, 0.0, 0.0, 0.0, -0.046324, 0.0, -0.046324, 0.0, 0.0, 0.0, 0.0, 0.0, -0.092648, 0.0, 0.0, -0.046324, 0.046324, -0.046324, -0.046324, -0.046324, -0.046324, 0.0, -0.046324, 0.0, 0.0, -0.092648, 0.092648, 0.0, 0.0, -0.046324, 0.0, -0.092648, -0.092648, -0.046324, 0.046324, 0.0, -0.092648, 0.046324, -0.046324, -0.092648, 0.0, 0.0, 0.046324, -0.092648, -0.046324, 0.0, -0.046324, 0.046324, 0.0, 0.0, -0.046324, 0.0, -0.092648, 0.046324, 0.0, 0.0, 0.046324, 0.046324, 0.0, 0.092648, 0.092648, -0.185296, 0.092648, 0.0, 0.0, 0.0, 0.0, 0.0, 0.0, 0.046324, -0.046324, -0.046324, -0.046324, 0.0, 0.046324, -0.046324, 0.0, -0.046324, -0.046324, -0.092648, 0.046324, 0.0, 0.0, 0.138972, -0.046324, 0.046324, 0.0, 0.0, 0.138972, 0.046324, -0.046324, -0.046324, 0.046324, 0.046324, 0.0, -0.092648, 0.0, 0.0, 0.0, 0.0, 0.046324, 0.046324, 0.046324, 0.0, -0.046324, 0.0, -0.092648, 0.0, 0.046324, 0.0, -0.138972, 0.0, 0.046324, 0.0, 0.0, 0.0, 0.0, 0.046324, 0.046324, 0.0, 0.092648, 0.0, 0.0, 0.0, -0.092648, -0.046324, 0.0, -0.046324, 0.092648, -0.092648, 0.0, 0.0, 0.0, 0.0, -0.092648, -0.046324, 0.0, 0.0, 0.0, -0.046324, -0.046324, -0.092648, -0.046324, -0.046324, 0.092648, 0.0, 0.092648, -0.046324, 0.0, -0.092648, -0.046324, 0.0, -0.092648, 0.0, -0.046324, -0.092648, 0.046324, -0.185296, -0.092648, 0.092648, 0.0, 0.0, -0.046324, -0.046324, -0.092648, -0.046324, 0.046324, -0.138972, 0.046324, 0.0, 0.138972, -0.092648, 0.046324, -0.046324, -0.046324, 0.0, 0.046324, -0.046324, 0.0, 0.046324, 0.0, 0.0, 0.0, 0.0, 0.0, -0.092648, -0.046324, 0.0, 0.0, 0.0, 0.0, 0.0, -0.092648, 0.0, 0.0, 0.0, -0.046324, -0.046324, 0.046324, 0.046324, 0.0, 0.0, 0.0, 0.046324, 0.092648, -0.046324, -0.092648, 0.0, 0.046324, 0.0, -0.046324, 0.0, -0.046324, -0.092648, 0.0, 0.046324, -0.046324, -0.046324, 0.0, -0.046324, 0.0, 0.0, -0.046324, 0.046324, 0.046324, -0.046324, 0.046324, 0.0, 0.046324, 0.0, -0.046324, -0.092648, 0.0, 0.0, 0.092648, -0.092648, -0.092648, -0.046324, 0.046324, 0.092648, 0.0, 0.046324, 0.0, 0.092648, -0.046324, -0.046324, 0.0, 0.046324, 0.0, 0.0, 0.0, 0.0, -0.046324, 0.0, 0.0, -0.046324, 0.0, 0.0, -0.046324, 0.0, 0.046324, 0.046324, 0.046324, 0.0, 0.0, -0.046324, 0.092648, 0.0, 0.046324, -0.046324, -0.092648, 0.0, -0.046324, 0.046324, 0.0, 0.0, 0.0, -0.046324, -0.046324, -0.046324, -0.046324, 0.0, 0.0, -0.046324, 0.046324]",12,6,6,155,202,0.5301,0.5603,0.5385,0.4699,1.0,0.7565,0.0833,0.5001,2026-09-19T15:26:21
86fe833a-c9f5-4376-a7a9-8e8fef57f021,P-9E130A1DDC,T6,low,small,google/gemma-3-4b-it,1,Neutral Engagement Agent,"You receive an online order, but an item is missing from the package. How do you typically handle the situation?","[-0.071067, 0.0, 0.071067, 0.035533, -0.035533, 0.0, 0.071067, -0.035533, 0.035533, -0.035533, 0.035533, 0.0, 0.071067, 0.0, -0.071067, 0.0, 0.071067, -0.035533, 0.0, 0.035533, -0.035533, 0.035533, -0.035533, -0.071067, 0.0, 0.0, 0.0, 0.0, 0.0, 0.0, 0.0, 0.0, 0.035533, 0.1066, 0.071067, 0.035533, -0.035533, 0.0, 0.0, 0.035533, 0.1066, -0.071067, 0.035533, 0.035533, 0.035533, -0.035533, 0.0, -0.035533, 0.071067, 0.035533, -0.071067, 0.0, 0.0, -0.071067, 0.0, -0.035533, 0.0, -0.035533, 0.0, 0.0, -0.035533, 0.0, -0.071067, 0.0, 0.0, -0.035533, -0.1066, 0.035533, 0.0, 0.0, -0.071067, -0.071067, 0.035533, 0.0, -0.071067, -0.1066, 0.071067, 0.142134, -0.035533, -0.1066, 0.0, 0.035533, 0.035533, 0.0, -0.035533, -0.071067, -0.071067, -0.1066, 0.035533, -0.071067, 0.0, 0.035533, -0.071067, -0.035533, 0.035533, 0.071067, 0.0, 0.0, 0.071067, -0.071067, 0.071067, 0.0, 0.0, 0.035533, 0.035533, -0.035533, 0.0, 0.0, 0.035533, 0.0, 0.071067, 0.071067, 0.035533, 0.0, -0.035533, 0.035533, 0.1066, 0.0, -0.035533, 0.0, 0.0, 0.0, 0.0, 0.0, 0.035533, 0.035533, -0.035533, -0.035533, -0.035533, 0.035533, 0.1066, 0.0, -0.071067, 0.1066, 0.035533, 0.035533, -0.035533, -0.071067, 0.0, -0.035533, 0.0, -0.035533, 0.0, -0.035533, -0.035533, 0.0, 0.071067, 0.0, 0.035533, 0.035533, 0.035533, 0.035533, 0.035533, 0.0, -0.035533, 0.177667, 0.0, -0.035533, 0.1066, -0.035533, -0.071067, -0.035533, 0.071067, 0.0, 0.035533, 0.0, 0.071067, 0.035533, -0.071067, -0.035533, -0.071067, 0.0, -0.071067, 0.035533, -0.035533, 0.071067, 0.0, 0.071067, 0.0, 0.0, 0.071067, -0.035533, 0.0, -0.071067, -0.071067, 0.035533, 0.071067, 0.071067, -0.1066, 0.0, 0.035533, 0.035533, 0.142134, 0.035533, -0.035533, 0.035533, 0.0, -0.035533, 0.0, 0.0, 0.0, -0.035533, 0.0, 0.035533, 0.071067, 0.0, -0.035533, 0.0, 0.071067, -0.071067, 0.0, -0.035533, 0.0, -0.035533, 0.0, 0.071067, -0.071067, 0.035533, 0.071067, 0.035533, 0.0, 0.035533, 0.035533, -0.071067, 0.1066, 0.035533, 0.071067, 0.142134, -0.142134, 0.035533, -0.1066, -0.035533, -0.035533, 0.0, -0.035533, 0.0, 0.0, 0.0, 0.0, 0.035533, 0.1066, 0.0, 0.071067, 0.035533, 0.035533, 0.035533, -0.035533, 0.0, 0.0, 0.035533, -0.035533, 0.0, -0.035533, 0.071067, 0.0, -0.035533, 0.0, -0.071067, -0.1066, 0.142134, -0.035533, 0.035533, 0.0, -0.035533, 0.1066, -0.035533, 0.035533, 0.0, 0.035533, 0.071067, 0.035533, -0.142134, 0.0, 0.0, 0.0, -0.071067, 0.0, 0.0, 0.035533, 0.0, 0.035533, 0.0, 0.0, -0.071067, 0.0, 0.1066, -0.035533, 0.0, 0.0, 0.0, 0.0, 0.0, 0.0, 0.071067, -0.035533, 0.071067, 0.0, 0.0, -0.035533, 0.071067, 0.0, 0.0, -0.1066, 0.0, 0.0, 0.035533, -0.071067, -0.035533, 0.071067, 0.0, 0.0, -0.1066, -0.071067, -0.035533, -0.035533, 0.0, -0.035533, 0.0, 0.035533, 0.0, -0.071067, -0.071067, -0.035533, 0.0, 0.0, 0.142134, -0.071067, 0.0, 0.0, 0.071067, 0.035533, 0.0, 0.035533, 0.0, 0.0, -0.035533, -0.035533, 0.035533, -0.035533, -0.035533, 0.035533, -0.035533, -0.1066, 0.035533, 0.0, 0.035533, 0.035533, 0.071067, 0.0, 0.0, 0.035533, 0.071067, -0.035533, 0.071067, -0.035533, -0.071067, 0.035533, 0.035533, -0.071067, 0.0, 0.071067, -0.035533, 0.0, 0.0, 0.1066, -0.035533, -0.035533, 0.0, -0.071067, -0.142134, 0.035533, -0.1066, 0.035533, 0.0, 0.035533, 0.0, 0.035533, 0.0, 0.0, 0.035533, 0.0, 0.0, 0.0, 0.0]",12,6,6,114,148,0.5356,0.5719,0.5121,0.4644,1.0,0.7011,0.25,0.5191,2026-09-19T15:26:21
88ab6684-164c-4d94-bded-86e4cd6812cb,P-9E130A1DDC,T6,low,medium,google/gemma-4-31b-it,1,Neutral Engagement Agent,"You receive an online order, but one of the products arrives damaged. How do you typically handle the situation?","[-0.03732, 0.0, 0.074639, 0.03732, -0.03732, 0.0, 0.074639, -0.074639, 0.0, -0.03732, 0.0, 0.0, 0.074639, 0.0, -0.074639, -0.03732, 0.03732, -0.03732, 0.0, 0.0, -0.03732, -0.03732, 0.0, 0.0, -0.03732, 0.0, 0.0, 0.0, 0.0, 0.0, 0.0, -0.03732, 0.0, 0.074639, 0.074639, 0.0, -0.03732, 0.0, 0.0, 0.0, 0.03732, -0.03732, 0.03732, 0.074639, 0.03732, -0.03732, 0.03732, -0.03732, 0.074639, 0.0, -0.03732, 0.03732, -0.03732, -0.074639, 0.03732, 0.0, 0.0, 0.03732, 0.03732, 0.0, 0.0, 0.0, -0.074639, 0.0, 0.0, 0.0, -0.074639, 0.03732, 0.0, 0.0, -0.03732, -0.111959, 0.03732, 0.0, 0.0, -0.111959, 0.074639, 0.111959, 0.0, -0.074639, 0.0, 0.074639, 0.0, -0.03732, 0.0, -0.074639, -0.03732, -0.074639, 0.074639, -0.111959, 0.0, 0.03732, -0.03732, -0.074639, -0.03732, 0.03732, 0.0, 0.0, 0.03732, -0.03732, 0.0, 0.03732, 0.0, 0.03732, 0.03732, 0.03732, 0.0, 0.03732, 0.03732, 0.0, 0.074639, 0.0, 0.0, 0.0, -0.03732, 0.0, 0.111959, 0.0, -0.074639, 0.0, 0.0, -0.03732, 0.03732, 0.0, 0.0, 0.0, -0.074639, -0.03732, -0.03732, 0.0, 0.111959, 0.03732, -0.074639, 0.111959, 0.03732, 0.0, -0.03732, -0.074639, 0.0, 0.0, 0.0, 0.03732, 0.0, -0.03732, -0.074639, 0.0, 0.03732, 0.0, 0.074639, 0.03732, 0.03732, 0.03732, 0.0, 0.03732, -0.03732, 0.111959, -0.074639, -0.03732, 0.111959, 0.0, -0.074639, -0.074639, 0.0, 0.03732, -0.111959, 0.0, -0.03732, 0.0, -0.03732, -0.03732, -0.03732, 0.0, -0.03732, 0.111959, -0.03732, -0.074639, -0.03732, 0.0, 0.0, 0.0, 0.111959, -0.03732, 0.0, -0.074639, 0.0, 0.074639, 0.111959, 0.111959, -0.111959, 0.0, 0.03732, 0.03732, 0.149279, 0.0, -0.074639, 0.03732, -0.03732, 0.0, 0.0, -0.03732, 0.0, 0.0, 0.0, 0.03732, 0.074639, 0.0, -0.074639, 0.0, 0.03732, -0.111959, -0.03732, 0.074639, -0.03732, -0.074639, 0.0, 0.074639, -0.074639, -0.074639, 0.074639, -0.03732, 0.0, 0.03732, 0.0, -0.074639, 0.0, -0.03732, 0.0, 0.111959, -0.111959, 0.0, -0.074639, 0.03732, 0.03732, -0.03732, -0.074639, 0.0, 0.0, 0.0, 0.0, 0.03732, 0.111959, 0.0, 0.0, 0.03732, 0.03732, 0.0, 0.0, 0.03732, 0.0, 0.0, 0.0, 0.0, 0.0, 0.074639, 0.0, -0.03732, -0.03732, -0.074639, 0.0, 0.111959, -0.074639, 0.0, 0.0, -0.03732, 0.074639, -0.074639, 0.111959, 0.0, 0.03732, 0.111959, 0.074639, -0.186598, -0.03732, 0.0, 0.0, -0.03732, -0.03732, -0.03732, 0.0, -0.03732, 0.03732, -0.074639, 0.0, -0.074639, 0.111959, 0.03732, -0.03732, 0.0, 0.03732, 0.03732, 0.0, 0.0, 0.0, 0.074639, 0.0, 0.03732, 0.074639, 0.0, -0.03732, 0.03732, 0.03732, 0.0, -0.074639, 0.03732, 0.0, 0.03732, -0.074639, 0.0, 0.0, 0.0, 0.0, -0.074639, -0.074639, 0.0, -0.074639, -0.03732, -0.074639, -0.03732, 0.0, 0.0, -0.03732, 0.03732, -0.111959, 0.0, 0.0, 0.074639, -0.074639, 0.0, 0.0, 0.0, 0.0, 0.03732, 0.03732, 0.03732, 0.0, -0.03732, -0.03732, 0.0, -0.03732, -0.03732, 0.03732, -0.03732, -0.149279, 0.03732, -0.03732, 0.0, 0.0, 0.074639, 0.03732, 0.0, 0.03732, 0.111959, 0.0, 0.074639, 0.0, -0.074639, 0.0, 0.0, -0.074639, 0.0, 0.074639, -0.03732, 0.0, 0.0, 0.074639, 0.03732, -0.03732, 0.03732, -0.111959, -0.074639, 0.074639, -0.111959, 0.0, 0.03732, 0.03732, -0.03732, 0.074639, 0.0, 0.0, 0.03732, 0.0, 0.0, -0.03732, -0.03732]",12,6,6,141,184,0.5284,0.5464,0.5757,0.4716,1.0,0.7524,0.0833,0.5093,2026-09-19T15:26:21
9fd4f677-7df2-4e43-bfbf-1ada6c4f300d,P-9E130A1DDC,T8,high,small,google/gemma-3-4b-it,0,Neutral Engagement Agent,"You are considering a short trip to another region of Greece. What kind of experience are you looking for, and how do you decide?","[0.121716, -0.030429, 0.0, -0.030429, 0.030429, 0.030429, 0.0, -0.060858, 0.0, 0.0, 0.030429, 0.030429, 0.060858, 0.030429, 0.0, -0.030429, 0.0, 0.030429, -0.091287, -0.030429, 0.030429, -0.060858, -0.121716, -0.091287, -0.030429, 0.060858, 0.0, -0.030429, 0.030429, 0.030429, 0.030429, -0.030429, 0.060858, 0.091287, 0.091287, 0.0, 0.0, 0.030429, 0.030429, -0.030429, -0.091287, 0.0, 0.030429, -0.060858, 0.0, -0.030429, 0.0, -0.030429, -0.030429, 0.0, 0.0, 0.091287, -0.030429, 0.0, 0.030429, -0.030429, 0.0, 0.0, 0.060858, -0.060858, 0.030429, -0.060858, -0.030429, 0.0, 0.0, -0.030429, 0.0, -0.060858, 0.030429, 0.0, 0.060858, -0.060858, -0.060858, 0.030429, 0.0, 0.0, 0.091287, -0.030429, 0.0, 0.0, 0.0, 0.060858, 0.030429, 0.0, 0.060858, -0.060858, 0.0, -0.121716, 0.091287, -0.060858, 0.030429, 0.060858, 0.030429, -0.091287, 0.0, -0.030429, 0.030429, 0.0, -0.060858, -0.060858, -0.060858, 0.0, -0.030429, -0.030429, 0.0, -0.030429, -0.060858, 0.0, 0.030429, 0.0, 0.060858, -0.030429, 0.0, 0.0, -0.060858, 0.060858, -0.091287, -0.030429, -0.030429, -0.030429, 0.030429, 0.0, 0.0, 0.030429, 0.030429, -0.030429, -0.060858, 0.0, 0.0, 0.060858, -0.030429, -0.030429, -0.060858, 0.152145, -0.091287, -0.060858, 0.030429, -0.060858, -0.060858, 0.0, 0.0, -0.030429, 0.0, -0.030429, 0.0, -0.060858, 0.0, 0.0, 0.030429, 0.0, -0.030429, -0.060858, 0.030429, -0.060858, 0.030429, 0.060858, 0.0, 0.060858, 0.121716, 0.0, -0.030429, -0.060858, 0.0, 0.060858, -0.091287, 0.0, -0.030429, 0.030429, 0.060858, -0.030429, -0.060858, 0.030429, -0.091287, 0.091287, -0.060858, 0.0, -0.091287, 0.0, -0.030429, 0.091287, -0.060858, -0.030429, 0.091287, -0.030429, 0.030429, -0.030429, 0.030429, 0.091287, 0.060858, 0.030429, -0.030429, 0.060858, 0.060858, 0.0, -0.060858, 0.060858, 0.030429, 0.030429, 0.0, 0.121716, -0.030429, 0.030429, -0.060858, 0.060858, -0.060858, 0.0, 0.030429, -0.030429, 0.0, -0.152145, -0.060858, 0.0, 0.0, -0.030429, 0.0, 0.030429, -0.121716, 0.030429, 0.0, 0.060858, -0.030429, 0.0, 0.0, -0.030429, 0.060858, -0.121716, -0.060858, 0.182574, -0.121716, 0.0, 0.030429, 0.0, -0.060858, -0.152145, -0.091287, -0.030429, 0.0, 0.030429, -0.030429, 0.0, -0.030429, 0.0, 0.0, 0.091287, 0.060858, 0.0, -0.030429, 0.030429, 0.0, 0.0, 0.030429, -0.030429, 0.030429, -0.030429, -0.030429, 0.030429, -0.060858, -0.060858, 0.030429, 0.060858, 0.0, 0.0, -0.030429, 0.0, 0.060858, -0.060858, 0.030429, 0.0, -0.030429, 0.091287, -0.091287, 0.030429, -0.030429, -0.091287, 0.030429, -0.091287, 0.0, -0.030429, 0.0, 0.0, 0.0, 0.030429, -0.030429, 0.0, 0.091287, 0.091287, -0.030429, 0.0, 0.060858, 0.0, 0.0, -0.030429, -0.030429, 0.060858, -0.030429, -0.091287, 0.0, 0.030429, 0.0, -0.091287, 0.030429, -0.030429, 0.0, 0.030429, 0.060858, 0.0, 0.0, 0.060858, 0.060858, -0.060858, 0.0, 0.060858, -0.091287, -0.030429, -0.091287, -0.030429, 0.0, -0.030429, 0.030429, 0.030429, 0.0, -0.030429, -0.060858, 0.091287, -0.091287, 0.091287, -0.030429, 0.060858, 0.0, 0.0, -0.060858, 0.152145, -0.030429, 0.060858, 0.060858, -0.060858, 0.0, 0.030429, 0.030429, 0.030429, 0.030429, 0.0, 0.060858, 0.0, -0.060858, 0.0, 0.030429, 0.0, 0.0, -0.060858, 0.0, 0.0, 0.030429, -0.060858, -0.030429, -0.030429, 0.0, 0.0, 0.0, 0.0, 0.091287, 0.0, 0.030429, 0.0, 0.030429, 0.0, 0.0, -0.030429, 0.0, -0.213003, 0.030429, -0.030429, 0.030429, -0.060858, 0.030429, 0.030429, -0.060858, 0.0, -0.030429, 0.0, 0.0, 0.0, -0.030429, -0.030429]",12,6,6,92,117,0.5183,0.521,0.5663,0.4817,1.0,0.8571,0.1667,0.5184,2026-09-19T15:26:21
aa443e7b-b952-4b51-b299-de5c6964cdd7,P-9E130A1DDC,T8,high,small,google/gemma-3-4b-it,1,Neutral Engagement Agent,You are considering a weekend getaway within Greece. What factors influence your destination choice?,"[0.046324, 0.046324, 0.0, -0.046324, 0.092648, -0.046324, 0.046324, -0.092648, 0.046324, 0.0, -0.092648, -0.046324, 0.046324, -0.046324, 0.0, -0.046324, 0.046324, 0.046324, 0.046324, 0.0, 0.046324, 0.046324, -0.046324, -0.046324, 0.0, 0.0, 0.0, -0.046324, 0.0, 0.046324, -0.092648, 0.0, 0.0, 0.046324, -0.046324, -0.092648, 0.0, -0.046324, 0.046324, 0.0, 0.0, 0.0, 0.0, 0.0, 0.046324, 0.0, 0.0, -0.046324, 0.0, 0.0, 0.046324, -0.138972, 0.0, 0.0, 0.0, 0.0, 0.0, -0.046324, 0.0, -0.092648, 0.0, 0.0, -0.046324, 0.0, 0.0, -0.046324, 0.0, -0.092648, 0.0, -0.092648, 0.046324, 0.0, -0.046324, 0.0, 0.0, 0.046324, 0.138972, 0.046324, 0.092648, 0.046324, -0.046324, 0.0, 0.046324, 0.0, 0.046324, -0.046324, 0.0, 0.0, 0.046324, 0.0, 0.046324, 0.0, -0.046324, 0.0, 0.046324, -0.092648, 0.046324, 0.0, 0.0, 0.092648, 0.0, 0.0, 0.0, -0.046324, 0.0, -0.046324, 0.0, 0.0, 0.0, 0.0, 0.0, -0.092648, 0.0, 0.0, -0.046324, 0.046324, -0.046324, -0.046324, -0.046324, -0.046324, 0.0, -0.046324, 0.0, 0.0, -0.092648, 0.092648, 0.0, 0.0, -0.046324, 0.0, -0.092648, -0.092648, -0.046324, 0.046324, 0.0, -0.092648, 0.046324, -0.046324, -0.092648, 0.0, 0.0, 0.046324, -0.092648, -0.046324, 0.0, -0.046324, 0.046324, 0.0, 0.0, -0.046324, 0.0, -0.092648, 0.046324, 0.0, 0.0, 0.046324, 0.046324, 0.0, 0.092648, 0.092648, -0.185296, 0.092648, 0.0, 0.0, 0.0, 0.0, 0.0, 0.0, 0.046324, -0.046324, -0.046324, -0.046324, 0.0, 0.046324, -0.046324, 0.0, -0.046324, -0.046324, -0.092648, 0.046324, 0.0, 0.0, 0.138972, -0.046324, 0.046324, 0.0, 0.0, 0.138972, 0.046324, -0.046324, -0.046324, 0.046324, 0.046324, 0.0, -0.092648, 0.0, 0.0, 0.0, 0.0, 0.046324, 0.046324, 0.046324, 0.0, -0.046324, 0.0, -0.092648, 0.0, 0.046324, 0.0, -0.138972, 0.0, 0.046324, 0.0, 0.0, 0.0, 0.0, 0.046324, 0.046324, 0.0, 0.092648, 0.0, 0.0, 0.0, -0.092648, -0.046324, 0.0, -0.046324, 0.092648, -0.092648, 0.0, 0.0, 0.0, 0.0, -0.092648, -0.046324, 0.0, 0.0, 0.0, -0.046324, -0.046324, -0.092648, -0.046324, -0.046324, 0.092648, 0.0, 0.092648, -0.046324, 0.0, -0.092648, -0.046324, 0.0, -0.092648, 0.0, -0.046324, -0.092648, 0.046324, -0.185296, -0.092648, 0.092648, 0.0, 0.0, -0.046324, -0.046324, -0.092648, -0.046324, 0.046324, -0.138972, 0.046324, 0.0, 0.138972, -0.092648, 0.046324, -0.046324, -0.046324, 0.0, 0.046324, -0.046324, 0.0, 0.046324, 0.0, 0.0, 0.0, 0.0, 0.0, -0.092648, -0.046324, 0.0, 0.0, 0.0, 0.0, 0.0, -0.092648, 0.0, 0.0, 0.0, -0.046324, -0.046324, 0.046324, 0.046324, 0.0, 0.0, 0.0, 0.046324, 0.092648, -0.046324, -0.092648, 0.0, 0.046324, 0.0, -0.046324, 0.0, -0.046324, -0.092648, 0.0, 0.046324, -0.046324, -0.046324, 0.0, -0.046324, 0.0, 0.0, -0.046324, 0.046324, 0.046324, -0.046324, 0.046324, 0.0, 0.046324, 0.0, -0.046324, -0.092648, 0.0, 0.0, 0.092648, -0.092648, -0.092648, -0.046324, 0.046324, 0.092648, 0.0, 0.046324, 0.0, 0.092648, -0.046324, -0.046324, 0.0, 0.046324, 0.0, 0.0, 0.0, 0.0, -0.046324, 0.0, 0.0, -0.046324, 0.0, 0.0, -0.046324, 0.0, 0.046324, 0.046324, 0.046324, 0.0, 0.0, -0.046324, 0.092648, 0.0, 0.046324, -0.046324, -0.092648, 0.0, -0.046324, 0.046324, 0.0, 0.0, 0.0, -0.046324, -0.046324, -0.046324, -0.046324, 0.0, 0.0, -0.046324, 0.046324]",12,6,6,118,154,0.519,0.5437,0.529,0.481,1.0,0.9744,0.0833,0.4966,2026-09-19T15:26:21
ab39476a-eb7f-4804-8ba4-08e2e2db9ce0,P-9E130A1DDC,T8,high,medium,google/gemma-4-31b-it,1,Neutral Engagement Agent,"You are considering a short trip to another region of Greece. What kind of experience are you looking for, and how do you decide?","[0.121716, -0.030429, 0.0, -0.030429, 0.030429, 0.030429, 0.0, -0.060858, 0.0, 0.0, 0.030429, 0.030429, 0.060858, 0.030429, 0.0, -0.030429, 0.0, 0.030429, -0.091287, -0.030429, 0.030429, -0.060858, -0.121716, -0.091287, -0.030429, 0.060858, 0.0, -0.030429, 0.030429, 0.030429, 0.030429, -0.030429, 0.060858, 0.091287, 0.091287, 0.0, 0.0, 0.030429, 0.030429, -0.030429, -0.091287, 0.0, 0.030429, -0.060858, 0.0, -0.030429, 0.0, -0.030429, -0.030429, 0.0, 0.0, 0.091287, -0.030429, 0.0, 0.030429, -0.030429, 0.0, 0.0, 0.060858, -0.060858, 0.030429, -0.060858, -0.030429, 0.0, 0.0, -0.030429, 0.0, -0.060858, 0.030429, 0.0, 0.060858, -0.060858, -0.060858, 0.030429, 0.0, 0.0, 0.091287, -0.030429, 0.0, 0.0, 0.0, 0.060858, 0.030429, 0.0, 0.060858, -0.060858, 0.0, -0.121716, 0.091287, -0.060858, 0.030429, 0.060858, 0.030429, -0.091287, 0.0, -0.030429, 0.030429, 0.0, -0.060858, -0.060858, -0.060858, 0.0, -0.030429, -0.030429, 0.0, -0.030429, -0.060858, 0.0, 0.030429, 0.0, 0.060858, -0.030429, 0.0, 0.0, -0.060858, 0.060858, -0.091287, -0.030429, -0.030429, -0.030429, 0.030429, 0.0, 0.0, 0.030429, 0.030429, -0.030429, -0.060858, 0.0, 0.0, 0.060858, -0.030429, -0.030429, -0.060858, 0.152145, -0.091287, -0.060858, 0.030429, -0.060858, -0.060858, 0.0, 0.0, -0.030429, 0.0, -0.030429, 0.0, -0.060858, 0.0, 0.0, 0.030429, 0.0, -0.030429, -0.060858, 0.030429, -0.060858, 0.030429, 0.060858, 0.0, 0.060858, 0.121716, 0.0, -0.030429, -0.060858, 0.0, 0.060858, -0.091287, 0.0, -0.030429, 0.030429, 0.060858, -0.030429, -0.060858, 0.030429, -0.091287, 0.091287, -0.060858, 0.0, -0.091287, 0.0, -0.030429, 0.091287, -0.060858, -0.030429, 0.091287, -0.030429, 0.030429, -0.030429, 0.030429, 0.091287, 0.060858, 0.030429, -0.030429, 0.060858, 0.060858, 0.0, -0.060858, 0.060858, 0.030429, 0.030429, 0.0, 0.121716, -0.030429, 0.030429, -0.060858, 0.060858, -0.060858, 0.0, 0.030429, -0.030429, 0.0, -0.152145, -0.060858, 0.0, 0.0, -0.030429, 0.0, 0.030429, -0.121716, 0.030429, 0.0, 0.060858, -0.030429, 0.0, 0.0, -0.030429, 0.060858, -0.121716, -0.060858, 0.182574, -0.121716, 0.0, 0.030429, 0.0, -0.060858, -0.152145, -0.091287, -0.030429, 0.0, 0.030429, -0.030429, 0.0, -0.030429, 0.0, 0.0, 0.091287, 0.060858, 0.0, -0.030429, 0.030429, 0.0, 0.0, 0.030429, -0.030429, 0.030429, -0.030429, -0.030429, 0.030429, -0.060858, -0.060858, 0.030429, 0.060858, 0.0, 0.0, -0.030429, 0.0, 0.060858, -0.060858, 0.030429, 0.0, -0.030429, 0.091287, -0.091287, 0.030429, -0.030429, -0.091287, 0.030429, -0.091287, 0.0, -0.030429, 0.0, 0.0, 0.0, 0.030429, -0.030429, 0.0, 0.091287, 0.091287, -0.030429, 0.0, 0.060858, 0.0, 0.0, -0.030429, -0.030429, 0.060858, -0.030429, -0.091287, 0.0, 0.030429, 0.0, -0.091287, 0.030429, -0.030429, 0.0, 0.030429, 0.060858, 0.0, 0.0, 0.060858, 0.060858, -0.060858, 0.0, 0.060858, -0.091287, -0.030429, -0.091287, -0.030429, 0.0, -0.030429, 0.030429, 0.030429, 0.0, -0.030429, -0.060858, 0.091287, -0.091287, 0.091287, -0.030429, 0.060858, 0.0, 0.0, -0.060858, 0.152145, -0.030429, 0.060858, 0.060858, -0.060858, 0.0, 0.030429, 0.030429, 0.030429, 0.030429, 0.0, 0.060858, 0.0, -0.060858, 0.0, 0.030429, 0.0, 0.0, -0.060858, 0.0, 0.0, 0.030429, -0.060858, -0.030429, -0.030429, 0.0, 0.0, 0.0, 0.0, 0.091287, 0.0, 0.030429, 0.0, 0.030429, 0.0, 0.0, -0.030429, 0.0, -0.213003, 0.030429, -0.030429, 0.030429, -0.060858, 0.030429, 0.030429, -0.060858, 0.0, -0.030429, 0.0, 0.0, 0.0, -0.030429, -0.030429]",12,6,6,147,191,0.5334,0.551,0.5706,0.4666,1.0,0.6754,0.0,0.496,2026-09-19T15:26:21
b90c800c-6174-4531-b1c8-f0875433e020,P-9E130A1DDC,T6,low,small,google/gemma-3-4b-it,1,Neutral Engagement Agent,"You receive an online order, but one of the products arrives damaged. How do you typically handle the situation?","[-0.03732, 0.0, 0.074639, 0.03732, -0.03732, 0.0, 0.074639, -0.074639, 0.0, -0.03732, 0.0, 0.0, 0.074639, 0.0, -0.074639, -0.03732, 0.03732, -0.03732, 0.0, 0.0, -0.03732, -0.03732, 0.0, 0.0, -0.03732, 0.0, 0.0, 0.0, 0.0, 0.0, 0.0, -0.03732, 0.0, 0.074639, 0.074639, 0.0, -0.03732, 0.0, 0.0, 0.0, 0.03732, -0.03732, 0.03732, 0.074639, 0.03732, -0.03732, 0.03732, -0.03732, 0.074639, 0.0, -0.03732, 0.03732, -0.03732, -0.074639, 0.03732, 0.0, 0.0, 0.03732, 0.03732, 0.0, 0.0, 0.0, -0.074639, 0.0, 0.0, 0.0, -0.074639, 0.03732, 0.0, 0.0, -0.03732, -0.111959, 0.03732, 0.0, 0.0, -0.111959, 0.074639, 0.111959, 0.0, -0.074639, 0.0, 0.074639, 0.0, -0.03732, 0.0, -0.074639, -0.03732, -0.074639, 0.074639, -0.111959, 0.0, 0.03732, -0.03732, -0.074639, -0.03732, 0.03732, 0.0, 0.0, 0.03732, -0.03732, 0.0, 0.03732, 0.0, 0.03732, 0.03732, 0.03732, 0.0, 0.03732, 0.03732, 0.0, 0.074639, 0.0, 0.0, 0.0, -0.03732, 0.0, 0.111959, 0.0, -0.074639, 0.0, 0.0, -0.03732, 0.03732, 0.0, 0.0, 0.0, -0.074639, -0.03732, -0.03732, 0.0, 0.111959, 0.03732, -0.074639, 0.111959, 0.03732, 0.0, -0.03732, -0.074639, 0.0, 0.0, 0.0, 0.03732, 0.0, -0.03732, -0.074639, 0.0, 0.03732, 0.0, 0.074639, 0.03732, 0.03732, 0.03732, 0.0, 0.03732, -0.03732, 0.111959, -0.074639, -0.03732, 0.111959, 0.0, -0.074639, -0.074639, 0.0, 0.03732, -0.111959, 0.0, -0.03732, 0.0, -0.03732, -0.03732, -0.03732, 0.0, -0.03732, 0.111959, -0.03732, -0.074639, -0.03732, 0.0, 0.0, 0.0, 0.111959, -0.03732, 0.0, -0.074639, 0.0, 0.074639, 0.111959, 0.111959, -0.111959, 0.0, 0.03732, 0.03732, 0.149279, 0.0, -0.074639, 0.03732, -0.03732, 0.0, 0.0, -0.03732, 0.0, 0.0, 0.0, 0.03732, 0.074639, 0.0, -0.074639, 0.0, 0.03732, -0.111959, -0.03732, 0.074639, -0.03732, -0.074639, 0.0, 0.074639, -0.074639, -0.074639, 0.074639, -0.03732, 0.0, 0.03732, 0.0, -0.074639, 0.0, -0.03732, 0.0, 0.111959, -0.111959, 0.0, -0.074639, 0.03732, 0.03732, -0.03732, -0.074639, 0.0, 0.0, 0.0, 0.0, 0.03732, 0.111959, 0.0, 0.0, 0.03732, 0.03732, 0.0, 0.0, 0.03732, 0.0, 0.0, 0.0, 0.0, 0.0, 0.074639, 0.0, -0.03732, -0.03732, -0.074639, 0.0, 0.111959, -0.074639, 0.0, 0.0, -0.03732, 0.074639, -0.074639, 0.111959, 0.0, 0.03732, 0.111959, 0.074639, -0.186598, -0.03732, 0.0, 0.0, -0.03732, -0.03732, -0.03732, 0.0, -0.03732, 0.03732, -0.074639, 0.0, -0.074639, 0.111959, 0.03732, -0.03732, 0.0, 0.03732, 0.03732, 0.0, 0.0, 0.0, 0.074639, 0.0, 0.03732, 0.074639, 0.0, -0.03732, 0.03732, 0.03732, 0.0, -0.074639, 0.03732, 0.0, 0.03732, -0.074639, 0.0, 0.0, 0.0, 0.0, -0.074639, -0.074639, 0.0, -0.074639, -0.03732, -0.074639, -0.03732, 0.0, 0.0, -0.03732, 0.03732, -0.111959, 0.0, 0.0, 0.074639, -0.074639, 0.0, 0.0, 0.0, 0.0, 0.03732, 0.03732, 0.03732, 0.0, -0.03732, -0.03732, 0.0, -0.03732, -0.03732, 0.03732, -0.03732, -0.149279, 0.03732, -0.03732, 0.0, 0.0, 0.074639, 0.03732, 0.0, 0.03732, 0.111959, 0.0, 0.074639, 0.0, -0.074639, 0.0, 0.0, -0.074639, 0.0, 0.074639, -0.03732, 0.0, 0.0, 0.074639, 0.03732, -0.03732, 0.03732, -0.111959, -0.074639, 0.074639, -0.111959, 0.0, 0.03732, 0.03732, -0.03732, 0.074639, 0.0, 0.0, 0.03732, 0.0, 0.0, -0.03732, -0.03732]",12,6,6,109,140,0.5663,0.5778,0.5329,0.4337,1.0,0.9444,0.1667,0.5149,2026-09-19T15:26:21
c3c174a5-c57f-41cf-b4dc-cfe74bbf46d6,P-9E130A1DDC,T8,high,medium,google/gemma-4-31b-it,1,Neutral Engagement Agent,You are considering a weekend getaway within Greece. What factors influence your destination choice?,"[0.046324, 0.046324, 0.0, -0.046324, 0.092648, -0.046324, 0.046324, -0.092648, 0.046324, 0.0, -0.092648, -0.046324, 0.046324, -0.046324, 0.0, -0.046324, 0.046324, 0.046324, 0.046324, 0.0, 0.046324, 0.046324, -0.046324, -0.046324, 0.0, 0.0, 0.0, -0.046324, 0.0, 0.046324, -0.092648, 0.0, 0.0, 0.046324, -0.046324, -0.092648, 0.0, -0.046324, 0.046324, 0.0, 0.0, 0.0, 0.0, 0.0, 0.046324, 0.0, 0.0, -0.046324, 0.0, 0.0, 0.046324, -0.138972, 0.0, 0.0, 0.0, 0.0, 0.0, -0.046324, 0.0, -0.092648, 0.0, 0.0, -0.046324, 0.0, 0.0, -0.046324, 0.0, -0.092648, 0.0, -0.092648, 0.046324, 0.0, -0.046324, 0.0, 0.0, 0.046324, 0.138972, 0.046324, 0.092648, 0.046324, -0.046324, 0.0, 0.046324, 0.0, 0.046324, -0.046324, 0.0, 0.0, 0.046324, 0.0, 0.046324, 0.0, -0.046324, 0.0, 0.046324, -0.092648, 0.046324, 0.0, 0.0, 0.092648, 0.0, 0.0, 0.0, -0.046324, 0.0, -0.046324, 0.0, 0.0, 0.0, 0.0, 0.0, -0.092648, 0.0, 0.0, -0.046324, 0.046324, -0.046324, -0.046324, -0.046324, -0.046324, 0.0, -0.046324, 0.0, 0.0, -0.092648, 0.092648, 0.0, 0.0, -0.046324, 0.0, -0.092648, -0.092648, -0.046324, 0.046324, 0.0, -0.092648, 0.046324, -0.046324, -0.092648, 0.0, 0.0, 0.046324, -0.092648, -0.046324, 0.0, -0.046324, 0.046324, 0.0, 0.0, -0.046324, 0.0, -0.092648, 0.046324, 0.0, 0.0, 0.046324, 0.046324, 0.0, 0.092648, 0.092648, -0.185296, 0.092648, 0.0, 0.0, 0.0, 0.0, 0.0, 0.0, 0.046324, -0.046324, -0.046324, -0.046324, 0.0, 0.046324, -0.046324, 0.0, -0.046324, -0.046324, -0.092648, 0.046324, 0.0, 0.0, 0.138972, -0.046324, 0.046324, 0.0, 0.0, 0.138972, 0.046324, -0.046324, -0.046324, 0.046324, 0.046324, 0.0, -0.092648, 0.0, 0.0, 0.0, 0.0, 0.046324, 0.046324, 0.046324, 0.0, -0.046324, 0.0, -0.092648, 0.0, 0.046324, 0.0, -0.138972, 0.0, 0.046324, 0.0, 0.0, 0.0, 0.0, 0.046324, 0.046324, 0.0, 0.092648, 0.0, 0.0, 0.0, -0.092648, -0.046324, 0.0, -0.046324, 0.092648, -0.092648, 0.0, 0.0, 0.0, 0.0, -0.092648, -0.046324, 0.0, 0.0, 0.0, -0.046324, -0.046324, -0.092648, -0.046324, -0.046324, 0.092648, 0.0, 0.092648, -0.046324, 0.0, -0.092648, -0.046324, 0.0, -0.092648, 0.0, -0.046324, -0.092648, 0.046324, -0.185296, -0.092648, 0.092648, 0.0, 0.0, -0.046324, -0.046324, -0.092648, -0.046324, 0.046324, -0.138972, 0.046324, 0.0, 0.138972, -0.092648, 0.046324, -0.046324, -0.046324, 0.0, 0.046324, -0.046324, 0.0, 0.046324, 0.0, 0.0, 0.0, 0.0, 0.0, -0.092648, -0.046324, 0.0, 0.0, 0.0, 0.0, 0.0, -0.092648, 0.0, 0.0, 0.0, -0.046324, -0.046324, 0.046324, 0.046324, 0.0, 0.0, 0.0, 0.046324, 0.092648, -0.046324, -0.092648, 0.0, 0.046324, 0.0, -0.046324, 0.0, -0.046324, -0.092648, 0.0, 0.046324, -0.046324, -0.046324, 0.0, -0.046324, 0.0, 0.0, -0.046324, 0.046324, 0.046324, -0.046324, 0.046324, 0.0, 0.046324, 0.0, -0.046324, -0.092648, 0.0, 0.0, 0.092648, -0.092648, -0.092648, -0.046324, 0.046324, 0.092648, 0.0, 0.046324, 0.0, 0.092648, -0.046324, -0.046324, 0.0, 0.046324, 0.0, 0.0, 0.0, 0.0, -0.046324, 0.0, 0.0, -0.046324, 0.0, 0.0, -0.046324, 0.0, 0.046324, 0.046324, 0.046324, 0.0, 0.0, -0.046324, 0.092648, 0.0, 0.046324, -0.046324, -0.092648, 0.0, -0.046324, 0.046324, 0.0, 0.0, 0.0, -0.046324, -0.046324, -0.046324, -0.046324, 0.0, 0.0, -0.046324, 0.046324]",12,6,6,140,183,0.5608,0.5934,0.5515,0.4392,1.0,0.6636,0.1667,0.519,2026-09-19T15:26:21
cad8e2a7-6630-4987-958f-bdd8a51a33a0,P-9E130A1DDC,T8,high,small,google/gemma-3-4b-it,0,Neutral Engagement Agent,You are considering a weekend getaway within Greece. What factors influence your destination choice?,"[0.046324, 0.046324, 0.0, -0.046324, 0.092648, -0.046324, 0.046324, -0.092648, 0.046324, 0.0, -0.092648, -0.046324, 0.046324, -0.046324, 0.0, -0.046324, 0.046324, 0.046324, 0.046324, 0.0, 0.046324, 0.046324, -0.046324, -0.046324, 0.0, 0.0, 0.0, -0.046324, 0.0, 0.046324, -0.092648, 0.0, 0.0, 0.046324, -0.046324, -0.092648, 0.0, -0.046324, 0.046324, 0.0, 0.0, 0.0, 0.0, 0.0, 0.046324, 0.0, 0.0, -0.046324, 0.0, 0.0, 0.046324, -0.138972, 0.0, 0.0, 0.0, 0.0, 0.0, -0.046324, 0.0, -0.092648, 0.0, 0.0, -0.046324, 0.0, 0.0, -0.046324, 0.0, -0.092648, 0.0, -0.092648, 0.046324, 0.0, -0.046324, 0.0, 0.0, 0.046324, 0.138972, 0.046324, 0.092648, 0.046324, -0.046324, 0.0, 0.046324, 0.0, 0.046324, -0.046324, 0.0, 0.0, 0.046324, 0.0, 0.046324, 0.0, -0.046324, 0.0, 0.046324, -0.092648, 0.046324, 0.0, 0.0, 0.092648, 0.0, 0.0, 0.0, -0.046324, 0.0, -0.046324, 0.0, 0.0, 0.0, 0.0, 0.0, -0.092648, 0.0, 0.0, -0.046324, 0.046324, -0.046324, -0.046324, -0.046324, -0.046324, 0.0, -0.046324, 0.0, 0.0, -0.092648, 0.092648, 0.0, 0.0, -0.046324, 0.0, -0.092648, -0.092648, -0.046324, 0.046324, 0.0, -0.092648, 0.046324, -0.046324, -0.092648, 0.0, 0.0, 0.046324, -0.092648, -0.046324, 0.0, -0.046324, 0.046324, 0.0, 0.0, -0.046324, 0.0, -0.092648, 0.046324, 0.0, 0.0, 0.046324, 0.046324, 0.0, 0.092648, 0.092648, -0.185296, 0.092648, 0.0, 0.0, 0.0, 0.0, 0.0, 0.0, 0.046324, -0.046324, -0.046324, -0.046324, 0.0, 0.046324, -0.046324, 0.0, -0.046324, -0.046324, -0.092648, 0.046324, 0.0, 0.0, 0.138972, -0.046324, 0.046324, 0.0, 0.0, 0.138972, 0.046324, -0.046324, -0.046324, 0.046324, 0.046324, 0.0, -0.092648, 0.0, 0.0, 0.0, 0.0, 0.046324, 0.046324, 0.046324, 0.0, -0.046324, 0.0, -0.092648, 0.0, 0.046324, 0.0, -0.138972, 0.0, 0.046324, 0.0, 0.0, 0.0, 0.0, 0.046324, 0.046324, 0.0, 0.092648, 0.0, 0.0, 0.0, -0.092648, -0.046324, 0.0, -0.046324, 0.092648, -0.092648, 0.0, 0.0, 0.0, 0.0, -0.092648, -0.046324, 0.0, 0.0, 0.0, -0.046324, -0.046324, -0.092648, -0.046324, -0.046324, 0.092648, 0.0, 0.092648, -0.046324, 0.0, -0.092648, -0.046324, 0.0, -0.092648, 0.0, -0.046324, -0.092648, 0.046324, -0.185296, -0.092648, 0.092648, 0.0, 0.0, -0.046324, -0.046324, -0.092648, -0.046324, 0.046324, -0.138972, 0.046324, 0.0, 0.138972, -0.092648, 0.046324, -0.046324, -0.046324, 0.0, 0.046324, -0.046324, 0.0, 0.046324, 0.0, 0.0, 0.0, 0.0, 0.0, -0.092648, -0.046324, 0.0, 0.0, 0.0, 0.0, 0.0, -0.092648, 0.0, 0.0, 0.0, -0.046324, -0.046324, 0.046324, 0.046324, 0.0, 0.0, 0.0, 0.046324, 0.092648, -0.046324, -0.092648, 0.0, 0.046324, 0.0, -0.046324, 0.0, -0.046324, -0.092648, 0.0, 0.046324, -0.046324, -0.046324, 0.0, -0.046324, 0.0, 0.0, -0.046324, 0.046324, 0.046324, -0.046324, 0.046324, 0.0, 0.046324, 0.0, -0.046324, -0.092648, 0.0, 0.0, 0.092648, -0.092648, -0.092648, -0.046324, 0.046324, 0.092648, 0.0, 0.046324, 0.0, 0.092648, -0.046324, -0.046324, 0.0, 0.046324, 0.0, 0.0, 0.0, 0.0, -0.046324, 0.0, 0.0, -0.046324, 0.0, 0.0, -0.046324, 0.0, 0.046324, 0.046324, 0.046324, 0.0, 0.0, -0.046324, 0.092648, 0.0, 0.046324, -0.046324, -0.092648, 0.0, -0.046324, 0.046324, 0.0, 0.0, 0.0, -0.046324, -0.046324, -0.046324, -0.046324, 0.0, 0.0, -0.046324, 0.046324]",12,6,6,88,113,0.5318,0.5786,0.5164,0.4682,1.0,0.6377,0.1667,0.5073,2026-09-19T15:26:21
e0726d16-9aa8-4fea-a20a-e2bb63fd6ad6,P-9E130A1DDC,T6,low,medium,google/gemma-4-31b-it,0,Neutral Engagement Agent,"You receive an online order, but an item is missing from the package. How do you typically handle the situation?","[-0.071067, 0.0, 0.071067, 0.035533, -0.035533, 0.0, 0.071067, -0.035533, 0.035533, -0.035533, 0.035533, 0.0, 0.071067, 0.0, -0.071067, 0.0, 0.071067, -0.035533, 0.0, 0.035533, -0.035533, 0.035533, -0.035533, -0.071067, 0.0, 0.0, 0.0, 0.0, 0.0, 0.0, 0.0, 0.0, 0.035533, 0.1066, 0.071067, 0.035533, -0.035533, 0.0, 0.0, 0.035533, 0.1066, -0.071067, 0.035533, 0.035533, 0.035533, -0.035533, 0.0, -0.035533, 0.071067, 0.035533, -0.071067, 0.0, 0.0, -0.071067, 0.0, -0.035533, 0.0, -0.035533, 0.0, 0.0, -0.035533, 0.0, -0.071067, 0.0, 0.0, -0.035533, -0.1066, 0.035533, 0.0, 0.0, -0.071067, -0.071067, 0.035533, 0.0, -0.071067, -0.1066, 0.071067, 0.142134, -0.035533, -0.1066, 0.0, 0.035533, 0.035533, 0.0, -0.035533, -0.071067, -0.071067, -0.1066, 0.035533, -0.071067, 0.0, 0.035533, -0.071067, -0.035533, 0.035533, 0.071067, 0.0, 0.0, 0.071067, -0.071067, 0.071067, 0.0, 0.0, 0.035533, 0.035533, -0.035533, 0.0, 0.0, 0.035533, 0.0, 0.071067, 0.071067, 0.035533, 0.0, -0.035533, 0.035533, 0.1066, 0.0, -0.035533, 0.0, 0.0, 0.0, 0.0, 0.0, 0.035533, 0.035533, -0.035533, -0.035533, -0.035533, 0.035533, 0.1066, 0.0, -0.071067, 0.1066, 0.035533, 0.035533, -0.035533, -0.071067, 0.0, -0.035533, 0.0, -0.035533, 0.0, -0.035533, -0.035533, 0.0, 0.071067, 0.0, 0.035533, 0.035533, 0.035533, 0.035533, 0.035533, 0.0, -0.035533, 0.177667, 0.0, -0.035533, 0.1066, -0.035533, -0.071067, -0.035533, 0.071067, 0.0, 0.035533, 0.0, 0.071067, 0.035533, -0.071067, -0.035533, -0.071067, 0.0, -0.071067, 0.035533, -0.035533, 0.071067, 0.0, 0.071067, 0.0, 0.0, 0.071067, -0.035533, 0.0, -0.071067, -0.071067, 0.035533, 0.071067, 0.071067, -0.1066, 0.0, 0.035533, 0.035533, 0.142134, 0.035533, -0.035533, 0.035533, 0.0, -0.035533, 0.0, 0.0, 0.0, -0.035533, 0.0, 0.035533, 0.071067, 0.0, -0.035533, 0.0, 0.071067, -0.071067, 0.0, -0.035533, 0.0, -0.035533, 0.0, 0.071067, -0.071067, 0.035533, 0.071067, 0.035533, 0.0, 0.035533, 0.035533, -0.071067, 0.1066, 0.035533, 0.071067, 0.142134, -0.142134, 0.035533, -0.1066, -0.035533, -0.035533, 0.0, -0.035533, 0.0, 0.0, 0.0, 0.0, 0.035533, 0.1066, 0.0, 0.071067, 0.035533, 0.035533, 0.035533, -0.035533, 0.0, 0.0, 0.035533, -0.035533, 0.0, -0.035533, 0.071067, 0.0, -0.035533, 0.0, -0.071067, -0.1066, 0.142134, -0.035533, 0.035533, 0.0, -0.035533, 0.1066, -0.035533, 0.035533, 0.0, 0.035533, 0.071067, 0.035533, -0.142134, 0.0, 0.0, 0.0, -0.071067, 0.0, 0.0, 0.035533, 0.0, 0.035533, 0.0, 0.0, -0.071067, 0.0, 0.1066, -0.035533, 0.0, 0.0, 0.0, 0.0, 0.0, 0.0, 0.071067, -0.035533, 0.071067, 0.0, 0.0, -0.035533, 0.071067, 0.0, 0.0, -0.1066, 0.0, 0.0, 0.035533, -0.071067, -0.035533, 0.071067, 0.0, 0.0, -0.1066, -0.071067, -0.035533, -0.035533, 0.0, -0.035533, 0.0, 0.035533, 0.0, -0.071067, -0.071067, -0.035533, 0.0, 0.0, 0.142134, -0.071067, 0.0, 0.0, 0.071067, 0.035533, 0.0, 0.035533, 0.0, 0.0, -0.035533, -0.035533, 0.035533, -0.035533, -0.035533, 0.035533, -0.035533, -0.1066, 0.035533, 0.0, 0.035533, 0.035533, 0.071067, 0.0, 0.0, 0.035533, 0.071067, -0.035533, 0.071067, -0.035533, -0.071067, 0.035533, 0.035533, -0.071067, 0.0, 0.071067, -0.035533, 0.0, 0.0, 0.1066, -0.035533, -0.035533, 0.0, -0.071067, -0.142134, 0.035533, -0.1066, 0.035533, 0.0, 0.035533, 0.0, 0.035533, 0.0, 0.0, 0.035533, 0.0, 0.0, 0.0, 0.0]",12,6,6,133,172,0.5277,0.5569,0.5735,0.4723,1.0,0.703,0.0833,0.5086,2026-09-19T15:26:21
eb7f8f67-fd6c-4e38-933b-cb88e148b317,P-9E130A1DDC,T6,low,small,google/gemma-3-4b-it,0,Neutral Engagement Agent,"You receive an online order, but one of the products arrives damaged. How do you typically handle the situation?","[-0.03732, 0.0, 0.074639, 0.03732, -0.03732, 0.0, 0.074639, -0.074639, 0.0, -0.03732, 0.0, 0.0, 0.074639, 0.0, -0.074639, -0.03732, 0.03732, -0.03732, 0.0, 0.0, -0.03732, -0.03732, 0.0, 0.0, -0.03732, 0.0, 0.0, 0.0, 0.0, 0.0, 0.0, -0.03732, 0.0, 0.074639, 0.074639, 0.0, -0.03732, 0.0, 0.0, 0.0, 0.03732, -0.03732, 0.03732, 0.074639, 0.03732, -0.03732, 0.03732, -0.03732, 0.074639, 0.0, -0.03732, 0.03732, -0.03732, -0.074639, 0.03732, 0.0, 0.0, 0.03732, 0.03732, 0.0, 0.0, 0.0, -0.074639, 0.0, 0.0, 0.0, -0.074639, 0.03732, 0.0, 0.0, -0.03732, -0.111959, 0.03732, 0.0, 0.0, -0.111959, 0.074639, 0.111959, 0.0, -0.074639, 0.0, 0.074639, 0.0, -0.03732, 0.0, -0.074639, -0.03732, -0.074639, 0.074639, -0.111959, 0.0, 0.03732, -0.03732, -0.074639, -0.03732, 0.03732, 0.0, 0.0, 0.03732, -0.03732, 0.0, 0.03732, 0.0, 0.03732, 0.03732, 0.03732, 0.0, 0.03732, 0.03732, 0.0, 0.074639, 0.0, 0.0, 0.0, -0.03732, 0.0, 0.111959, 0.0, -0.074639, 0.0, 0.0, -0.03732, 0.03732, 0.0, 0.0, 0.0, -0.074639, -0.03732, -0.03732, 0.0, 0.111959, 0.03732, -0.074639, 0.111959, 0.03732, 0.0, -0.03732, -0.074639, 0.0, 0.0, 0.0, 0.03732, 0.0, -0.03732, -0.074639, 0.0, 0.03732, 0.0, 0.074639, 0.03732, 0.03732, 0.03732, 0.0, 0.03732, -0.03732, 0.111959, -0.074639, -0.03732, 0.111959, 0.0, -0.074639, -0.074639, 0.0, 0.03732, -0.111959, 0.0, -0.03732, 0.0, -0.03732, -0.03732, -0.03732, 0.0, -0.03732, 0.111959, -0.03732, -0.074639, -0.03732, 0.0, 0.0, 0.0, 0.111959, -0.03732, 0.0, -0.074639, 0.0, 0.074639, 0.111959, 0.111959, -0.111959, 0.0, 0.03732, 0.03732, 0.149279, 0.0, -0.074639, 0.03732, -0.03732, 0.0, 0.0, -0.03732, 0.0, 0.0, 0.0, 0.03732, 0.074639, 0.0, -0.074639, 0.0, 0.03732, -0.111959, -0.03732, 0.074639, -0.03732, -0.074639, 0.0, 0.074639, -0.074639, -0.074639, 0.074639, -0.03732, 0.0, 0.03732, 0.0, -0.074639, 0.0, -0.03732, 0.0, 0.111959, -0.111959, 0.0, -0.074639, 0.03732, 0.03732, -0.03732, -0.074639, 0.0, 0.0, 0.0, 0.0, 0.03732, 0.111959, 0.0, 0.0, 0.03732, 0.03732, 0.0, 0.0, 0.03732, 0.0, 0.0, 0.0, 0.0, 0.0, 0.074639, 0.0, -0.03732, -0.03732, -0.074639, 0.0, 0.111959, -0.074639, 0.0, 0.0, -0.03732, 0.074639, -0.074639, 0.111959, 0.0, 0.03732, 0.111959, 0.074639, -0.186598, -0.03732, 0.0, 0.0, -0.03732, -0.03732, -0.03732, 0.0, -0.03732, 0.03732, -0.074639, 0.0, -0.074639, 0.111959, 0.03732, -0.03732, 0.0, 0.03732, 0.03732, 0.0, 0.0, 0.0, 0.074639, 0.0, 0.03732, 0.074639, 0.0, -0.03732, 0.03732, 0.03732, 0.0, -0.074639, 0.03732, 0.0, 0.03732, -0.074639, 0.0, 0.0, 0.0, 0.0, -0.074639, -0.074639, 0.0, -0.074639, -0.03732, -0.074639, -0.03732, 0.0, 0.0, -0.03732, 0.03732, -0.111959, 0.0, 0.0, 0.074639, -0.074639, 0.0, 0.0, 0.0, 0.0, 0.03732, 0.03732, 0.03732, 0.0, -0.03732, -0.03732, 0.0, -0.03732, -0.03732, 0.03732, -0.03732, -0.149279, 0.03732, -0.03732, 0.0, 0.0, 0.074639, 0.03732, 0.0, 0.03732, 0.111959, 0.0, 0.074639, 0.0, -0.074639, 0.0, 0.0, -0.074639, 0.0, 0.074639, -0.03732, 0.0, 0.0, 0.074639, 0.03732, -0.03732, 0.03732, -0.111959, -0.074639, 0.074639, -0.111959, 0.0, 0.03732, 0.03732, -0.03732, 0.074639, 0.0, 0.0, 0.03732, 0.0, 0.0, -0.03732, -0.03732]",12,6,6,82,106,0.5034,0.5143,0.5221,0.4966,1.0,0.7377,0.0833,0.4934,2026-09-19T15:26:21
2333975e-a10a-4574-b308-dd73c64fa9be,P-A4880A1CE2,T5,low,small,google/gemma-3-4b-it,1,Neutral Engagement Agent,"After a stressful week, you have a quiet afternoon to yourself. What do you usually do?","[0.0, -0.037216, -0.037216, 0.0, 0.0, 0.0, 0.0, -0.148865, 0.0, -0.037216, 0.037216, -0.037216, 0.037216, 0.037216, 0.0, -0.037216, 0.037216, 0.074432, 0.0, 0.0, 0.0, 0.037216, -0.037216, 0.0, 0.0, 0.037216, 0.0, -0.037216, 0.0, 0.074432, 0.0, 0.0, 0.037216, 0.148865, 0.0, -0.074432, -0.074432, 0.074432, -0.037216, 0.074432, 0.0, 0.037216, 0.074432, -0.037216, 0.074432, 0.0, 0.037216, -0.037216, 0.0, -0.037216, 0.0, 0.074432, -0.037216, 0.0, 0.074432, 0.0, 0.0, -0.074432, 0.0, -0.074432, 0.0, -0.037216, 0.0, 0.0, -0.037216, -0.037216, 0.0, -0.037216, 0.0, 0.0, 0.0, 0.0, -0.037216, -0.037216, 0.0, -0.037216, 0.111648, 0.0, 0.074432, 0.0, 0.0, 0.037216, 0.037216, 0.0, 0.0, -0.074432, 0.0, -0.074432, -0.037216, -0.111648, 0.0, -0.037216, 0.0, -0.037216, 0.0, -0.037216, 0.0, 0.0, 0.0, 0.0, 0.074432, 0.0, 0.0, 0.037216, 0.037216, 0.0, 0.0, 0.0, 0.0, 0.0, 0.074432, -0.037216, -0.037216, -0.074432, -0.186081, 0.037216, -0.074432, -0.037216, -0.037216, -0.037216, -0.037216, -0.037216, 0.0, 0.0, 0.037216, 0.0, 0.0, 0.037216, 0.074432, 0.037216, 0.037216, 0.037216, 0.0, 0.074432, 0.0, -0.074432, 0.074432, -0.037216, -0.037216, 0.0, 0.037216, -0.037216, -0.074432, -0.111648, -0.074432, 0.0, 0.0, 0.0, 0.0, 0.0, 0.037216, -0.074432, 0.0, 0.0, 0.037216, 0.074432, 0.0, 0.111648, 0.148865, 0.0, 0.0, 0.074432, -0.037216, 0.0, -0.074432, 0.0, 0.0, 0.037216, 0.037216, 0.0, -0.037216, -0.037216, -0.037216, 0.074432, 0.111648, 0.0, -0.037216, -0.037216, -0.074432, 0.074432, 0.074432, 0.074432, 0.148865, 0.0, 0.037216, -0.037216, 0.074432, 0.111648, 0.037216, 0.037216, 0.037216, 0.074432, 0.037216, 0.037216, -0.111648, 0.074432, 0.074432, 0.0, -0.037216, 0.0, -0.074432, -0.037216, -0.037216, 0.037216, 0.0, 0.037216, 0.0, 0.0, 0.037216, -0.074432, 0.037216, 0.0, 0.0, 0.037216, 0.0, 0.037216, 0.0, -0.074432, 0.074432, 0.074432, -0.037216, -0.037216, 0.0, -0.037216, 0.0, 0.037216, 0.0, 0.111648, -0.074432, 0.0, 0.0, 0.037216, 0.0, 0.0, -0.074432, -0.037216, 0.0, -0.037216, -0.037216, 0.0, -0.074432, 0.037216, 0.037216, 0.111648, 0.074432, 0.074432, 0.0, 0.0, 0.037216, 0.0, 0.037216, -0.037216, 0.037216, 0.0, 0.0, -0.111648, -0.111648, -0.074432, 0.0, 0.037216, -0.037216, 0.0, 0.037216, -0.111648, 0.0, -0.074432, 0.0, 0.0, 0.0, 0.074432, -0.074432, 0.0, 0.037216, 0.0, 0.074432, 0.0, -0.037216, -0.074432, 0.0, 0.074432, -0.037216, 0.0, 0.0, -0.037216, 0.0, 0.037216, 0.074432, 0.037216, -0.074432, 0.0, -0.037216, -0.037216, 0.0, 0.0, 0.037216, 0.0, -0.037216, 0.0, -0.074432, 0.0, 0.0, -0.037216, -0.074432, 0.148865, 0.0, 0.037216, 0.0, 0.111648, 0.0, -0.037216, -0.074432, 0.074432, -0.074432, 0.037216, 0.0, 0.0, -0.037216, 0.037216, -0.148865, 0.037216, 0.0, -0.111648, -0.037216, 0.037216, -0.074432, 0.0, -0.111648, -0.037216, 0.037216, 0.037216, -0.037216, 0.037216, -0.074432, 0.0, 0.074432, -0.111648, 0.0, 0.037216, 0.037216, 0.0, 0.0, 0.0, 0.0, -0.037216, 0.037216, 0.0, -0.037216, 0.0, 0.0, -0.037216, -0.074432, -0.037216, 0.0, 0.0, 0.0, -0.037216, 0.0, 0.0, 0.0, 0.074432, 0.074432, 0.0, 0.037216, 0.0, 0.0, 0.0, 0.037216, 0.0, -0.037216, -0.223297, 0.074432, 0.0, 0.037216, -0.037216, -0.037216, 0.074432, -0.037216, 0.0, 0.0, 0.0, 0.074432, -0.037216, 0.0, -0.037216]",12,6,6,87,112,0.5668,0.5602,0.5379,0.4332,1.0,0.8361,0.0833,0.5037,2026-09-19T15:26:23
35a5e9f4-981d-4a63-b53e-cfa0d699cfe1,P-A4880A1CE2,T5,low,medium,google/gemma-4-31b-it,0,Neutral Engagement Agent,Imagine you unexpectedly have a free evening with nothing scheduled. How would you typically spend it?,"[-0.039841, 0.039841, 0.039841, 0.0, -0.039841, 0.079682, -0.119523, -0.039841, 0.0, 0.0, 0.0, 0.039841, 0.039841, 0.0, 0.0, 0.039841, -0.039841, 0.0, 0.0, 0.039841, 0.0, 0.0, 0.0, 0.039841, 0.0, 0.039841, -0.039841, -0.039841, 0.0, 0.039841, -0.039841, 0.0, 0.079682, 0.079682, 0.119523, -0.039841, -0.119523, 0.0, 0.0, 0.0, 0.0, -0.039841, -0.039841, -0.039841, 0.0, -0.079682, 0.0, -0.079682, -0.039841, -0.079682, 0.039841, -0.039841, 0.079682, 0.039841, 0.039841, 0.0, 0.0, 0.039841, 0.0, -0.039841, -0.039841, 0.0, 0.0, 0.0, 0.0, 0.0, 0.0, 0.0, 0.0, 0.039841, -0.039841, 0.0, 0.0, 0.0, 0.0, 0.0, 0.119523, -0.039841, 0.0, -0.039841, 0.0, 0.079682, 0.0, 0.0, 0.0, -0.079682, 0.0, -0.119523, 0.0, -0.119523, 0.0, -0.079682, 0.0, 0.039841, 0.079682, -0.079682, 0.039841, -0.039841, -0.039841, -0.159364, 0.0, 0.0, 0.0, 0.079682, 0.039841, -0.039841, -0.039841, -0.039841, 0.0, 0.0, -0.039841, -0.039841, 0.0, 0.079682, -0.119523, 0.039841, 0.039841, 0.0, 0.0, -0.039841, -0.039841, 0.0, -0.039841, -0.079682, -0.039841, 0.0, 0.0, 0.0, 0.039841, 0.0, 0.039841, 0.0, 0.039841, 0.119523, 0.039841, -0.039841, 0.079682, -0.079682, -0.039841, 0.0, 0.0, 0.039841, -0.039841, -0.039841, 0.039841, 0.0, 0.0, 0.039841, 0.039841, 0.0, -0.039841, 0.0, 0.039841, 0.0, -0.079682, 0.079682, 0.039841, 0.079682, 0.119523, -0.039841, 0.039841, 0.039841, 0.0, 0.079682, 0.039841, 0.039841, -0.039841, 0.0, 0.0, -0.079682, 0.039841, 0.0, 0.039841, 0.119523, -0.079682, 0.039841, -0.079682, 0.0, -0.039841, 0.0, 0.079682, 0.0, 0.039841, 0.039841, -0.079682, -0.039841, 0.039841, 0.079682, 0.039841, 0.0, 0.159364, 0.079682, 0.159364, 0.0, -0.159364, 0.0, 0.039841, 0.0, -0.079682, 0.0, 0.0, 0.0, 0.0, -0.079682, 0.039841, 0.039841, 0.0, -0.039841, 0.0, -0.159364, 0.039841, -0.039841, 0.039841, 0.0, -0.039841, 0.039841, 0.079682, 0.039841, 0.0, 0.0, 0.039841, 0.0, 0.0, -0.079682, 0.0, 0.079682, 0.119523, 0.079682, -0.039841, 0.079682, -0.079682, 0.0, -0.039841, 0.0, 0.039841, 0.0, 0.0, -0.039841, 0.0, 0.079682, 0.0, -0.039841, 0.0, 0.119523, 0.039841, 0.0, 0.039841, -0.039841, 0.0, 0.0, 0.039841, 0.039841, 0.119523, 0.0, 0.0, 0.039841, -0.079682, -0.079682, -0.039841, 0.119523, -0.079682, -0.079682, 0.0, 0.0, 0.0, -0.039841, 0.0, 0.039841, 0.0, 0.119523, 0.039841, 0.079682, 0.0, 0.0, 0.079682, 0.079682, 0.039841, -0.039841, 0.0, -0.039841, 0.039841, 0.039841, 0.0, 0.039841, 0.0, 0.079682, -0.039841, -0.039841, 0.039841, 0.039841, 0.0, -0.039841, -0.039841, 0.0, -0.079682, 0.079682, 0.0, 0.039841, 0.0, -0.039841, 0.0, 0.079682, 0.039841, 0.079682, 0.0, 0.0, 0.039841, -0.039841, 0.0, 0.0, -0.039841, 0.0, -0.079682, 0.0, 0.039841, 0.119523, 0.039841, 0.039841, 0.079682, 0.0, 0.0, 0.0, 0.079682, 0.079682, -0.079682, 0.039841, 0.0, 0.039841, 0.079682, 0.039841, -0.039841, 0.0, 0.039841, 0.039841, -0.039841, 0.0, 0.0, -0.039841, 0.039841, 0.0, 0.0, 0.0, -0.039841, -0.039841, -0.039841, 0.039841, 0.0, 0.0, 0.039841, -0.079682, -0.039841, 0.0, 0.0, 0.0, -0.079682, -0.039841, 0.079682, 0.0, 0.079682, 0.0, -0.039841, 0.0, 0.0, 0.0, -0.039841, 0.0, -0.039841, 0.0, 0.0, -0.079682, -0.039841, 0.0, 0.079682, -0.039841, -0.039841, 0.039841, -0.119523, -0.039841, 0.039841, 0.039841, 0.039841, -0.039841, 0.0, 0.0]",12,6,6,103,136,0.5432,0.5538,0.5473,0.4568,1.0,0.2952,0.1667,0.5161,2026-09-19T15:26:23
384534aa-02c3-4f7d-b40c-c6c327ea5936,P-A4880A1CE2,T5,low,medium,google/gemma-4-31b-it,1,Neutral Engagement Agent,"After a stressful week, you have a quiet afternoon to yourself. What do you usually do?","[0.0, -0.037216, -0.037216, 0.0, 0.0, 0.0, 0.0, -0.148865, 0.0, -0.037216, 0.037216, -0.037216, 0.037216, 0.037216, 0.0, -0.037216, 0.037216, 0.074432, 0.0, 0.0, 0.0, 0.037216, -0.037216, 0.0, 0.0, 0.037216, 0.0, -0.037216, 0.0, 0.074432, 0.0, 0.0, 0.037216, 0.148865, 0.0, -0.074432, -0.074432, 0.074432, -0.037216, 0.074432, 0.0, 0.037216, 0.074432, -0.037216, 0.074432, 0.0, 0.037216, -0.037216, 0.0, -0.037216, 0.0, 0.074432, -0.037216, 0.0, 0.074432, 0.0, 0.0, -0.074432, 0.0, -0.074432, 0.0, -0.037216, 0.0, 0.0, -0.037216, -0.037216, 0.0, -0.037216, 0.0, 0.0, 0.0, 0.0, -0.037216, -0.037216, 0.0, -0.037216, 0.111648, 0.0, 0.074432, 0.0, 0.0, 0.037216, 0.037216, 0.0, 0.0, -0.074432, 0.0, -0.074432, -0.037216, -0.111648, 0.0, -0.037216, 0.0, -0.037216, 0.0, -0.037216, 0.0, 0.0, 0.0, 0.0, 0.074432, 0.0, 0.0, 0.037216, 0.037216, 0.0, 0.0, 0.0, 0.0, 0.0, 0.074432, -0.037216, -0.037216, -0.074432, -0.186081, 0.037216, -0.074432, -0.037216, -0.037216, -0.037216, -0.037216, -0.037216, 0.0, 0.0, 0.037216, 0.0, 0.0, 0.037216, 0.074432, 0.037216, 0.037216, 0.037216, 0.0, 0.074432, 0.0, -0.074432, 0.074432, -0.037216, -0.037216, 0.0, 0.037216, -0.037216, -0.074432, -0.111648, -0.074432, 0.0, 0.0, 0.0, 0.0, 0.0, 0.037216, -0.074432, 0.0, 0.0, 0.037216, 0.074432, 0.0, 0.111648, 0.148865, 0.0, 0.0, 0.074432, -0.037216, 0.0, -0.074432, 0.0, 0.0, 0.037216, 0.037216, 0.0, -0.037216, -0.037216, -0.037216, 0.074432, 0.111648, 0.0, -0.037216, -0.037216, -0.074432, 0.074432, 0.074432, 0.074432, 0.148865, 0.0, 0.037216, -0.037216, 0.074432, 0.111648, 0.037216, 0.037216, 0.037216, 0.074432, 0.037216, 0.037216, -0.111648, 0.074432, 0.074432, 0.0, -0.037216, 0.0, -0.074432, -0.037216, -0.037216, 0.037216, 0.0, 0.037216, 0.0, 0.0, 0.037216, -0.074432, 0.037216, 0.0, 0.0, 0.037216, 0.0, 0.037216, 0.0, -0.074432, 0.074432, 0.074432, -0.037216, -0.037216, 0.0, -0.037216, 0.0, 0.037216, 0.0, 0.111648, -0.074432, 0.0, 0.0, 0.037216, 0.0, 0.0, -0.074432, -0.037216, 0.0, -0.037216, -0.037216, 0.0, -0.074432, 0.037216, 0.037216, 0.111648, 0.074432, 0.074432, 0.0, 0.0, 0.037216, 0.0, 0.037216, -0.037216, 0.037216, 0.0, 0.0, -0.111648, -0.111648, -0.074432, 0.0, 0.037216, -0.037216, 0.0, 0.037216, -0.111648, 0.0, -0.074432, 0.0, 0.0, 0.0, 0.074432, -0.074432, 0.0, 0.037216, 0.0, 0.074432, 0.0, -0.037216, -0.074432, 0.0, 0.074432, -0.037216, 0.0, 0.0, -0.037216, 0.0, 0.037216, 0.074432, 0.037216, -0.074432, 0.0, -0.037216, -0.037216, 0.0, 0.0, 0.037216, 0.0, -0.037216, 0.0, -0.074432, 0.0, 0.0, -0.037216, -0.074432, 0.148865, 0.0, 0.037216, 0.0, 0.111648, 0.0, -0.037216, -0.074432, 0.074432, -0.074432, 0.037216, 0.0, 0.0, -0.037216, 0.037216, -0.148865, 0.037216, 0.0, -0.111648, -0.037216, 0.037216, -0.074432, 0.0, -0.111648, -0.037216, 0.037216, 0.037216, -0.037216, 0.037216, -0.074432, 0.0, 0.074432, -0.111648, 0.0, 0.037216, 0.037216, 0.0, 0.0, 0.0, 0.0, -0.037216, 0.037216, 0.0, -0.037216, 0.0, 0.0, -0.037216, -0.074432, -0.037216, 0.0, 0.0, 0.0, -0.037216, 0.0, 0.0, 0.0, 0.074432, 0.074432, 0.0, 0.037216, 0.0, 0.0, 0.0, 0.037216, 0.0, -0.037216, -0.223297, 0.074432, 0.0, 0.037216, -0.037216, -0.037216, 0.074432, -0.037216, 0.0, 0.0, 0.0, 0.074432, -0.037216, 0.0, -0.037216]",12,6,6,99,130,0.5095,0.5161,0.5697,0.4905,1.0,0.4444,0.0,0.4934,2026-09-19T15:26:23
3f5efd1d-ed1d-43a2-8078-6b4f3fb60445,P-A4880A1CE2,T1,high,small,google/gemma-3-4b-it,1,Neutral Engagement Agent,"You are at a supermarket in Greece, choosing lentils. You notice both branded options and supermarket own brands. What factors do you consider before deciding?","[0.061142, -0.061142, 0.030571, -0.061142, 0.0, 0.030571, 0.030571, 0.0, 0.030571, -0.030571, 0.0, -0.061142, 0.122284, 0.030571, -0.061142, 0.0, -0.030571, 0.030571, -0.030571, -0.030571, 0.030571, 0.0, -0.091713, -0.030571, -0.030571, -0.030571, 0.030571, 0.0, 0.0, 0.030571, 0.0, 0.0, -0.030571, 0.122284, 0.091713, -0.030571, 0.061142, 0.030571, 0.030571, -0.030571, 0.061142, 0.0, 0.061142, 0.030571, 0.030571, 0.0, 0.0, -0.061142, -0.030571, 0.030571, 0.061142, 0.030571, 0.0, 0.0, 0.0, 0.030571, 0.0, -0.030571, 0.0, -0.030571, -0.030571, 0.030571, 0.061142, 0.0, -0.061142, -0.030571, 0.030571, -0.061142, -0.030571, 0.0, 0.030571, 0.030571, 0.0, -0.030571, 0.030571, 0.030571, 0.0, 0.061142, 0.0, 0.061142, 0.0, 0.091713, 0.0, -0.091713, 0.030571, -0.091713, 0.030571, -0.152854, 0.030571, -0.122284, 0.0, 0.091713, -0.061142, 0.061142, 0.0, -0.030571, 0.061142, 0.0, 0.061142, -0.030571, 0.030571, 0.061142, 0.0, 0.0, 0.061142, -0.061142, -0.030571, -0.030571, 0.030571, 0.0, 0.061142, -0.091713, 0.0, 0.0, -0.091713, 0.030571, -0.030571, -0.030571, -0.091713, 0.0, 0.152854, 0.0, 0.030571, 0.0, 0.0, 0.030571, -0.061142, -0.030571, -0.030571, 0.061142, 0.0, -0.030571, 0.0, 0.122284, 0.0, -0.091713, 0.0, 0.0, -0.091713, 0.030571, 0.0, 0.030571, -0.091713, -0.061142, -0.030571, 0.0, 0.0, 0.0, 0.0, 0.030571, 0.0, -0.061142, -0.061142, 0.0, -0.030571, 0.030571, 0.061142, 0.030571, 0.122284, 0.030571, -0.091713, 0.0, -0.030571, 0.030571, 0.030571, 0.030571, 0.0, 0.030571, 0.0, -0.122284, 0.030571, -0.030571, -0.030571, 0.122284, 0.0, 0.030571, -0.030571, 0.0, 0.0, 0.122284, -0.030571, 0.0, 0.0, 0.0, 0.0, -0.030571, 0.122284, 0.091713, 0.061142, -0.061142, 0.0, 0.030571, 0.091713, 0.030571, -0.061142, -0.030571, 0.030571, -0.030571, 0.0, 0.030571, 0.0, -0.030571, 0.091713, 0.0, -0.030571, 0.0, 0.061142, -0.030571, -0.061142, -0.061142, 0.0, 0.091713, -0.061142, 0.0, 0.030571, -0.030571, -0.030571, 0.030571, -0.061142, 0.061142, 0.061142, 0.0, 0.0, -0.030571, 0.030571, -0.061142, -0.030571, 0.213996, -0.122284, 0.030571, -0.030571, 0.030571, 0.0, 0.091713, 0.183425, -0.030571, 0.030571, -0.061142, -0.061142, -0.030571, 0.0, -0.061142, 0.0, 0.122284, 0.030571, -0.091713, 0.0, 0.0, 0.0, 0.0, 0.0, -0.030571, 0.0, -0.061142, -0.061142, 0.030571, -0.061142, -0.061142, -0.030571, 0.091713, -0.030571, 0.061142, 0.0, 0.0, 0.0, -0.122284, -0.061142, -0.030571, -0.030571, 0.091713, 0.0, 0.091713, 0.0, 0.0, 0.0, -0.061142, 0.0, 0.030571, -0.061142, 0.091713, 0.0, 0.0, 0.030571, 0.0, -0.030571, 0.030571, -0.030571, 0.030571, -0.030571, 0.0, -0.030571, 0.0, -0.030571, -0.030571, 0.0, 0.0, 0.030571, -0.061142, -0.091713, 0.0, 0.030571, 0.0, 0.0, 0.061142, 0.0, -0.030571, -0.030571, 0.061142, 0.030571, 0.0, 0.030571, -0.091713, -0.061142, -0.030571, 0.0, 0.0, 0.030571, 0.0, 0.030571, 0.0, 0.0, 0.030571, 0.061142, 0.030571, -0.091713, 0.061142, -0.030571, 0.030571, 0.0, 0.091713, -0.061142, 0.030571, 0.0, 0.030571, 0.0, -0.091713, 0.0, 0.030571, 0.061142, 0.0, 0.030571, 0.0, 0.030571, 0.0, -0.061142, 0.0, 0.152854, -0.030571, -0.030571, 0.0, -0.091713, 0.061142, 0.0, 0.0, -0.030571, -0.030571, 0.030571, 0.030571, -0.030571, 0.030571, 0.030571, 0.030571, 0.030571, -0.030571, 0.0, 0.0, -0.061142, 0.0, 0.0, -0.183425, 0.030571, 0.0, 0.061142, 0.091713, 0.061142, 0.0, -0.030571, -0.061142, 0.030571, 0.0, 0.030571, 0.030571, 0.030571, -0.030571]",12,6,6,74,96,0.5437,0.5524,0.5336,0.4563,1.0,0.5484,0.0833,0.5003,2026-09-19T15:26:23
58250eb1-7cc9-48ec-8d51-9e155b11151d,P-A4880A1CE2,T5,low,medium,google/gemma-4-31b-it,0,Neutral Engagement Agent,"After a stressful week, you have a quiet afternoon to yourself. What do you usually do?","[0.0, -0.037216, -0.037216, 0.0, 0.0, 0.0, 0.0, -0.148865, 0.0, -0.037216, 0.037216, -0.037216, 0.037216, 0.037216, 0.0, -0.037216, 0.037216, 0.074432, 0.0, 0.0, 0.0, 0.037216, -0.037216, 0.0, 0.0, 0.037216, 0.0, -0.037216, 0.0, 0.074432, 0.0, 0.0, 0.037216, 0.148865, 0.0, -0.074432, -0.074432, 0.074432, -0.037216, 0.074432, 0.0, 0.037216, 0.074432, -0.037216, 0.074432, 0.0, 0.037216, -0.037216, 0.0, -0.037216, 0.0, 0.074432, -0.037216, 0.0, 0.074432, 0.0, 0.0, -0.074432, 0.0, -0.074432, 0.0, -0.037216, 0.0, 0.0, -0.037216, -0.037216, 0.0, -0.037216, 0.0, 0.0, 0.0, 0.0, -0.037216, -0.037216, 0.0, -0.037216, 0.111648, 0.0, 0.074432, 0.0, 0.0, 0.037216, 0.037216, 0.0, 0.0, -0.074432, 0.0, -0.074432, -0.037216, -0.111648, 0.0, -0.037216, 0.0, -0.037216, 0.0, -0.037216, 0.0, 0.0, 0.0, 0.0, 0.074432, 0.0, 0.0, 0.037216, 0.037216, 0.0, 0.0, 0.0, 0.0, 0.0, 0.074432, -0.037216, -0.037216, -0.074432, -0.186081, 0.037216, -0.074432, -0.037216, -0.037216, -0.037216, -0.037216, -0.037216, 0.0, 0.0, 0.037216, 0.0, 0.0, 0.037216, 0.074432, 0.037216, 0.037216, 0.037216, 0.0, 0.074432, 0.0, -0.074432, 0.074432, -0.037216, -0.037216, 0.0, 0.037216, -0.037216, -0.074432, -0.111648, -0.074432, 0.0, 0.0, 0.0, 0.0, 0.0, 0.037216, -0.074432, 0.0, 0.0, 0.037216, 0.074432, 0.0, 0.111648, 0.148865, 0.0, 0.0, 0.074432, -0.037216, 0.0, -0.074432, 0.0, 0.0, 0.037216, 0.037216, 0.0, -0.037216, -0.037216, -0.037216, 0.074432, 0.111648, 0.0, -0.037216, -0.037216, -0.074432, 0.074432, 0.074432, 0.074432, 0.148865, 0.0, 0.037216, -0.037216, 0.074432, 0.111648, 0.037216, 0.037216, 0.037216, 0.074432, 0.037216, 0.037216, -0.111648, 0.074432, 0.074432, 0.0, -0.037216, 0.0, -0.074432, -0.037216, -0.037216, 0.037216, 0.0, 0.037216, 0.0, 0.0, 0.037216, -0.074432, 0.037216, 0.0, 0.0, 0.037216, 0.0, 0.037216, 0.0, -0.074432, 0.074432, 0.074432, -0.037216, -0.037216, 0.0, -0.037216, 0.0, 0.037216, 0.0, 0.111648, -0.074432, 0.0, 0.0, 0.037216, 0.0, 0.0, -0.074432, -0.037216, 0.0, -0.037216, -0.037216, 0.0, -0.074432, 0.037216, 0.037216, 0.111648, 0.074432, 0.074432, 0.0, 0.0, 0.037216, 0.0, 0.037216, -0.037216, 0.037216, 0.0, 0.0, -0.111648, -0.111648, -0.074432, 0.0, 0.037216, -0.037216, 0.0, 0.037216, -0.111648, 0.0, -0.074432, 0.0, 0.0, 0.0, 0.074432, -0.074432, 0.0, 0.037216, 0.0, 0.074432, 0.0, -0.037216, -0.074432, 0.0, 0.074432, -0.037216, 0.0, 0.0, -0.037216, 0.0, 0.037216, 0.074432, 0.037216, -0.074432, 0.0, -0.037216, -0.037216, 0.0, 0.0, 0.037216, 0.0, -0.037216, 0.0, -0.074432, 0.0, 0.0, -0.037216, -0.074432, 0.148865, 0.0, 0.037216, 0.0, 0.111648, 0.0, -0.037216, -0.074432, 0.074432, -0.074432, 0.037216, 0.0, 0.0, -0.037216, 0.037216, -0.148865, 0.037216, 0.0, -0.111648, -0.037216, 0.037216, -0.074432, 0.0, -0.111648, -0.037216, 0.037216, 0.037216, -0.037216, 0.037216, -0.074432, 0.0, 0.074432, -0.111648, 0.0, 0.037216, 0.037216, 0.0, 0.0, 0.0, 0.0, -0.037216, 0.037216, 0.0, -0.037216, 0.0, 0.0, -0.037216, -0.074432, -0.037216, 0.0, 0.0, 0.0, -0.037216, 0.0, 0.0, 0.0, 0.074432, 0.074432, 0.0, 0.037216, 0.0, 0.0, 0.0, 0.037216, 0.0, -0.037216, -0.223297, 0.074432, 0.0, 0.037216, -0.037216, -0.037216, 0.074432, -0.037216, 0.0, 0.0, 0.0, 0.074432, -0.037216, 0.0, -0.037216]",12,6,6,96,123,0.5149,0.5311,0.6057,0.4851,1.0,0.5,0.25,0.5404,2026-09-19T15:26:23
5a3b2b6e-2e4b-4d94-82a0-b31c7611dfb5,P-A4880A1CE2,T5,low,medium,google/gemma-4-31b-it,1,Neutral Engagement Agent,Imagine you unexpectedly have a free evening with nothing scheduled. How would you typically spend it?,"[-0.039841, 0.039841, 0.039841, 0.0, -0.039841, 0.079682, -0.119523, -0.039841, 0.0, 0.0, 0.0, 0.039841, 0.039841, 0.0, 0.0, 0.039841, -0.039841, 0.0, 0.0, 0.039841, 0.0, 0.0, 0.0, 0.039841, 0.0, 0.039841, -0.039841, -0.039841, 0.0, 0.039841, -0.039841, 0.0, 0.079682, 0.079682, 0.119523, -0.039841, -0.119523, 0.0, 0.0, 0.0, 0.0, -0.039841, -0.039841, -0.039841, 0.0, -0.079682, 0.0, -0.079682, -0.039841, -0.079682, 0.039841, -0.039841, 0.079682, 0.039841, 0.039841, 0.0, 0.0, 0.039841, 0.0, -0.039841, -0.039841, 0.0, 0.0, 0.0, 0.0, 0.0, 0.0, 0.0, 0.0, 0.039841, -0.039841, 0.0, 0.0, 0.0, 0.0, 0.0, 0.119523, -0.039841, 0.0, -0.039841, 0.0, 0.079682, 0.0, 0.0, 0.0, -0.079682, 0.0, -0.119523, 0.0, -0.119523, 0.0, -0.079682, 0.0, 0.039841, 0.079682, -0.079682, 0.039841, -0.039841, -0.039841, -0.159364, 0.0, 0.0, 0.0, 0.079682, 0.039841, -0.039841, -0.039841, -0.039841, 0.0, 0.0, -0.039841, -0.039841, 0.0, 0.079682, -0.119523, 0.039841, 0.039841, 0.0, 0.0, -0.039841, -0.039841, 0.0, -0.039841, -0.079682, -0.039841, 0.0, 0.0, 0.0, 0.039841, 0.0, 0.039841, 0.0, 0.039841, 0.119523, 0.039841, -0.039841, 0.079682, -0.079682, -0.039841, 0.0, 0.0, 0.039841, -0.039841, -0.039841, 0.039841, 0.0, 0.0, 0.039841, 0.039841, 0.0, -0.039841, 0.0, 0.039841, 0.0, -0.079682, 0.079682, 0.039841, 0.079682, 0.119523, -0.039841, 0.039841, 0.039841, 0.0, 0.079682, 0.039841, 0.039841, -0.039841, 0.0, 0.0, -0.079682, 0.039841, 0.0, 0.039841, 0.119523, -0.079682, 0.039841, -0.079682, 0.0, -0.039841, 0.0, 0.079682, 0.0, 0.039841, 0.039841, -0.079682, -0.039841, 0.039841, 0.079682, 0.039841, 0.0, 0.159364, 0.079682, 0.159364, 0.0, -0.159364, 0.0, 0.039841, 0.0, -0.079682, 0.0, 0.0, 0.0, 0.0, -0.079682, 0.039841, 0.039841, 0.0, -0.039841, 0.0, -0.159364, 0.039841, -0.039841, 0.039841, 0.0, -0.039841, 0.039841, 0.079682, 0.039841, 0.0, 0.0, 0.039841, 0.0, 0.0, -0.079682, 0.0, 0.079682, 0.119523, 0.079682, -0.039841, 0.079682, -0.079682, 0.0, -0.039841, 0.0, 0.039841, 0.0, 0.0, -0.039841, 0.0, 0.079682, 0.0, -0.039841, 0.0, 0.119523, 0.039841, 0.0, 0.039841, -0.039841, 0.0, 0.0, 0.039841, 0.039841, 0.119523, 0.0, 0.0, 0.039841, -0.079682, -0.079682, -0.039841, 0.119523, -0.079682, -0.079682, 0.0, 0.0, 0.0, -0.039841, 0.0, 0.039841, 0.0, 0.119523, 0.039841, 0.079682, 0.0, 0.0, 0.079682, 0.079682, 0.039841, -0.039841, 0.0, -0.039841, 0.039841, 0.039841, 0.0, 0.039841, 0.0, 0.079682, -0.039841, -0.039841, 0.039841, 0.039841, 0.0, -0.039841, -0.039841, 0.0, -0.079682, 0.079682, 0.0, 0.039841, 0.0, -0.039841, 0.0, 0.079682, 0.039841, 0.079682, 0.0, 0.0, 0.039841, -0.039841, 0.0, 0.0, -0.039841, 0.0, -0.079682, 0.0, 0.039841, 0.119523, 0.039841, 0.039841, 0.079682, 0.0, 0.0, 0.0, 0.079682, 0.079682, -0.079682, 0.039841, 0.0, 0.039841, 0.079682, 0.039841, -0.039841, 0.0, 0.039841, 0.039841, -0.039841, 0.0, 0.0, -0.039841, 0.039841, 0.0, 0.0, 0.0, -0.039841, -0.039841, -0.039841, 0.039841, 0.0, 0.0, 0.039841, -0.079682, -0.039841, 0.0, 0.0, 0.0, -0.079682, -0.039841, 0.079682, 0.0, 0.079682, 0.0, -0.039841, 0.0, 0.0, 0.0, -0.039841, 0.0, -0.039841, 0.0, 0.0, -0.079682, -0.039841, 0.0, 0.079682, -0.039841, -0.039841, 0.039841, -0.119523, -0.039841, 0.039841, 0.039841, 0.039841, -0.039841, 0.0, 0.0]",12,6,6,119,155,0.5375,0.5682,0.5338,0.4625,1.0,0.3717,0.0,0.4872,2026-09-19T15:26:23
5f0fa3b3-db30-4759-9eb3-d1961af3f2b1,P-A4880A1CE2,T1,high,small,google/gemma-3-4b-it,0,Neutral Engagement Agent,"You are at a supermarket in Greece, choosing lentils. You notice both branded options and supermarket own brands. What factors do you consider before deciding?","[0.061142, -0.061142, 0.030571, -0.061142, 0.0, 0.030571, 0.030571, 0.0, 0.030571, -0.030571, 0.0, -0.061142, 0.122284, 0.030571, -0.061142, 0.0, -0.030571, 0.030571, -0.030571, -0.030571, 0.030571, 0.0, -0.091713, -0.030571, -0.030571, -0.030571, 0.030571, 0.0, 0.0, 0.030571, 0.0, 0.0, -0.030571, 0.122284, 0.091713, -0.030571, 0.061142, 0.030571, 0.030571, -0.030571, 0.061142, 0.0, 0.061142, 0.030571, 0.030571, 0.0, 0.0, -0.061142, -0.030571, 0.030571, 0.061142, 0.030571, 0.0, 0.0, 0.0, 0.030571, 0.0, -0.030571, 0.0, -0.030571, -0.030571, 0.030571, 0.061142, 0.0, -0.061142, -0.030571, 0.030571, -0.061142, -0.030571, 0.0, 0.030571, 0.030571, 0.0, -0.030571, 0.030571, 0.030571, 0.0, 0.061142, 0.0, 0.061142, 0.0, 0.091713, 0.0, -0.091713, 0.030571, -0.091713, 0.030571, -0.152854, 0.030571, -0.122284, 0.0, 0.091713, -0.061142, 0.061142, 0.0, -0.030571, 0.061142, 0.0, 0.061142, -0.030571, 0.030571, 0.061142, 0.0, 0.0, 0.061142, -0.061142, -0.030571, -0.030571, 0.030571, 0.0, 0.061142, -0.091713, 0.0, 0.0, -0.091713, 0.030571, -0.030571, -0.030571, -0.091713, 0.0, 0.152854, 0.0, 0.030571, 0.0, 0.0, 0.030571, -0.061142, -0.030571, -0.030571, 0.061142, 0.0, -0.030571, 0.0, 0.122284, 0.0, -0.091713, 0.0, 0.0, -0.091713, 0.030571, 0.0, 0.030571, -0.091713, -0.061142, -0.030571, 0.0, 0.0, 0.0, 0.0, 0.030571, 0.0, -0.061142, -0.061142, 0.0, -0.030571, 0.030571, 0.061142, 0.030571, 0.122284, 0.030571, -0.091713, 0.0, -0.030571, 0.030571, 0.030571, 0.030571, 0.0, 0.030571, 0.0, -0.122284, 0.030571, -0.030571, -0.030571, 0.122284, 0.0, 0.030571, -0.030571, 0.0, 0.0, 0.122284, -0.030571, 0.0, 0.0, 0.0, 0.0, -0.030571, 0.122284, 0.091713, 0.061142, -0.061142, 0.0, 0.030571, 0.091713, 0.030571, -0.061142, -0.030571, 0.030571, -0.030571, 0.0, 0.030571, 0.0, -0.030571, 0.091713, 0.0, -0.030571, 0.0, 0.061142, -0.030571, -0.061142, -0.061142, 0.0, 0.091713, -0.061142, 0.0, 0.030571, -0.030571, -0.030571, 0.030571, -0.061142, 0.061142, 0.061142, 0.0, 0.0, -0.030571, 0.030571, -0.061142, -0.030571, 0.213996, -0.122284, 0.030571, -0.030571, 0.030571, 0.0, 0.091713, 0.183425, -0.030571, 0.030571, -0.061142, -0.061142, -0.030571, 0.0, -0.061142, 0.0, 0.122284, 0.030571, -0.091713, 0.0, 0.0, 0.0, 0.0, 0.0, -0.030571, 0.0, -0.061142, -0.061142, 0.030571, -0.061142, -0.061142, -0.030571, 0.091713, -0.030571, 0.061142, 0.0, 0.0, 0.0, -0.122284, -0.061142, -0.030571, -0.030571, 0.091713, 0.0, 0.091713, 0.0, 0.0, 0.0, -0.061142, 0.0, 0.030571, -0.061142, 0.091713, 0.0, 0.0, 0.030571, 0.0, -0.030571, 0.030571, -0.030571, 0.030571, -0.030571, 0.0, -0.030571, 0.0, -0.030571, -0.030571, 0.0, 0.0, 0.030571, -0.061142, -0.091713, 0.0, 0.030571, 0.0, 0.0, 0.061142, 0.0, -0.030571, -0.030571, 0.061142, 0.030571, 0.0, 0.030571, -0.091713, -0.061142, -0.030571, 0.0, 0.0, 0.030571, 0.0, 0.030571, 0.0, 0.0, 0.030571, 0.061142, 0.030571, -0.091713, 0.061142, -0.030571, 0.030571, 0.0, 0.091713, -0.061142, 0.030571, 0.0, 0.030571, 0.0, -0.091713, 0.0, 0.030571, 0.061142, 0.0, 0.030571, 0.0, 0.030571, 0.0, -0.061142, 0.0, 0.152854, -0.030571, -0.030571, 0.0, -0.091713, 0.061142, 0.0, 0.0, -0.030571, -0.030571, 0.030571, 0.030571, -0.030571, 0.030571, 0.030571, 0.030571, 0.030571, -0.030571, 0.0, 0.0, -0.061142, 0.0, 0.0, -0.183425, 0.030571, 0.0, 0.061142, 0.091713, 0.061142, 0.0, -0.030571, -0.061142, 0.030571, 0.0, 0.030571, 0.030571, 0.030571, -0.030571]",12,6,6,91,119,0.5269,0.5522,0.5533,0.4731,1.0,0.5256,0.1667,0.516,2026-09-19T15:26:23
5ffa90f1-a64b-4731-b1c6-4ebaad54559f,P-A4880A1CE2,T1,high,medium,google/gemma-4-31b-it,0,Neutral Engagement Agent,"You are at a supermarket in Greece, choosing pasta. You notice both branded options and supermarket own brands. What factors do you consider before deciding?","[0.062137, -0.062137, 0.031068, -0.031068, 0.0, 0.031068, 0.031068, -0.031068, 0.031068, -0.031068, 0.0, -0.062137, 0.124274, 0.031068, -0.062137, 0.0, -0.031068, 0.031068, -0.031068, -0.031068, 0.031068, 0.031068, -0.124274, -0.031068, -0.031068, -0.031068, 0.0, 0.0, 0.0, 0.031068, 0.0, 0.0, -0.031068, 0.093205, 0.124274, -0.031068, 0.062137, 0.031068, 0.031068, -0.031068, 0.093205, 0.0, 0.062137, 0.031068, 0.031068, 0.0, 0.0, -0.062137, -0.031068, 0.031068, 0.062137, 0.031068, 0.0, 0.0, 0.0, 0.031068, 0.0, -0.031068, 0.0, -0.031068, -0.031068, 0.031068, 0.062137, -0.031068, -0.031068, -0.031068, 0.031068, -0.062137, -0.031068, 0.0, 0.031068, 0.031068, 0.0, -0.031068, 0.031068, 0.031068, 0.0, 0.062137, 0.0, 0.062137, 0.0, 0.093205, 0.0, -0.093205, 0.031068, -0.093205, 0.031068, -0.155342, 0.031068, -0.124274, 0.031068, 0.093205, -0.062137, 0.062137, -0.031068, -0.031068, 0.062137, 0.0, 0.031068, -0.031068, 0.031068, 0.062137, 0.0, 0.0, 0.062137, -0.062137, -0.031068, -0.031068, 0.031068, 0.0, 0.062137, -0.093205, 0.0, 0.0, -0.062137, 0.031068, -0.031068, -0.031068, -0.093205, 0.0, 0.093205, 0.0, 0.031068, 0.0, 0.062137, 0.031068, -0.062137, -0.031068, -0.031068, 0.062137, -0.031068, -0.031068, 0.0, 0.124274, 0.0, -0.093205, -0.031068, 0.0, -0.093205, 0.031068, 0.0, 0.031068, -0.093205, -0.062137, -0.031068, -0.031068, 0.0, 0.0, 0.0, 0.031068, 0.0, -0.062137, -0.062137, 0.0, -0.031068, 0.031068, 0.062137, 0.031068, 0.124274, 0.031068, -0.093205, 0.0, -0.031068, 0.031068, 0.0, 0.062137, 0.0, 0.031068, 0.0, -0.124274, 0.031068, -0.031068, -0.031068, 0.124274, 0.0, 0.031068, -0.031068, 0.0, 0.0, 0.124274, -0.031068, 0.0, 0.0, 0.0, 0.0, -0.031068, 0.093205, 0.062137, 0.062137, -0.062137, 0.0, 0.031068, 0.093205, 0.031068, -0.062137, -0.031068, 0.031068, -0.031068, 0.0, 0.031068, 0.0, -0.031068, 0.093205, 0.0, -0.062137, 0.0, 0.062137, -0.031068, -0.093205, -0.062137, 0.0, 0.093205, -0.062137, 0.0, 0.031068, -0.031068, -0.031068, 0.031068, -0.062137, 0.062137, 0.062137, 0.0, 0.0, -0.093205, 0.062137, -0.062137, 0.0, 0.186411, -0.124274, 0.031068, -0.031068, 0.031068, 0.031068, 0.093205, 0.186411, -0.031068, 0.031068, -0.062137, -0.062137, -0.031068, 0.0, -0.062137, 0.0, 0.093205, 0.031068, -0.062137, 0.0, 0.0, 0.031068, 0.0, 0.0, -0.062137, 0.0, -0.062137, -0.062137, 0.031068, -0.062137, -0.062137, -0.031068, 0.093205, -0.062137, 0.062137, 0.0, 0.0, 0.0, -0.124274, -0.062137, -0.031068, -0.031068, 0.062137, 0.0, 0.062137, 0.0, 0.0, 0.0, -0.062137, 0.0, 0.031068, -0.062137, 0.062137, 0.0, 0.0, 0.0, 0.0, -0.031068, 0.031068, -0.031068, 0.031068, -0.031068, 0.0, -0.031068, 0.0, -0.031068, -0.031068, 0.0, 0.0, 0.031068, -0.031068, -0.093205, 0.0, 0.031068, 0.0, -0.031068, 0.062137, -0.031068, -0.031068, -0.062137, 0.062137, 0.031068, 0.0, 0.031068, -0.093205, -0.062137, -0.031068, 0.0, 0.0, 0.031068, -0.031068, 0.031068, 0.0, 0.031068, 0.0, 0.031068, 0.031068, -0.093205, 0.062137, -0.031068, 0.031068, 0.0, 0.093205, -0.062137, 0.031068, 0.0, 0.093205, 0.0, -0.093205, 0.0, 0.031068, 0.062137, 0.0, 0.031068, 0.0, 0.031068, 0.0, -0.093205, 0.0, 0.124274, -0.031068, -0.031068, 0.0, -0.093205, 0.062137, 0.0, 0.0, -0.031068, -0.031068, 0.031068, 0.031068, -0.031068, 0.031068, 0.031068, 0.031068, 0.031068, -0.031068, 0.0, 0.0, -0.062137, 0.0, 0.0, -0.186411, 0.031068, 0.0, 0.062137, 0.062137, 0.062137, 0.0, -0.031068, -0.062137, 0.031068, 0.0, 0.031068, 0.031068, 0.031068, 0.0]",12,6,6,120,155,0.5573,0.5707,0.5471,0.4427,1.0,0.7033,0.0,0.4925,2026-09-19T15:26:23
643dae54-1712-43cc-928e-7ececa76c478,P-A4880A1CE2,T1,high,medium,google/gemma-4-31b-it,1,Neutral Engagement Agent,"You are at a supermarket in Greece, choosing lentils. You notice both branded options and supermarket own brands. What factors do you consider before deciding?","[0.061142, -0.061142, 0.030571, -0.061142, 0.0, 0.030571, 0.030571, 0.0, 0.030571, -0.030571, 0.0, -0.061142, 0.122284, 0.030571, -0.061142, 0.0, -0.030571, 0.030571, -0.030571, -0.030571, 0.030571, 0.0, -0.091713, -0.030571, -0.030571, -0.030571, 0.030571, 0.0, 0.0, 0.030571, 0.0, 0.0, -0.030571, 0.122284, 0.091713, -0.030571, 0.061142, 0.030571, 0.030571, -0.030571, 0.061142, 0.0, 0.061142, 0.030571, 0.030571, 0.0, 0.0, -0.061142, -0.030571, 0.030571, 0.061142, 0.030571, 0.0, 0.0, 0.0, 0.030571, 0.0, -0.030571, 0.0, -0.030571, -0.030571, 0.030571, 0.061142, 0.0, -0.061142, -0.030571, 0.030571, -0.061142, -0.030571, 0.0, 0.030571, 0.030571, 0.0, -0.030571, 0.030571, 0.030571, 0.0, 0.061142, 0.0, 0.061142, 0.0, 0.091713, 0.0, -0.091713, 0.030571, -0.091713, 0.030571, -0.152854, 0.030571, -0.122284, 0.0, 0.091713, -0.061142, 0.061142, 0.0, -0.030571, 0.061142, 0.0, 0.061142, -0.030571, 0.030571, 0.061142, 0.0, 0.0, 0.061142, -0.061142, -0.030571, -0.030571, 0.030571, 0.0, 0.061142, -0.091713, 0.0, 0.0, -0.091713, 0.030571, -0.030571, -0.030571, -0.091713, 0.0, 0.152854, 0.0, 0.030571, 0.0, 0.0, 0.030571, -0.061142, -0.030571, -0.030571, 0.061142, 0.0, -0.030571, 0.0, 0.122284, 0.0, -0.091713, 0.0, 0.0, -0.091713, 0.030571, 0.0, 0.030571, -0.091713, -0.061142, -0.030571, 0.0, 0.0, 0.0, 0.0, 0.030571, 0.0, -0.061142, -0.061142, 0.0, -0.030571, 0.030571, 0.061142, 0.030571, 0.122284, 0.030571, -0.091713, 0.0, -0.030571, 0.030571, 0.030571, 0.030571, 0.0, 0.030571, 0.0, -0.122284, 0.030571, -0.030571, -0.030571, 0.122284, 0.0, 0.030571, -0.030571, 0.0, 0.0, 0.122284, -0.030571, 0.0, 0.0, 0.0, 0.0, -0.030571, 0.122284, 0.091713, 0.061142, -0.061142, 0.0, 0.030571, 0.091713, 0.030571, -0.061142, -0.030571, 0.030571, -0.030571, 0.0, 0.030571, 0.0, -0.030571, 0.091713, 0.0, -0.030571, 0.0, 0.061142, -0.030571, -0.061142, -0.061142, 0.0, 0.091713, -0.061142, 0.0, 0.030571, -0.030571, -0.030571, 0.030571, -0.061142, 0.061142, 0.061142, 0.0, 0.0, -0.030571, 0.030571, -0.061142, -0.030571, 0.213996, -0.122284, 0.030571, -0.030571, 0.030571, 0.0, 0.091713, 0.183425, -0.030571, 0.030571, -0.061142, -0.061142, -0.030571, 0.0, -0.061142, 0.0, 0.122284, 0.030571, -0.091713, 0.0, 0.0, 0.0, 0.0, 0.0, -0.030571, 0.0, -0.061142, -0.061142, 0.030571, -0.061142, -0.061142, -0.030571, 0.091713, -0.030571, 0.061142, 0.0, 0.0, 0.0, -0.122284, -0.061142, -0.030571, -0.030571, 0.091713, 0.0, 0.091713, 0.0, 0.0, 0.0, -0.061142, 0.0, 0.030571, -0.061142, 0.091713, 0.0, 0.0, 0.030571, 0.0, -0.030571, 0.030571, -0.030571, 0.030571, -0.030571, 0.0, -0.030571, 0.0, -0.030571, -0.030571, 0.0, 0.0, 0.030571, -0.061142, -0.091713, 0.0, 0.030571, 0.0, 0.0, 0.061142, 0.0, -0.030571, -0.030571, 0.061142, 0.030571, 0.0, 0.030571, -0.091713, -0.061142, -0.030571, 0.0, 0.0, 0.030571, 0.0, 0.030571, 0.0, 0.0, 0.030571, 0.061142, 0.030571, -0.091713, 0.061142, -0.030571, 0.030571, 0.0, 0.091713, -0.061142, 0.030571, 0.0, 0.030571, 0.0, -0.091713, 0.0, 0.030571, 0.061142, 0.0, 0.030571, 0.0, 0.030571, 0.0, -0.061142, 0.0, 0.152854, -0.030571, -0.030571, 0.0, -0.091713, 0.061142, 0.0, 0.0, -0.030571, -0.030571, 0.030571, 0.030571, -0.030571, 0.030571, 0.030571, 0.030571, 0.030571, -0.030571, 0.0, 0.0, -0.061142, 0.0, 0.0, -0.183425, 0.030571, 0.0, 0.061142, 0.091713, 0.061142, 0.0, -0.030571, -0.061142, 0.030571, 0.0, 0.030571, 0.030571, 0.030571, -0.030571]",12,6,6,147,193,0.554,0.5671,0.5739,0.446,1.0,0.8558,0.0,0.4989,2026-09-19T15:26:23
7aff83ed-f231-4b3a-9f9b-dea28fc80b0e,P-A4880A1CE2,T5,low,small,google/gemma-3-4b-it,0,Neutral Engagement Agent,Imagine you unexpectedly have a free evening with nothing scheduled. How would you typically spend it?,"[-0.039841, 0.039841, 0.039841, 0.0, -0.039841, 0.079682, -0.119523, -0.039841, 0.0, 0.0, 0.0, 0.039841, 0.039841, 0.0, 0.0, 0.039841, -0.039841, 0.0, 0.0, 0.039841, 0.0, 0.0, 0.0, 0.039841, 0.0, 0.039841, -0.039841, -0.039841, 0.0, 0.039841, -0.039841, 0.0, 0.079682, 0.079682, 0.119523, -0.039841, -0.119523, 0.0, 0.0, 0.0, 0.0, -0.039841, -0.039841, -0.039841, 0.0, -0.079682, 0.0, -0.079682, -0.039841, -0.079682, 0.039841, -0.039841, 0.079682, 0.039841, 0.039841, 0.0, 0.0, 0.039841, 0.0, -0.039841, -0.039841, 0.0, 0.0, 0.0, 0.0, 0.0, 0.0, 0.0, 0.0, 0.039841, -0.039841, 0.0, 0.0, 0.0, 0.0, 0.0, 0.119523, -0.039841, 0.0, -0.039841, 0.0, 0.079682, 0.0, 0.0, 0.0, -0.079682, 0.0, -0.119523, 0.0, -0.119523, 0.0, -0.079682, 0.0, 0.039841, 0.079682, -0.079682, 0.039841, -0.039841, -0.039841, -0.159364, 0.0, 0.0, 0.0, 0.079682, 0.039841, -0.039841, -0.039841, -0.039841, 0.0, 0.0, -0.039841, -0.039841, 0.0, 0.079682, -0.119523, 0.039841, 0.039841, 0.0, 0.0, -0.039841, -0.039841, 0.0, -0.039841, -0.079682, -0.039841, 0.0, 0.0, 0.0, 0.039841, 0.0, 0.039841, 0.0, 0.039841, 0.119523, 0.039841, -0.039841, 0.079682, -0.079682, -0.039841, 0.0, 0.0, 0.039841, -0.039841, -0.039841, 0.039841, 0.0, 0.0, 0.039841, 0.039841, 0.0, -0.039841, 0.0, 0.039841, 0.0, -0.079682, 0.079682, 0.039841, 0.079682, 0.119523, -0.039841, 0.039841, 0.039841, 0.0, 0.079682, 0.039841, 0.039841, -0.039841, 0.0, 0.0, -0.079682, 0.039841, 0.0, 0.039841, 0.119523, -0.079682, 0.039841, -0.079682, 0.0, -0.039841, 0.0, 0.079682, 0.0, 0.039841, 0.039841, -0.079682, -0.039841, 0.039841, 0.079682, 0.039841, 0.0, 0.159364, 0.079682, 0.159364, 0.0, -0.159364, 0.0, 0.039841, 0.0, -0.079682, 0.0, 0.0, 0.0, 0.0, -0.079682, 0.039841, 0.039841, 0.0, -0.039841, 0.0, -0.159364, 0.039841, -0.039841, 0.039841, 0.0, -0.039841, 0.039841, 0.079682, 0.039841, 0.0, 0.0, 0.039841, 0.0, 0.0, -0.079682, 0.0, 0.079682, 0.119523, 0.079682, -0.039841, 0.079682, -0.079682, 0.0, -0.039841, 0.0, 0.039841, 0.0, 0.0, -0.039841, 0.0, 0.079682, 0.0, -0.039841, 0.0, 0.119523, 0.039841, 0.0, 0.039841, -0.039841, 0.0, 0.0, 0.039841, 0.039841, 0.119523, 0.0, 0.0, 0.039841, -0.079682, -0.079682, -0.039841, 0.119523, -0.079682, -0.079682, 0.0, 0.0, 0.0, -0.039841, 0.0, 0.039841, 0.0, 0.119523, 0.039841, 0.079682, 0.0, 0.0, 0.079682, 0.079682, 0.039841, -0.039841, 0.0, -0.039841, 0.039841, 0.039841, 0.0, 0.039841, 0.0, 0.079682, -0.039841, -0.039841, 0.039841, 0.039841, 0.0, -0.039841, -0.039841, 0.0, -0.079682, 0.079682, 0.0, 0.039841, 0.0, -0.039841, 0.0, 0.079682, 0.039841, 0.079682, 0.0, 0.0, 0.039841, -0.039841, 0.0, 0.0, -0.039841, 0.0, -0.079682, 0.0, 0.039841, 0.119523, 0.039841, 0.039841, 0.079682, 0.0, 0.0, 0.0, 0.079682, 0.079682, -0.079682, 0.039841, 0.0, 0.039841, 0.079682, 0.039841, -0.039841, 0.0, 0.039841, 0.039841, -0.039841, 0.0, 0.0, -0.039841, 0.039841, 0.0, 0.0, 0.0, -0.039841, -0.039841, -0.039841, 0.039841, 0.0, 0.0, 0.039841, -0.079682, -0.039841, 0.0, 0.0, 0.0, -0.079682, -0.039841, 0.079682, 0.0, 0.079682, 0.0, -0.039841, 0.0, 0.0, 0.0, -0.039841, 0.0, -0.039841, 0.0, 0.0, -0.079682, -0.039841, 0.0, 0.079682, -0.039841, -0.039841, 0.039841, -0.119523, -0.039841, 0.039841, 0.039841, 0.039841, -0.039841, 0.0, 0.0]",12,6,6,105,137,0.5219,0.5526,0.5479,0.4781,1.0,0.7125,0.1667,0.5142,2026-09-19T15:26:23
7d6db4a4-3c83-4f79-98cb-cbe5a6a19a44,P-A4880A1CE2,T1,high,small,google/gemma-3-4b-it,1,Neutral Engagement Agent,"You are at a supermarket in Greece, choosing pasta. You notice both branded options and supermarket own brands. What factors do you consider before deciding?","[0.062137, -0.062137, 0.031068, -0.031068, 0.0, 0.031068, 0.031068, -0.031068, 0.031068, -0.031068, 0.0, -0.062137, 0.124274, 0.031068, -0.062137, 0.0, -0.031068, 0.031068, -0.031068, -0.031068, 0.031068, 0.031068, -0.124274, -0.031068, -0.031068, -0.031068, 0.0, 0.0, 0.0, 0.031068, 0.0, 0.0, -0.031068, 0.093205, 0.124274, -0.031068, 0.062137, 0.031068, 0.031068, -0.031068, 0.093205, 0.0, 0.062137, 0.031068, 0.031068, 0.0, 0.0, -0.062137, -0.031068, 0.031068, 0.062137, 0.031068, 0.0, 0.0, 0.0, 0.031068, 0.0, -0.031068, 0.0, -0.031068, -0.031068, 0.031068, 0.062137, -0.031068, -0.031068, -0.031068, 0.031068, -0.062137, -0.031068, 0.0, 0.031068, 0.031068, 0.0, -0.031068, 0.031068, 0.031068, 0.0, 0.062137, 0.0, 0.062137, 0.0, 0.093205, 0.0, -0.093205, 0.031068, -0.093205, 0.031068, -0.155342, 0.031068, -0.124274, 0.031068, 0.093205, -0.062137, 0.062137, -0.031068, -0.031068, 0.062137, 0.0, 0.031068, -0.031068, 0.031068, 0.062137, 0.0, 0.0, 0.062137, -0.062137, -0.031068, -0.031068, 0.031068, 0.0, 0.062137, -0.093205, 0.0, 0.0, -0.062137, 0.031068, -0.031068, -0.031068, -0.093205, 0.0, 0.093205, 0.0, 0.031068, 0.0, 0.062137, 0.031068, -0.062137, -0.031068, -0.031068, 0.062137, -0.031068, -0.031068, 0.0, 0.124274, 0.0, -0.093205, -0.031068, 0.0, -0.093205, 0.031068, 0.0, 0.031068, -0.093205, -0.062137, -0.031068, -0.031068, 0.0, 0.0, 0.0, 0.031068, 0.0, -0.062137, -0.062137, 0.0, -0.031068, 0.031068, 0.062137, 0.031068, 0.124274, 0.031068, -0.093205, 0.0, -0.031068, 0.031068, 0.0, 0.062137, 0.0, 0.031068, 0.0, -0.124274, 0.031068, -0.031068, -0.031068, 0.124274, 0.0, 0.031068, -0.031068, 0.0, 0.0, 0.124274, -0.031068, 0.0, 0.0, 0.0, 0.0, -0.031068, 0.093205, 0.062137, 0.062137, -0.062137, 0.0, 0.031068, 0.093205, 0.031068, -0.062137, -0.031068, 0.031068, -0.031068, 0.0, 0.031068, 0.0, -0.031068, 0.093205, 0.0, -0.062137, 0.0, 0.062137, -0.031068, -0.093205, -0.062137, 0.0, 0.093205, -0.062137, 0.0, 0.031068, -0.031068, -0.031068, 0.031068, -0.062137, 0.062137, 0.062137, 0.0, 0.0, -0.093205, 0.062137, -0.062137, 0.0, 0.186411, -0.124274, 0.031068, -0.031068, 0.031068, 0.031068, 0.093205, 0.186411, -0.031068, 0.031068, -0.062137, -0.062137, -0.031068, 0.0, -0.062137, 0.0, 0.093205, 0.031068, -0.062137, 0.0, 0.0, 0.031068, 0.0, 0.0, -0.062137, 0.0, -0.062137, -0.062137, 0.031068, -0.062137, -0.062137, -0.031068, 0.093205, -0.062137, 0.062137, 0.0, 0.0, 0.0, -0.124274, -0.062137, -0.031068, -0.031068, 0.062137, 0.0, 0.062137, 0.0, 0.0, 0.0, -0.062137, 0.0, 0.031068, -0.062137, 0.062137, 0.0, 0.0, 0.0, 0.0, -0.031068, 0.031068, -0.031068, 0.031068, -0.031068, 0.0, -0.031068, 0.0, -0.031068, -0.031068, 0.0, 0.0, 0.031068, -0.031068, -0.093205, 0.0, 0.031068, 0.0, -0.031068, 0.062137, -0.031068, -0.031068, -0.062137, 0.062137, 0.031068, 0.0, 0.031068, -0.093205, -0.062137, -0.031068, 0.0, 0.0, 0.031068, -0.031068, 0.031068, 0.0, 0.031068, 0.0, 0.031068, 0.031068, -0.093205, 0.062137, -0.031068, 0.031068, 0.0, 0.093205, -0.062137, 0.031068, 0.0, 0.093205, 0.0, -0.093205, 0.0, 0.031068, 0.062137, 0.0, 0.031068, 0.0, 0.031068, 0.0, -0.093205, 0.0, 0.124274, -0.031068, -0.031068, 0.0, -0.093205, 0.062137, 0.0, 0.0, -0.031068, -0.031068, 0.031068, 0.031068, -0.031068, 0.031068, 0.031068, 0.031068, 0.031068, -0.031068, 0.0, 0.0, -0.062137, 0.0, 0.0, -0.186411, 0.031068, 0.0, 0.062137, 0.062137, 0.062137, 0.0, -0.031068, -0.062137, 0.031068, 0.0, 0.031068, 0.031068, 0.031068, 0.0]",12,6,6,73,95,0.5304,0.5578,0.5254,0.4696,1.0,0.5079,0.1667,0.5094,2026-09-19T15:26:23
8c830d5e-ea3a-4689-9be8-2867b79c2d97,P-A4880A1CE2,T5,low,small,google/gemma-3-4b-it,0,Neutral Engagement Agent,"After a stressful week, you have a quiet afternoon to yourself. What do you usually do?","[0.0, -0.037216, -0.037216, 0.0, 0.0, 0.0, 0.0, -0.148865, 0.0, -0.037216, 0.037216, -0.037216, 0.037216, 0.037216, 0.0, -0.037216, 0.037216, 0.074432, 0.0, 0.0, 0.0, 0.037216, -0.037216, 0.0, 0.0, 0.037216, 0.0, -0.037216, 0.0, 0.074432, 0.0, 0.0, 0.037216, 0.148865, 0.0, -0.074432, -0.074432, 0.074432, -0.037216, 0.074432, 0.0, 0.037216, 0.074432, -0.037216, 0.074432, 0.0, 0.037216, -0.037216, 0.0, -0.037216, 0.0, 0.074432, -0.037216, 0.0, 0.074432, 0.0, 0.0, -0.074432, 0.0, -0.074432, 0.0, -0.037216, 0.0, 0.0, -0.037216, -0.037216, 0.0, -0.037216, 0.0, 0.0, 0.0, 0.0, -0.037216, -0.037216, 0.0, -0.037216, 0.111648, 0.0, 0.074432, 0.0, 0.0, 0.037216, 0.037216, 0.0, 0.0, -0.074432, 0.0, -0.074432, -0.037216, -0.111648, 0.0, -0.037216, 0.0, -0.037216, 0.0, -0.037216, 0.0, 0.0, 0.0, 0.0, 0.074432, 0.0, 0.0, 0.037216, 0.037216, 0.0, 0.0, 0.0, 0.0, 0.0, 0.074432, -0.037216, -0.037216, -0.074432, -0.186081, 0.037216, -0.074432, -0.037216, -0.037216, -0.037216, -0.037216, -0.037216, 0.0, 0.0, 0.037216, 0.0, 0.0, 0.037216, 0.074432, 0.037216, 0.037216, 0.037216, 0.0, 0.074432, 0.0, -0.074432, 0.074432, -0.037216, -0.037216, 0.0, 0.037216, -0.037216, -0.074432, -0.111648, -0.074432, 0.0, 0.0, 0.0, 0.0, 0.0, 0.037216, -0.074432, 0.0, 0.0, 0.037216, 0.074432, 0.0, 0.111648, 0.148865, 0.0, 0.0, 0.074432, -0.037216, 0.0, -0.074432, 0.0, 0.0, 0.037216, 0.037216, 0.0, -0.037216, -0.037216, -0.037216, 0.074432, 0.111648, 0.0, -0.037216, -0.037216, -0.074432, 0.074432, 0.074432, 0.074432, 0.148865, 0.0, 0.037216, -0.037216, 0.074432, 0.111648, 0.037216, 0.037216, 0.037216, 0.074432, 0.037216, 0.037216, -0.111648, 0.074432, 0.074432, 0.0, -0.037216, 0.0, -0.074432, -0.037216, -0.037216, 0.037216, 0.0, 0.037216, 0.0, 0.0, 0.037216, -0.074432, 0.037216, 0.0, 0.0, 0.037216, 0.0, 0.037216, 0.0, -0.074432, 0.074432, 0.074432, -0.037216, -0.037216, 0.0, -0.037216, 0.0, 0.037216, 0.0, 0.111648, -0.074432, 0.0, 0.0, 0.037216, 0.0, 0.0, -0.074432, -0.037216, 0.0, -0.037216, -0.037216, 0.0, -0.074432, 0.037216, 0.037216, 0.111648, 0.074432, 0.074432, 0.0, 0.0, 0.037216, 0.0, 0.037216, -0.037216, 0.037216, 0.0, 0.0, -0.111648, -0.111648, -0.074432, 0.0, 0.037216, -0.037216, 0.0, 0.037216, -0.111648, 0.0, -0.074432, 0.0, 0.0, 0.0, 0.074432, -0.074432, 0.0, 0.037216, 0.0, 0.074432, 0.0, -0.037216, -0.074432, 0.0, 0.074432, -0.037216, 0.0, 0.0, -0.037216, 0.0, 0.037216, 0.074432, 0.037216, -0.074432, 0.0, -0.037216, -0.037216, 0.0, 0.0, 0.037216, 0.0, -0.037216, 0.0, -0.074432, 0.0, 0.0, -0.037216, -0.074432, 0.148865, 0.0, 0.037216, 0.0, 0.111648, 0.0, -0.037216, -0.074432, 0.074432, -0.074432, 0.037216, 0.0, 0.0, -0.037216, 0.037216, -0.148865, 0.037216, 0.0, -0.111648, -0.037216, 0.037216, -0.074432, 0.0, -0.111648, -0.037216, 0.037216, 0.037216, -0.037216, 0.037216, -0.074432, 0.0, 0.074432, -0.111648, 0.0, 0.037216, 0.037216, 0.0, 0.0, 0.0, 0.0, -0.037216, 0.037216, 0.0, -0.037216, 0.0, 0.0, -0.037216, -0.074432, -0.037216, 0.0, 0.0, 0.0, -0.037216, 0.0, 0.0, 0.0, 0.074432, 0.074432, 0.0, 0.037216, 0.0, 0.0, 0.0, 0.037216, 0.0, -0.037216, -0.223297, 0.074432, 0.0, 0.037216, -0.037216, -0.037216, 0.074432, -0.037216, 0.0, 0.0, 0.0, 0.074432, -0.037216, 0.0, -0.037216]",12,6,6,130,167,0.5175,0.5301,0.5398,0.4825,1.0,0.9881,0.1667,0.5117,2026-09-19T15:26:23
8c84510c-7c73-4fdc-b687-d9652ed6a3c1,P-A4880A1CE2,T5,low,small,google/gemma-3-4b-it,1,Neutral Engagement Agent,Imagine you unexpectedly have a free evening with nothing scheduled. How would you typically spend it?,"[-0.039841, 0.039841, 0.039841, 0.0, -0.039841, 0.079682, -0.119523, -0.039841, 0.0, 0.0, 0.0, 0.039841, 0.039841, 0.0, 0.0, 0.039841, -0.039841, 0.0, 0.0, 0.039841, 0.0, 0.0, 0.0, 0.039841, 0.0, 0.039841, -0.039841, -0.039841, 0.0, 0.039841, -0.039841, 0.0, 0.079682, 0.079682, 0.119523, -0.039841, -0.119523, 0.0, 0.0, 0.0, 0.0, -0.039841, -0.039841, -0.039841, 0.0, -0.079682, 0.0, -0.079682, -0.039841, -0.079682, 0.039841, -0.039841, 0.079682, 0.039841, 0.039841, 0.0, 0.0, 0.039841, 0.0, -0.039841, -0.039841, 0.0, 0.0, 0.0, 0.0, 0.0, 0.0, 0.0, 0.0, 0.039841, -0.039841, 0.0, 0.0, 0.0, 0.0, 0.0, 0.119523, -0.039841, 0.0, -0.039841, 0.0, 0.079682, 0.0, 0.0, 0.0, -0.079682, 0.0, -0.119523, 0.0, -0.119523, 0.0, -0.079682, 0.0, 0.039841, 0.079682, -0.079682, 0.039841, -0.039841, -0.039841, -0.159364, 0.0, 0.0, 0.0, 0.079682, 0.039841, -0.039841, -0.039841, -0.039841, 0.0, 0.0, -0.039841, -0.039841, 0.0, 0.079682, -0.119523, 0.039841, 0.039841, 0.0, 0.0, -0.039841, -0.039841, 0.0, -0.039841, -0.079682, -0.039841, 0.0, 0.0, 0.0, 0.039841, 0.0, 0.039841, 0.0, 0.039841, 0.119523, 0.039841, -0.039841, 0.079682, -0.079682, -0.039841, 0.0, 0.0, 0.039841, -0.039841, -0.039841, 0.039841, 0.0, 0.0, 0.039841, 0.039841, 0.0, -0.039841, 0.0, 0.039841, 0.0, -0.079682, 0.079682, 0.039841, 0.079682, 0.119523, -0.039841, 0.039841, 0.039841, 0.0, 0.079682, 0.039841, 0.039841, -0.039841, 0.0, 0.0, -0.079682, 0.039841, 0.0, 0.039841, 0.119523, -0.079682, 0.039841, -0.079682, 0.0, -0.039841, 0.0, 0.079682, 0.0, 0.039841, 0.039841, -0.079682, -0.039841, 0.039841, 0.079682, 0.039841, 0.0, 0.159364, 0.079682, 0.159364, 0.0, -0.159364, 0.0, 0.039841, 0.0, -0.079682, 0.0, 0.0, 0.0, 0.0, -0.079682, 0.039841, 0.039841, 0.0, -0.039841, 0.0, -0.159364, 0.039841, -0.039841, 0.039841, 0.0, -0.039841, 0.039841, 0.079682, 0.039841, 0.0, 0.0, 0.039841, 0.0, 0.0, -0.079682, 0.0, 0.079682, 0.119523, 0.079682, -0.039841, 0.079682, -0.079682, 0.0, -0.039841, 0.0, 0.039841, 0.0, 0.0, -0.039841, 0.0, 0.079682, 0.0, -0.039841, 0.0, 0.119523, 0.039841, 0.0, 0.039841, -0.039841, 0.0, 0.0, 0.039841, 0.039841, 0.119523, 0.0, 0.0, 0.039841, -0.079682, -0.079682, -0.039841, 0.119523, -0.079682, -0.079682, 0.0, 0.0, 0.0, -0.039841, 0.0, 0.039841, 0.0, 0.119523, 0.039841, 0.079682, 0.0, 0.0, 0.079682, 0.079682, 0.039841, -0.039841, 0.0, -0.039841, 0.039841, 0.039841, 0.0, 0.039841, 0.0, 0.079682, -0.039841, -0.039841, 0.039841, 0.039841, 0.0, -0.039841, -0.039841, 0.0, -0.079682, 0.079682, 0.0, 0.039841, 0.0, -0.039841, 0.0, 0.079682, 0.039841, 0.079682, 0.0, 0.0, 0.039841, -0.039841, 0.0, 0.0, -0.039841, 0.0, -0.079682, 0.0, 0.039841, 0.119523, 0.039841, 0.039841, 0.079682, 0.0, 0.0, 0.0, 0.079682, 0.079682, -0.079682, 0.039841, 0.0, 0.039841, 0.079682, 0.039841, -0.039841, 0.0, 0.039841, 0.039841, -0.039841, 0.0, 0.0, -0.039841, 0.039841, 0.0, 0.0, 0.0, -0.039841, -0.039841, -0.039841, 0.039841, 0.0, 0.0, 0.039841, -0.079682, -0.039841, 0.0, 0.0, 0.0, -0.079682, -0.039841, 0.079682, 0.0, 0.079682, 0.0, -0.039841, 0.0, 0.0, 0.0, -0.039841, 0.0, -0.039841, 0.0, 0.0, -0.079682, -0.039841, 0.0, 0.079682, -0.039841, -0.039841, 0.039841, -0.119523, -0.039841, 0.039841, 0.039841, 0.039841, -0.039841, 0.0, 0.0]",12,6,6,87,113,0.5463,0.5328,0.5138,0.4537,1.0,0.9483,0.0833,0.4956,2026-09-19T15:26:23
d892663d-ecbb-46b8-85a2-1304b03343c6,P-A4880A1CE2,T1,high,medium,google/gemma-4-31b-it,0,Neutral Engagement Agent,"You are at a supermarket in Greece, choosing lentils. You notice both branded options and supermarket own brands. What factors do you consider before deciding?","[0.061142, -0.061142, 0.030571, -0.061142, 0.0, 0.030571, 0.030571, 0.0, 0.030571, -0.030571, 0.0, -0.061142, 0.122284, 0.030571, -0.061142, 0.0, -0.030571, 0.030571, -0.030571, -0.030571, 0.030571, 0.0, -0.091713, -0.030571, -0.030571, -0.030571, 0.030571, 0.0, 0.0, 0.030571, 0.0, 0.0, -0.030571, 0.122284, 0.091713, -0.030571, 0.061142, 0.030571, 0.030571, -0.030571, 0.061142, 0.0, 0.061142, 0.030571, 0.030571, 0.0, 0.0, -0.061142, -0.030571, 0.030571, 0.061142, 0.030571, 0.0, 0.0, 0.0, 0.030571, 0.0, -0.030571, 0.0, -0.030571, -0.030571, 0.030571, 0.061142, 0.0, -0.061142, -0.030571, 0.030571, -0.061142, -0.030571, 0.0, 0.030571, 0.030571, 0.0, -0.030571, 0.030571, 0.030571, 0.0, 0.061142, 0.0, 0.061142, 0.0, 0.091713, 0.0, -0.091713, 0.030571, -0.091713, 0.030571, -0.152854, 0.030571, -0.122284, 0.0, 0.091713, -0.061142, 0.061142, 0.0, -0.030571, 0.061142, 0.0, 0.061142, -0.030571, 0.030571, 0.061142, 0.0, 0.0, 0.061142, -0.061142, -0.030571, -0.030571, 0.030571, 0.0, 0.061142, -0.091713, 0.0, 0.0, -0.091713, 0.030571, -0.030571, -0.030571, -0.091713, 0.0, 0.152854, 0.0, 0.030571, 0.0, 0.0, 0.030571, -0.061142, -0.030571, -0.030571, 0.061142, 0.0, -0.030571, 0.0, 0.122284, 0.0, -0.091713, 0.0, 0.0, -0.091713, 0.030571, 0.0, 0.030571, -0.091713, -0.061142, -0.030571, 0.0, 0.0, 0.0, 0.0, 0.030571, 0.0, -0.061142, -0.061142, 0.0, -0.030571, 0.030571, 0.061142, 0.030571, 0.122284, 0.030571, -0.091713, 0.0, -0.030571, 0.030571, 0.030571, 0.030571, 0.0, 0.030571, 0.0, -0.122284, 0.030571, -0.030571, -0.030571, 0.122284, 0.0, 0.030571, -0.030571, 0.0, 0.0, 0.122284, -0.030571, 0.0, 0.0, 0.0, 0.0, -0.030571, 0.122284, 0.091713, 0.061142, -0.061142, 0.0, 0.030571, 0.091713, 0.030571, -0.061142, -0.030571, 0.030571, -0.030571, 0.0, 0.030571, 0.0, -0.030571, 0.091713, 0.0, -0.030571, 0.0, 0.061142, -0.030571, -0.061142, -0.061142, 0.0, 0.091713, -0.061142, 0.0, 0.030571, -0.030571, -0.030571, 0.030571, -0.061142, 0.061142, 0.061142, 0.0, 0.0, -0.030571, 0.030571, -0.061142, -0.030571, 0.213996, -0.122284, 0.030571, -0.030571, 0.030571, 0.0, 0.091713, 0.183425, -0.030571, 0.030571, -0.061142, -0.061142, -0.030571, 0.0, -0.061142, 0.0, 0.122284, 0.030571, -0.091713, 0.0, 0.0, 0.0, 0.0, 0.0, -0.030571, 0.0, -0.061142, -0.061142, 0.030571, -0.061142, -0.061142, -0.030571, 0.091713, -0.030571, 0.061142, 0.0, 0.0, 0.0, -0.122284, -0.061142, -0.030571, -0.030571, 0.091713, 0.0, 0.091713, 0.0, 0.0, 0.0, -0.061142, 0.0, 0.030571, -0.061142, 0.091713, 0.0, 0.0, 0.030571, 0.0, -0.030571, 0.030571, -0.030571, 0.030571, -0.030571, 0.0, -0.030571, 0.0, -0.030571, -0.030571, 0.0, 0.0, 0.030571, -0.061142, -0.091713, 0.0, 0.030571, 0.0, 0.0, 0.061142, 0.0, -0.030571, -0.030571, 0.061142, 0.030571, 0.0, 0.030571, -0.091713, -0.061142, -0.030571, 0.0, 0.0, 0.030571, 0.0, 0.030571, 0.0, 0.0, 0.030571, 0.061142, 0.030571, -0.091713, 0.061142, -0.030571, 0.030571, 0.0, 0.091713, -0.061142, 0.030571, 0.0, 0.030571, 0.0, -0.091713, 0.0, 0.030571, 0.061142, 0.0, 0.030571, 0.0, 0.030571, 0.0, -0.061142, 0.0, 0.152854, -0.030571, -0.030571, 0.0, -0.091713, 0.061142, 0.0, 0.0, -0.030571, -0.030571, 0.030571, 0.030571, -0.030571, 0.030571, 0.030571, 0.030571, 0.030571, -0.030571, 0.0, 0.0, -0.061142, 0.0, 0.0, -0.183425, 0.030571, 0.0, 0.061142, 0.091713, 0.061142, 0.0, -0.030571, -0.061142, 0.030571, 0.0, 0.030571, 0.030571, 0.030571, -0.030571]",12,6,6,127,167,0.5074,0.52,0.5402,0.4926,1.0,0.5321,0.0,0.4858,2026-09-19T15:26:23
eac04792-d7d7-4dff-b737-bf5df42f6123,P-A4880A1CE2,T1,high,small,google/gemma-3-4b-it,0,Neutral Engagement Agent,"You are at a supermarket in Greece, choosing pasta. You notice both branded options and supermarket own brands. What factors do you consider before deciding?","[0.062137, -0.062137, 0.031068, -0.031068, 0.0, 0.031068, 0.031068, -0.031068, 0.031068, -0.031068, 0.0, -0.062137, 0.124274, 0.031068, -0.062137, 0.0, -0.031068, 0.031068, -0.031068, -0.031068, 0.031068, 0.031068, -0.124274, -0.031068, -0.031068, -0.031068, 0.0, 0.0, 0.0, 0.031068, 0.0, 0.0, -0.031068, 0.093205, 0.124274, -0.031068, 0.062137, 0.031068, 0.031068, -0.031068, 0.093205, 0.0, 0.062137, 0.031068, 0.031068, 0.0, 0.0, -0.062137, -0.031068, 0.031068, 0.062137, 0.031068, 0.0, 0.0, 0.0, 0.031068, 0.0, -0.031068, 0.0, -0.031068, -0.031068, 0.031068, 0.062137, -0.031068, -0.031068, -0.031068, 0.031068, -0.062137, -0.031068, 0.0, 0.031068, 0.031068, 0.0, -0.031068, 0.031068, 0.031068, 0.0, 0.062137, 0.0, 0.062137, 0.0, 0.093205, 0.0, -0.093205, 0.031068, -0.093205, 0.031068, -0.155342, 0.031068, -0.124274, 0.031068, 0.093205, -0.062137, 0.062137, -0.031068, -0.031068, 0.062137, 0.0, 0.031068, -0.031068, 0.031068, 0.062137, 0.0, 0.0, 0.062137, -0.062137, -0.031068, -0.031068, 0.031068, 0.0, 0.062137, -0.093205, 0.0, 0.0, -0.062137, 0.031068, -0.031068, -0.031068, -0.093205, 0.0, 0.093205, 0.0, 0.031068, 0.0, 0.062137, 0.031068, -0.062137, -0.031068, -0.031068, 0.062137, -0.031068, -0.031068, 0.0, 0.124274, 0.0, -0.093205, -0.031068, 0.0, -0.093205, 0.031068, 0.0, 0.031068, -0.093205, -0.062137, -0.031068, -0.031068, 0.0, 0.0, 0.0, 0.031068, 0.0, -0.062137, -0.062137, 0.0, -0.031068, 0.031068, 0.062137, 0.031068, 0.124274, 0.031068, -0.093205, 0.0, -0.031068, 0.031068, 0.0, 0.062137, 0.0, 0.031068, 0.0, -0.124274, 0.031068, -0.031068, -0.031068, 0.124274, 0.0, 0.031068, -0.031068, 0.0, 0.0, 0.124274, -0.031068, 0.0, 0.0, 0.0, 0.0, -0.031068, 0.093205, 0.062137, 0.062137, -0.062137, 0.0, 0.031068, 0.093205, 0.031068, -0.062137, -0.031068, 0.031068, -0.031068, 0.0, 0.031068, 0.0, -0.031068, 0.093205, 0.0, -0.062137, 0.0, 0.062137, -0.031068, -0.093205, -0.062137, 0.0, 0.093205, -0.062137, 0.0, 0.031068, -0.031068, -0.031068, 0.031068, -0.062137, 0.062137, 0.062137, 0.0, 0.0, -0.093205, 0.062137, -0.062137, 0.0, 0.186411, -0.124274, 0.031068, -0.031068, 0.031068, 0.031068, 0.093205, 0.186411, -0.031068, 0.031068, -0.062137, -0.062137, -0.031068, 0.0, -0.062137, 0.0, 0.093205, 0.031068, -0.062137, 0.0, 0.0, 0.031068, 0.0, 0.0, -0.062137, 0.0, -0.062137, -0.062137, 0.031068, -0.062137, -0.062137, -0.031068, 0.093205, -0.062137, 0.062137, 0.0, 0.0, 0.0, -0.124274, -0.062137, -0.031068, -0.031068, 0.062137, 0.0, 0.062137, 0.0, 0.0, 0.0, -0.062137, 0.0, 0.031068, -0.062137, 0.062137, 0.0, 0.0, 0.0, 0.0, -0.031068, 0.031068, -0.031068, 0.031068, -0.031068, 0.0, -0.031068, 0.0, -0.031068, -0.031068, 0.0, 0.0, 0.031068, -0.031068, -0.093205, 0.0, 0.031068, 0.0, -0.031068, 0.062137, -0.031068, -0.031068, -0.062137, 0.062137, 0.031068, 0.0, 0.031068, -0.093205, -0.062137, -0.031068, 0.0, 0.0, 0.031068, -0.031068, 0.031068, 0.0, 0.031068, 0.0, 0.031068, 0.031068, -0.093205, 0.062137, -0.031068, 0.031068, 0.0, 0.093205, -0.062137, 0.031068, 0.0, 0.093205, 0.0, -0.093205, 0.0, 0.031068, 0.062137, 0.0, 0.031068, 0.0, 0.031068, 0.0, -0.093205, 0.0, 0.124274, -0.031068, -0.031068, 0.0, -0.093205, 0.062137, 0.0, 0.0, -0.031068, -0.031068, 0.031068, 0.031068, -0.031068, 0.031068, 0.031068, 0.031068, 0.031068, -0.031068, 0.0, 0.0, -0.062137, 0.0, 0.0, -0.186411, 0.031068, 0.0, 0.062137, 0.062137, 0.062137, 0.0, -0.031068, -0.062137, 0.031068, 0.0, 0.031068, 0.031068, 0.031068, 0.0]",12,6,6,87,111,0.5759,0.5675,0.5575,0.4241,1.0,0.5634,0.0833,0.5095,2026-09-19T15:26:23
f6822d4b-3078-419a-8207-825c438220ba,P-A4880A1CE2,T1,high,medium,google/gemma-4-31b-it,1,Neutral Engagement Agent,"You are at a supermarket in Greece, choosing pasta. You notice both branded options and supermarket own brands. What factors do you consider before deciding?","[0.062137, -0.062137, 0.031068, -0.031068, 0.0, 0.031068, 0.031068, -0.031068, 0.031068, -0.031068, 0.0, -0.062137, 0.124274, 0.031068, -0.062137, 0.0, -0.031068, 0.031068, -0.031068, -0.031068, 0.031068, 0.031068, -0.124274, -0.031068, -0.031068, -0.031068, 0.0, 0.0, 0.0, 0.031068, 0.0, 0.0, -0.031068, 0.093205, 0.124274, -0.031068, 0.062137, 0.031068, 0.031068, -0.031068, 0.093205, 0.0, 0.062137, 0.031068, 0.031068, 0.0, 0.0, -0.062137, -0.031068, 0.031068, 0.062137, 0.031068, 0.0, 0.0, 0.0, 0.031068, 0.0, -0.031068, 0.0, -0.031068, -0.031068, 0.031068, 0.062137, -0.031068, -0.031068, -0.031068, 0.031068, -0.062137, -0.031068, 0.0, 0.031068, 0.031068, 0.0, -0.031068, 0.031068, 0.031068, 0.0, 0.062137, 0.0, 0.062137, 0.0, 0.093205, 0.0, -0.093205, 0.031068, -0.093205, 0.031068, -0.155342, 0.031068, -0.124274, 0.031068, 0.093205, -0.062137, 0.062137, -0.031068, -0.031068, 0.062137, 0.0, 0.031068, -0.031068, 0.031068, 0.062137, 0.0, 0.0, 0.062137, -0.062137, -0.031068, -0.031068, 0.031068, 0.0, 0.062137, -0.093205, 0.0, 0.0, -0.062137, 0.031068, -0.031068, -0.031068, -0.093205, 0.0, 0.093205, 0.0, 0.031068, 0.0, 0.062137, 0.031068, -0.062137, -0.031068, -0.031068, 0.062137, -0.031068, -0.031068, 0.0, 0.124274, 0.0, -0.093205, -0.031068, 0.0, -0.093205, 0.031068, 0.0, 0.031068, -0.093205, -0.062137, -0.031068, -0.031068, 0.0, 0.0, 0.0, 0.031068, 0.0, -0.062137, -0.062137, 0.0, -0.031068, 0.031068, 0.062137, 0.031068, 0.124274, 0.031068, -0.093205, 0.0, -0.031068, 0.031068, 0.0, 0.062137, 0.0, 0.031068, 0.0, -0.124274, 0.031068, -0.031068, -0.031068, 0.124274, 0.0, 0.031068, -0.031068, 0.0, 0.0, 0.124274, -0.031068, 0.0, 0.0, 0.0, 0.0, -0.031068, 0.093205, 0.062137, 0.062137, -0.062137, 0.0, 0.031068, 0.093205, 0.031068, -0.062137, -0.031068, 0.031068, -0.031068, 0.0, 0.031068, 0.0, -0.031068, 0.093205, 0.0, -0.062137, 0.0, 0.062137, -0.031068, -0.093205, -0.062137, 0.0, 0.093205, -0.062137, 0.0, 0.031068, -0.031068, -0.031068, 0.031068, -0.062137, 0.062137, 0.062137, 0.0, 0.0, -0.093205, 0.062137, -0.062137, 0.0, 0.186411, -0.124274, 0.031068, -0.031068, 0.031068, 0.031068, 0.093205, 0.186411, -0.031068, 0.031068, -0.062137, -0.062137, -0.031068, 0.0, -0.062137, 0.0, 0.093205, 0.031068, -0.062137, 0.0, 0.0, 0.031068, 0.0, 0.0, -0.062137, 0.0, -0.062137, -0.062137, 0.031068, -0.062137, -0.062137, -0.031068, 0.093205, -0.062137, 0.062137, 0.0, 0.0, 0.0, -0.124274, -0.062137, -0.031068, -0.031068, 0.062137, 0.0, 0.062137, 0.0, 0.0, 0.0, -0.062137, 0.0, 0.031068, -0.062137, 0.062137, 0.0, 0.0, 0.0, 0.0, -0.031068, 0.031068, -0.031068, 0.031068, -0.031068, 0.0, -0.031068, 0.0, -0.031068, -0.031068, 0.0, 0.0, 0.031068, -0.031068, -0.093205, 0.0, 0.031068, 0.0, -0.031068, 0.062137, -0.031068, -0.031068, -0.062137, 0.062137, 0.031068, 0.0, 0.031068, -0.093205, -0.062137, -0.031068, 0.0, 0.0, 0.031068, -0.031068, 0.031068, 0.0, 0.031068, 0.0, 0.031068, 0.031068, -0.093205, 0.062137, -0.031068, 0.031068, 0.0, 0.093205, -0.062137, 0.031068, 0.0, 0.093205, 0.0, -0.093205, 0.0, 0.031068, 0.062137, 0.0, 0.031068, 0.0, 0.031068, 0.0, -0.093205, 0.0, 0.124274, -0.031068, -0.031068, 0.0, -0.093205, 0.062137, 0.0, 0.0, -0.031068, -0.031068, 0.031068, 0.031068, -0.031068, 0.031068, 0.031068, 0.031068, 0.031068, -0.031068, 0.0, 0.0, -0.062137, 0.0, 0.0, -0.186411, 0.031068, 0.0, 0.062137, 0.062137, 0.062137, 0.0, -0.031068, -0.062137, 0.031068, 0.0, 0.031068, 0.031068, 0.031068, 0.0]",12,6,6,159,207,0.5853,0.6233,0.5397,0.4147,1.0,0.7395,0.0833,0.506,2026-09-19T15:26:23
04065ea3-23fd-404b-8649-d8f64f2466e4,P-C6EF7782E8,T7,low,small,google/gemma-3-4b-it,1,Neutral Engagement Agent,You are planning a small gathering at home with friends. How do you organize it so that everything runs smoothly?,"[0.0, -0.038014, -0.038014, -0.038014, -0.038014, 0.076029, -0.076029, 0.0, -0.038014, -0.038014, 0.0, 0.0, 0.076029, 0.038014, -0.038014, 0.0, 0.0, 0.038014, 0.076029, 0.0, 0.038014, 0.114043, -0.076029, 0.0, 0.038014, 0.0, 0.038014, 0.0, 0.0, 0.0, 0.0, 0.038014, 0.038014, 0.038014, 0.076029, -0.038014, -0.076029, 0.076029, 0.0, 0.0, 0.0, 0.0, 0.0, 0.0, 0.0, -0.038014, -0.038014, 0.0, 0.038014, 0.0, 0.0, 0.076029, 0.038014, 0.038014, 0.0, -0.076029, 0.0, 0.038014, -0.038014, 0.0, 0.0, 0.0, 0.038014, 0.0, 0.0, 0.038014, -0.076029, -0.038014, 0.0, 0.038014, -0.076029, 0.076029, -0.038014, -0.038014, -0.076029, -0.038014, 0.076029, -0.076029, -0.076029, -0.038014, 0.0, 0.076029, 0.0, 0.0, 0.0, -0.114043, 0.0, -0.114043, 0.076029, -0.190071, 0.0, 0.038014, -0.038014, -0.076029, 0.0, 0.0, 0.0, -0.076029, 0.038014, -0.076029, 0.0, 0.0, 0.0, 0.0, 0.0, 0.0, 0.038014, -0.038014, 0.0, 0.0, 0.076029, -0.038014, 0.0, 0.038014, -0.076029, 0.152057, 0.0, -0.038014, -0.038014, 0.076029, -0.076029, 0.0, 0.0, 0.0, -0.038014, 0.038014, -0.038014, -0.038014, -0.038014, 0.038014, 0.038014, -0.114043, -0.038014, 0.114043, 0.0, -0.038014, 0.0, 0.038014, -0.038014, -0.038014, -0.076029, 0.038014, 0.0, 0.0, -0.038014, -0.038014, 0.0, 0.0, 0.076029, 0.038014, 0.0, -0.114043, -0.038014, 0.038014, 0.038014, 0.0, 0.0, 0.038014, 0.114043, 0.0, -0.038014, 0.076029, -0.038014, -0.076029, -0.038014, 0.038014, -0.038014, 0.038014, 0.0, 0.0, 0.0, 0.0, -0.038014, 0.0, -0.038014, -0.038014, 0.0, 0.076029, -0.038014, 0.038014, -0.038014, -0.038014, 0.0, 0.114043, -0.076029, -0.076029, 0.038014, 0.0, 0.038014, 0.038014, -0.038014, 0.076029, 0.190071, -0.076029, -0.076029, 0.0, 0.076029, -0.038014, 0.038014, 0.0, 0.0, 0.038014, 0.038014, 0.0, 0.0, 0.0, -0.076029, -0.038014, 0.076029, -0.114043, 0.076029, 0.038014, 0.0, 0.076029, 0.0, 0.038014, -0.038014, 0.0, -0.038014, -0.038014, 0.038014, -0.038014, 0.076029, -0.076029, 0.076029, -0.076029, 0.0, 0.190071, -0.038014, 0.076029, -0.076029, 0.0, -0.038014, -0.038014, 0.0, -0.038014, 0.0, 0.0, 0.038014, 0.0, -0.038014, -0.076029, 0.076029, 0.152057, 0.038014, -0.076029, 0.038014, 0.038014, 0.114043, -0.038014, -0.038014, 0.038014, 0.076029, 0.0, -0.038014, -0.038014, -0.114043, -0.076029, 0.0, 0.038014, 0.038014, 0.038014, 0.0, 0.038014, 0.038014, 0.0, 0.0, 0.0, 0.0, 0.076029, -0.038014, 0.038014, 0.076029, 0.0, 0.0, -0.076029, 0.038014, -0.076029, 0.0, 0.0, 0.076029, 0.038014, 0.038014, 0.0, 0.0, 0.0, -0.076029, 0.0, 0.0, 0.076029, 0.038014, 0.076029, -0.038014, -0.076029, -0.076029, -0.038014, 0.0, 0.076029, 0.0, -0.038014, -0.038014, 0.0, 0.0, 0.114043, 0.0, 0.0, 0.038014, 0.076029, 0.038014, -0.076029, 0.0, 0.0, -0.114043, 0.0, -0.076029, 0.0, -0.038014, 0.0, 0.076029, -0.038014, 0.0, -0.038014, -0.038014, 0.038014, -0.114043, 0.0, -0.038014, 0.038014, 0.038014, -0.038014, 0.0, 0.114043, 0.0, -0.038014, 0.0, -0.076029, 0.0, -0.038014, 0.0, -0.038014, 0.038014, -0.038014, 0.0, -0.114043, -0.038014, 0.038014, 0.0, 0.0, 0.0, -0.038014, -0.038014, 0.0, 0.0, -0.038014, -0.076029, -0.038014, 0.0, 0.0, 0.0, 0.038014, 0.038014, 0.0, 0.038014, 0.0, 0.0, 0.0, 0.0, -0.038014, 0.0, -0.114043, -0.038014, 0.0, 0.076029, 0.0, 0.038014, 0.038014, -0.038014, -0.038014, 0.038014, 0.0, 0.038014, 0.0, 0.0, -0.038014]",12,6,6,97,125,0.4935,0.532,0.5532,0.5065,1.0,0.9531,0.1667,0.5127,2026-09-19T15:26:23
0d063138-8970-49e5-aeeb-f7c630a979c4,P-C6EF7782E8,T7,low,small,google/gemma-3-4b-it,0,Neutral Engagement Agent,You are planning a small gathering at home with friends. How do you organize it so that everything runs smoothly?,"[0.0, -0.038014, -0.038014, -0.038014, -0.038014, 0.076029, -0.076029, 0.0, -0.038014, -0.038014, 0.0, 0.0, 0.076029, 0.038014, -0.038014, 0.0, 0.0, 0.038014, 0.076029, 0.0, 0.038014, 0.114043, -0.076029, 0.0, 0.038014, 0.0, 0.038014, 0.0, 0.0, 0.0, 0.0, 0.038014, 0.038014, 0.038014, 0.076029, -0.038014, -0.076029, 0.076029, 0.0, 0.0, 0.0, 0.0, 0.0, 0.0, 0.0, -0.038014, -0.038014, 0.0, 0.038014, 0.0, 0.0, 0.076029, 0.038014, 0.038014, 0.0, -0.076029, 0.0, 0.038014, -0.038014, 0.0, 0.0, 0.0, 0.038014, 0.0, 0.0, 0.038014, -0.076029, -0.038014, 0.0, 0.038014, -0.076029, 0.076029, -0.038014, -0.038014, -0.076029, -0.038014, 0.076029, -0.076029, -0.076029, -0.038014, 0.0, 0.076029, 0.0, 0.0, 0.0, -0.114043, 0.0, -0.114043, 0.076029, -0.190071, 0.0, 0.038014, -0.038014, -0.076029, 0.0, 0.0, 0.0, -0.076029, 0.038014, -0.076029, 0.0, 0.0, 0.0, 0.0, 0.0, 0.0, 0.038014, -0.038014, 0.0, 0.0, 0.076029, -0.038014, 0.0, 0.038014, -0.076029, 0.152057, 0.0, -0.038014, -0.038014, 0.076029, -0.076029, 0.0, 0.0, 0.0, -0.038014, 0.038014, -0.038014, -0.038014, -0.038014, 0.038014, 0.038014, -0.114043, -0.038014, 0.114043, 0.0, -0.038014, 0.0, 0.038014, -0.038014, -0.038014, -0.076029, 0.038014, 0.0, 0.0, -0.038014, -0.038014, 0.0, 0.0, 0.076029, 0.038014, 0.0, -0.114043, -0.038014, 0.038014, 0.038014, 0.0, 0.0, 0.038014, 0.114043, 0.0, -0.038014, 0.076029, -0.038014, -0.076029, -0.038014, 0.038014, -0.038014, 0.038014, 0.0, 0.0, 0.0, 0.0, -0.038014, 0.0, -0.038014, -0.038014, 0.0, 0.076029, -0.038014, 0.038014, -0.038014, -0.038014, 0.0, 0.114043, -0.076029, -0.076029, 0.038014, 0.0, 0.038014, 0.038014, -0.038014, 0.076029, 0.190071, -0.076029, -0.076029, 0.0, 0.076029, -0.038014, 0.038014, 0.0, 0.0, 0.038014, 0.038014, 0.0, 0.0, 0.0, -0.076029, -0.038014, 0.076029, -0.114043, 0.076029, 0.038014, 0.0, 0.076029, 0.0, 0.038014, -0.038014, 0.0, -0.038014, -0.038014, 0.038014, -0.038014, 0.076029, -0.076029, 0.076029, -0.076029, 0.0, 0.190071, -0.038014, 0.076029, -0.076029, 0.0, -0.038014, -0.038014, 0.0, -0.038014, 0.0, 0.0, 0.038014, 0.0, -0.038014, -0.076029, 0.076029, 0.152057, 0.038014, -0.076029, 0.038014, 0.038014, 0.114043, -0.038014, -0.038014, 0.038014, 0.076029, 0.0, -0.038014, -0.038014, -0.114043, -0.076029, 0.0, 0.038014, 0.038014, 0.038014, 0.0, 0.038014, 0.038014, 0.0, 0.0, 0.0, 0.0, 0.076029, -0.038014, 0.038014, 0.076029, 0.0, 0.0, -0.076029, 0.038014, -0.076029, 0.0, 0.0, 0.076029, 0.038014, 0.038014, 0.0, 0.0, 0.0, -0.076029, 0.0, 0.0, 0.076029, 0.038014, 0.076029, -0.038014, -0.076029, -0.076029, -0.038014, 0.0, 0.076029, 0.0, -0.038014, -0.038014, 0.0, 0.0, 0.114043, 0.0, 0.0, 0.038014, 0.076029, 0.038014, -0.076029, 0.0, 0.0, -0.114043, 0.0, -0.076029, 0.0, -0.038014, 0.0, 0.076029, -0.038014, 0.0, -0.038014, -0.038014, 0.038014, -0.114043, 0.0, -0.038014, 0.038014, 0.038014, -0.038014, 0.0, 0.114043, 0.0, -0.038014, 0.0, -0.076029, 0.0, -0.038014, 0.0, -0.038014, 0.038014, -0.038014, 0.0, -0.114043, -0.038014, 0.038014, 0.0, 0.0, 0.0, -0.038014, -0.038014, 0.0, 0.0, -0.038014, -0.076029, -0.038014, 0.0, 0.0, 0.0, 0.038014, 0.038014, 0.0, 0.038014, 0.0, 0.0, 0.0, 0.0, -0.038014, 0.0, -0.114043, -0.038014, 0.0, 0.076029, 0.0, 0.038014, 0.038014, -0.038014, -0.038014, 0.038014, 0.0, 0.038014, 0.0, 0.0, -0.038014]",12,6,6,114,147,0.5089,0.5324,0.5322,0.4911,1.0,0.8375,0.1667,0.5089,2026-09-19T15:26:23
21829a0c-5ecf-4ba5-81b0-84dbb839c406,P-C6EF7782E8,T8,high,small,google/gemma-3-4b-it,1,Neutral Engagement Agent,You have a few free days and are thinking about visiting a place in Greece you have never been before. How do you choose where to go?,"[0.05712, -0.05712, -0.02856, -0.05712, 0.02856, 0.0, 0.0, -0.114239, 0.02856, 0.0, 0.02856, 0.05712, 0.085679, 0.0, 0.02856, 0.0, -0.02856, 0.05712, 0.0, 0.0, 0.02856, -0.02856, -0.05712, -0.02856, -0.05712, 0.085679, 0.0, 0.0, -0.02856, 0.05712, -0.02856, 0.02856, -0.02856, 0.085679, 0.085679, -0.085679, 0.02856, 0.02856, 0.05712, -0.02856, 0.0, 0.0, 0.0, -0.085679, -0.02856, -0.05712, 0.0, 0.0, 0.0, -0.02856, 0.05712, 0.0, 0.0, -0.02856, 0.0, -0.02856, 0.0, 0.02856, 0.0, -0.02856, 0.02856, 0.0, -0.02856, 0.0, 0.02856, 0.0, 0.02856, -0.05712, 0.0, 0.0, 0.0, 0.0, 0.0, 0.02856, 0.02856, 0.0, 0.0, 0.05712, 0.0, 0.05712, 0.0, 0.142799, 0.0, -0.05712, -0.02856, -0.085679, 0.0, -0.142799, 0.02856, -0.085679, 0.02856, -0.05712, 0.0, 0.0, -0.02856, -0.085679, 0.085679, 0.0, -0.02856, -0.05712, 0.0, -0.05712, 0.0, 0.085679, 0.0, -0.02856, 0.0, 0.0, 0.02856, 0.0, 0.0, -0.05712, 0.02856, 0.05712, -0.085679, 0.02856, -0.02856, 0.0, -0.02856, 0.0, 0.02856, -0.05712, -0.05712, 0.0, 0.05712, 0.0, 0.02856, -0.02856, 0.0, 0.085679, -0.02856, 0.05712, 0.0, 0.199918, 0.0, -0.05712, 0.0, -0.02856, 0.0, -0.02856, -0.02856, 0.02856, -0.05712, -0.085679, 0.0, -0.02856, 0.0, -0.02856, 0.05712, 0.02856, -0.02856, -0.114239, 0.02856, -0.02856, 0.02856, 0.05712, 0.0, 0.05712, 0.114239, 0.0, 0.02856, 0.085679, -0.02856, 0.114239, -0.171359, 0.085679, 0.0, 0.0, 0.0, 0.0, 0.0, 0.05712, -0.085679, 0.142799, 0.05712, 0.02856, 0.02856, -0.085679, 0.02856, 0.02856, 0.05712, -0.05712, 0.171359, 0.0, 0.02856, 0.0, 0.05712, 0.05712, 0.0, 0.085679, 0.05712, 0.05712, 0.05712, 0.05712, -0.142799, 0.05712, 0.05712, 0.0, 0.0, 0.05712, 0.02856, 0.085679, -0.02856, 0.0, -0.02856, 0.02856, 0.05712, -0.02856, -0.02856, -0.142799, 0.02856, 0.02856, 0.085679, -0.02856, 0.05712, 0.05712, 0.0, 0.05712, -0.02856, 0.0, -0.02856, -0.02856, 0.0, -0.05712, 0.02856, 0.02856, -0.05712, 0.114239, -0.114239, 0.02856, 0.0, 0.02856, 0.0, 0.0, 0.02856, -0.02856, -0.02856, 0.02856, 0.0, -0.085679, -0.02856, 0.0, 0.02856, 0.171359, 0.114239, 0.02856, 0.02856, -0.02856, 0.05712, 0.02856, -0.02856, 0.0, 0.085679, 0.0, 0.0, 0.02856, -0.085679, -0.114239, 0.0, 0.085679, 0.02856, -0.05712, -0.02856, 0.02856, 0.02856, 0.0, 0.02856, 0.02856, 0.05712, 0.02856, -0.02856, 0.05712, 0.05712, -0.02856, 0.05712, 0.02856, 0.05712, -0.02856, -0.114239, 0.02856, -0.114239, 0.0, 0.0, -0.02856, 0.0, 0.05712, 0.0, -0.02856, -0.05712, 0.0, -0.02856, -0.05712, -0.02856, 0.02856, -0.02856, -0.05712, 0.0, 0.0, -0.02856, 0.0, -0.02856, -0.02856, 0.02856, 0.114239, 0.0, -0.02856, 0.02856, 0.02856, 0.02856, 0.02856, 0.0, 0.02856, -0.085679, 0.0, 0.05712, -0.05712, 0.0, -0.02856, 0.0, 0.02856, 0.0, 0.0, 0.05712, 0.085679, -0.05712, 0.085679, -0.05712, 0.0, 0.0, 0.0, -0.114239, 0.02856, 0.0, -0.02856, 0.02856, -0.02856, 0.05712, 0.0, 0.0, 0.02856, 0.0, 0.02856, 0.0, 0.02856, -0.02856, -0.02856, 0.02856, -0.02856, 0.0, -0.05712, -0.02856, 0.05712, -0.02856, 0.0, -0.05712, -0.02856, 0.02856, 0.0, 0.02856, 0.02856, 0.085679, 0.0, 0.0, 0.0, -0.02856, 0.02856, -0.02856, 0.0, 0.0, -0.199918, 0.05712, 0.0, 0.05712, 0.0, 0.05712, 0.02856, -0.05712, 0.05712, 0.05712, 0.05712, 0.02856, 0.0, 0.0, -0.02856]",12,6,6,98,128,0.5449,0.5465,0.5402,0.4551,1.0,0.5802,0.25,0.527,2026-09-19T15:26:23
32ab8aaa-a0e0-4e95-9da8-bf2be567ee63,P-C6EF7782E8,T7,low,medium,google/gemma-4-31b-it,1,Neutral Engagement Agent,You are organizing a small birthday celebration at home. How do you make sure everything is ready?,"[0.0411, 0.0, 0.0, -0.0411, -0.082199, 0.0, 0.0, 0.0, 0.0411, -0.0411, 0.0, 0.0411, 0.082199, 0.0, -0.0411, 0.0411, -0.0411, 0.0, 0.0, 0.0411, 0.0411, 0.082199, -0.082199, 0.0, 0.0, 0.0, 0.0, 0.0, 0.0, 0.0411, -0.0411, 0.0, 0.0, 0.082199, 0.123299, -0.082199, -0.0411, 0.0411, 0.0411, 0.0411, 0.0, -0.0411, 0.0411, 0.0, 0.0, -0.082199, 0.0411, -0.0411, 0.0, -0.0411, 0.0, 0.0411, 0.0, 0.0, 0.0, -0.0411, 0.0, -0.0411, 0.0411, -0.0411, 0.0, 0.0, 0.0411, 0.0411, 0.0, -0.123299, 0.0, -0.0411, 0.0, -0.082199, -0.0411, 0.0411, 0.0, -0.0411, 0.0, -0.082199, 0.082199, -0.082199, -0.123299, -0.0411, 0.0411, 0.082199, -0.0411, -0.0411, 0.0, -0.123299, 0.0, -0.123299, 0.0411, -0.082199, 0.0, 0.123299, -0.082199, -0.082199, -0.0411, 0.0, 0.0, -0.082199, 0.0411, 0.0, 0.0411, 0.0, -0.0411, 0.0411, 0.0411, 0.0411, 0.0, 0.0, 0.0411, 0.0411, 0.0411, 0.0, 0.0, 0.0411, -0.082199, 0.082199, -0.082199, -0.0411, -0.0411, 0.0, 0.0, -0.0411, -0.0411, 0.0, 0.0, 0.0, -0.082199, 0.0, -0.0411, 0.0411, 0.082199, 0.0, -0.0411, 0.164399, -0.0411, 0.0411, 0.0, -0.082199, 0.0, 0.0, -0.082199, 0.0, 0.0, 0.0411, 0.0411, 0.0, 0.0, -0.0411, 0.0411, 0.0411, 0.0, -0.164399, 0.0, 0.0411, 0.0, -0.0411, 0.0, 0.0411, 0.123299, -0.082199, 0.0, -0.0411, 0.0, 0.0, -0.0411, 0.0411, 0.0411, 0.0411, 0.0, 0.0411, 0.0411, 0.0411, 0.0, 0.0411, 0.0, 0.0, 0.164399, 0.082199, -0.0411, 0.0, -0.123299, 0.0, 0.082199, 0.0411, -0.082199, 0.0, 0.0411, 0.082199, 0.0411, 0.0411, 0.0, 0.123299, 0.082199, -0.0411, -0.082199, 0.0, 0.082199, 0.0, 0.0, 0.0, 0.0, -0.0411, 0.0411, -0.0411, -0.0411, 0.0411, 0.0, 0.0, 0.0, -0.082199, 0.0411, 0.0, 0.0, 0.0, 0.0411, 0.082199, -0.0411, -0.082199, -0.0411, 0.0, 0.0411, 0.0, 0.082199, -0.082199, -0.0411, 0.0, -0.0411, 0.164399, -0.164399, 0.0411, 0.0, -0.082199, -0.123299, -0.082199, 0.0, -0.082199, 0.0, 0.0, 0.0, 0.0411, 0.0, -0.0411, 0.082199, 0.082199, 0.0411, -0.0411, 0.0, 0.082199, 0.0411, 0.0411, -0.0411, 0.0, 0.0411, 0.0411, 0.0411, -0.082199, -0.0411, -0.0411, -0.0411, 0.0411, 0.0, -0.0411, 0.0, 0.0411, 0.0, -0.082199, -0.0411, 0.0411, 0.0411, 0.082199, -0.0411, -0.0411, 0.0411, -0.0411, -0.0411, -0.0411, 0.0, -0.082199, 0.0, 0.0411, 0.0411, -0.0411, 0.0, 0.0, 0.0, 0.0411, -0.0411, 0.0, 0.0, 0.0, 0.0, 0.0411, 0.0, 0.0411, 0.0, 0.0, -0.0411, 0.123299, 0.0, 0.0, 0.0, 0.0411, 0.0, 0.0, 0.0, 0.082199, -0.0411, 0.0411, 0.0, 0.0, 0.082199, 0.0, -0.123299, 0.0411, -0.123299, 0.0411, 0.0, 0.0, 0.0, 0.0, 0.0, -0.0411, 0.0, 0.0411, -0.082199, 0.0, -0.0411, 0.0411, 0.0, 0.0, 0.0411, 0.123299, 0.0, -0.0411, 0.082199, -0.0411, 0.0, -0.0411, 0.0, 0.0, 0.0, -0.082199, -0.0411, -0.082199, 0.0, 0.0, 0.0, 0.0, -0.0411, -0.0411, 0.0, 0.0, 0.0, -0.0411, -0.0411, -0.0411, 0.0, 0.0411, 0.0, 0.0411, 0.0, 0.0411, 0.0, 0.0, 0.0, -0.0411, -0.0411, -0.082199, 0.0, -0.123299, 0.0, 0.0, 0.0411, -0.082199, 0.0, 0.0, -0.082199, 0.0, 0.0, 0.0, 0.0411, 0.0, -0.0411, -0.082199]",12,6,6,201,263,0.5588,0.5935,0.5605,0.4412,1.0,0.9924,0.0833,0.5085,2026-09-19T15:26:23
3bc96e5d-c34b-4b60-940d-0277ec63c483,P-C6EF7782E8,T7,low,medium,google/gemma-4-31b-it,0,Neutral Engagement Agent,You are planning a small gathering at home with friends. How do you organize it so that everything runs smoothly?,"[0.0, -0.038014, -0.038014, -0.038014, -0.038014, 0.076029, -0.076029, 0.0, -0.038014, -0.038014, 0.0, 0.0, 0.076029, 0.038014, -0.038014, 0.0, 0.0, 0.038014, 0.076029, 0.0, 0.038014, 0.114043, -0.076029, 0.0, 0.038014, 0.0, 0.038014, 0.0, 0.0, 0.0, 0.0, 0.038014, 0.038014, 0.038014, 0.076029, -0.038014, -0.076029, 0.076029, 0.0, 0.0, 0.0, 0.0, 0.0, 0.0, 0.0, -0.038014, -0.038014, 0.0, 0.038014, 0.0, 0.0, 0.076029, 0.038014, 0.038014, 0.0, -0.076029, 0.0, 0.038014, -0.038014, 0.0, 0.0, 0.0, 0.038014, 0.0, 0.0, 0.038014, -0.076029, -0.038014, 0.0, 0.038014, -0.076029, 0.076029, -0.038014, -0.038014, -0.076029, -0.038014, 0.076029, -0.076029, -0.076029, -0.038014, 0.0, 0.076029, 0.0, 0.0, 0.0, -0.114043, 0.0, -0.114043, 0.076029, -0.190071, 0.0, 0.038014, -0.038014, -0.076029, 0.0, 0.0, 0.0, -0.076029, 0.038014, -0.076029, 0.0, 0.0, 0.0, 0.0, 0.0, 0.0, 0.038014, -0.038014, 0.0, 0.0, 0.076029, -0.038014, 0.0, 0.038014, -0.076029, 0.152057, 0.0, -0.038014, -0.038014, 0.076029, -0.076029, 0.0, 0.0, 0.0, -0.038014, 0.038014, -0.038014, -0.038014, -0.038014, 0.038014, 0.038014, -0.114043, -0.038014, 0.114043, 0.0, -0.038014, 0.0, 0.038014, -0.038014, -0.038014, -0.076029, 0.038014, 0.0, 0.0, -0.038014, -0.038014, 0.0, 0.0, 0.076029, 0.038014, 0.0, -0.114043, -0.038014, 0.038014, 0.038014, 0.0, 0.0, 0.038014, 0.114043, 0.0, -0.038014, 0.076029, -0.038014, -0.076029, -0.038014, 0.038014, -0.038014, 0.038014, 0.0, 0.0, 0.0, 0.0, -0.038014, 0.0, -0.038014, -0.038014, 0.0, 0.076029, -0.038014, 0.038014, -0.038014, -0.038014, 0.0, 0.114043, -0.076029, -0.076029, 0.038014, 0.0, 0.038014, 0.038014, -0.038014, 0.076029, 0.190071, -0.076029, -0.076029, 0.0, 0.076029, -0.038014, 0.038014, 0.0, 0.0, 0.038014, 0.038014, 0.0, 0.0, 0.0, -0.076029, -0.038014, 0.076029, -0.114043, 0.076029, 0.038014, 0.0, 0.076029, 0.0, 0.038014, -0.038014, 0.0, -0.038014, -0.038014, 0.038014, -0.038014, 0.076029, -0.076029, 0.076029, -0.076029, 0.0, 0.190071, -0.038014, 0.076029, -0.076029, 0.0, -0.038014, -0.038014, 0.0, -0.038014, 0.0, 0.0, 0.038014, 0.0, -0.038014, -0.076029, 0.076029, 0.152057, 0.038014, -0.076029, 0.038014, 0.038014, 0.114043, -0.038014, -0.038014, 0.038014, 0.076029, 0.0, -0.038014, -0.038014, -0.114043, -0.076029, 0.0, 0.038014, 0.038014, 0.038014, 0.0, 0.038014, 0.038014, 0.0, 0.0, 0.0, 0.0, 0.076029, -0.038014, 0.038014, 0.076029, 0.0, 0.0, -0.076029, 0.038014, -0.076029, 0.0, 0.0, 0.076029, 0.038014, 0.038014, 0.0, 0.0, 0.0, -0.076029, 0.0, 0.0, 0.076029, 0.038014, 0.076029, -0.038014, -0.076029, -0.076029, -0.038014, 0.0, 0.076029, 0.0, -0.038014, -0.038014, 0.0, 0.0, 0.114043, 0.0, 0.0, 0.038014, 0.076029, 0.038014, -0.076029, 0.0, 0.0, -0.114043, 0.0, -0.076029, 0.0, -0.038014, 0.0, 0.076029, -0.038014, 0.0, -0.038014, -0.038014, 0.038014, -0.114043, 0.0, -0.038014, 0.038014, 0.038014, -0.038014, 0.0, 0.114043, 0.0, -0.038014, 0.0, -0.076029, 0.0, -0.038014, 0.0, -0.038014, 0.038014, -0.038014, 0.0, -0.114043, -0.038014, 0.038014, 0.0, 0.0, 0.0, -0.038014, -0.038014, 0.0, 0.0, -0.038014, -0.076029, -0.038014, 0.0, 0.0, 0.0, 0.038014, 0.038014, 0.0, 0.038014, 0.0, 0.0, 0.0, 0.0, -0.038014, 0.0, -0.114043, -0.038014, 0.0, 0.076029, 0.0, 0.038014, 0.038014, -0.038014, -0.038014, 0.038014, 0.0, 0.038014, 0.0, 0.0, -0.038014]",12,6,6,212,275,0.5554,0.5853,0.5449,0.4446,1.0,0.9504,0.1667,0.5168,2026-09-19T15:26:23
3e1215dc-ba1d-45dc-ad1c-adeb348bc7ec,P-C6EF7782E8,T8,high,medium,google/gemma-4-31b-it,1,Neutral Engagement Agent,"You are considering a short trip to another region of Greece. What kind of experience are you looking for, and how do you decide?","[0.121716, -0.030429, 0.0, -0.030429, 0.030429, 0.030429, 0.0, -0.060858, 0.0, 0.0, 0.030429, 0.030429, 0.060858, 0.030429, 0.0, -0.030429, 0.0, 0.030429, -0.091287, -0.030429, 0.030429, -0.060858, -0.121716, -0.091287, -0.030429, 0.060858, 0.0, -0.030429, 0.030429, 0.030429, 0.030429, -0.030429, 0.060858, 0.091287, 0.091287, 0.0, 0.0, 0.030429, 0.030429, -0.030429, -0.091287, 0.0, 0.030429, -0.060858, 0.0, -0.030429, 0.0, -0.030429, -0.030429, 0.0, 0.0, 0.091287, -0.030429, 0.0, 0.030429, -0.030429, 0.0, 0.0, 0.060858, -0.060858, 0.030429, -0.060858, -0.030429, 0.0, 0.0, -0.030429, 0.0, -0.060858, 0.030429, 0.0, 0.060858, -0.060858, -0.060858, 0.030429, 0.0, 0.0, 0.091287, -0.030429, 0.0, 0.0, 0.0, 0.060858, 0.030429, 0.0, 0.060858, -0.060858, 0.0, -0.121716, 0.091287, -0.060858, 0.030429, 0.060858, 0.030429, -0.091287, 0.0, -0.030429, 0.030429, 0.0, -0.060858, -0.060858, -0.060858, 0.0, -0.030429, -0.030429, 0.0, -0.030429, -0.060858, 0.0, 0.030429, 0.0, 0.060858, -0.030429, 0.0, 0.0, -0.060858, 0.060858, -0.091287, -0.030429, -0.030429, -0.030429, 0.030429, 0.0, 0.0, 0.030429, 0.030429, -0.030429, -0.060858, 0.0, 0.0, 0.060858, -0.030429, -0.030429, -0.060858, 0.152145, -0.091287, -0.060858, 0.030429, -0.060858, -0.060858, 0.0, 0.0, -0.030429, 0.0, -0.030429, 0.0, -0.060858, 0.0, 0.0, 0.030429, 0.0, -0.030429, -0.060858, 0.030429, -0.060858, 0.030429, 0.060858, 0.0, 0.060858, 0.121716, 0.0, -0.030429, -0.060858, 0.0, 0.060858, -0.091287, 0.0, -0.030429, 0.030429, 0.060858, -0.030429, -0.060858, 0.030429, -0.091287, 0.091287, -0.060858, 0.0, -0.091287, 0.0, -0.030429, 0.091287, -0.060858, -0.030429, 0.091287, -0.030429, 0.030429, -0.030429, 0.030429, 0.091287, 0.060858, 0.030429, -0.030429, 0.060858, 0.060858, 0.0, -0.060858, 0.060858, 0.030429, 0.030429, 0.0, 0.121716, -0.030429, 0.030429, -0.060858, 0.060858, -0.060858, 0.0, 0.030429, -0.030429, 0.0, -0.152145, -0.060858, 0.0, 0.0, -0.030429, 0.0, 0.030429, -0.121716, 0.030429, 0.0, 0.060858, -0.030429, 0.0, 0.0, -0.030429, 0.060858, -0.121716, -0.060858, 0.182574, -0.121716, 0.0, 0.030429, 0.0, -0.060858, -0.152145, -0.091287, -0.030429, 0.0, 0.030429, -0.030429, 0.0, -0.030429, 0.0, 0.0, 0.091287, 0.060858, 0.0, -0.030429, 0.030429, 0.0, 0.0, 0.030429, -0.030429, 0.030429, -0.030429, -0.030429, 0.030429, -0.060858, -0.060858, 0.030429, 0.060858, 0.0, 0.0, -0.030429, 0.0, 0.060858, -0.060858, 0.030429, 0.0, -0.030429, 0.091287, -0.091287, 0.030429, -0.030429, -0.091287, 0.030429, -0.091287, 0.0, -0.030429, 0.0, 0.0, 0.0, 0.030429, -0.030429, 0.0, 0.091287, 0.091287, -0.030429, 0.0, 0.060858, 0.0, 0.0, -0.030429, -0.030429, 0.060858, -0.030429, -0.091287, 0.0, 0.030429, 0.0, -0.091287, 0.030429, -0.030429, 0.0, 0.030429, 0.060858, 0.0, 0.0, 0.060858, 0.060858, -0.060858, 0.0, 0.060858, -0.091287, -0.030429, -0.091287, -0.030429, 0.0, -0.030429, 0.030429, 0.030429, 0.0, -0.030429, -0.060858, 0.091287, -0.091287, 0.091287, -0.030429, 0.060858, 0.0, 0.0, -0.060858, 0.152145, -0.030429, 0.060858, 0.060858, -0.060858, 0.0, 0.030429, 0.030429, 0.030429, 0.030429, 0.0, 0.060858, 0.0, -0.060858, 0.0, 0.030429, 0.0, 0.0, -0.060858, 0.0, 0.0, 0.030429, -0.060858, -0.030429, -0.030429, 0.0, 0.0, 0.0, 0.0, 0.091287, 0.0, 0.030429, 0.0, 0.030429, 0.0, 0.0, -0.030429, 0.0, -0.213003, 0.030429, -0.030429, 0.030429, -0.060858, 0.030429, 0.030429, -0.060858, 0.0, -0.030429, 0.0, 0.0, 0.0, -0.030429, -0.030429]",12,6,6,171,224,0.556,0.5833,0.6014,0.444,1.0,0.8065,0.0,0.506,2026-09-19T15:26:23
90d5ef03-ec17-4842-8f3d-5db71b3b7e81,P-C6EF7782E8,T7,low,small,google/gemma-3-4b-it,1,Neutral Engagement Agent,You are organizing a small birthday celebration at home. How do you make sure everything is ready?,"[0.0411, 0.0, 0.0, -0.0411, -0.082199, 0.0, 0.0, 0.0, 0.0411, -0.0411, 0.0, 0.0411, 0.082199, 0.0, -0.0411, 0.0411, -0.0411, 0.0, 0.0, 0.0411, 0.0411, 0.082199, -0.082199, 0.0, 0.0, 0.0, 0.0, 0.0, 0.0, 0.0411, -0.0411, 0.0, 0.0, 0.082199, 0.123299, -0.082199, -0.0411, 0.0411, 0.0411, 0.0411, 0.0, -0.0411, 0.0411, 0.0, 0.0, -0.082199, 0.0411, -0.0411, 0.0, -0.0411, 0.0, 0.0411, 0.0, 0.0, 0.0, -0.0411, 0.0, -0.0411, 0.0411, -0.0411, 0.0, 0.0, 0.0411, 0.0411, 0.0, -0.123299, 0.0, -0.0411, 0.0, -0.082199, -0.0411, 0.0411, 0.0, -0.0411, 0.0, -0.082199, 0.082199, -0.082199, -0.123299, -0.0411, 0.0411, 0.082199, -0.0411, -0.0411, 0.0, -0.123299, 0.0, -0.123299, 0.0411, -0.082199, 0.0, 0.123299, -0.082199, -0.082199, -0.0411, 0.0, 0.0, -0.082199, 0.0411, 0.0, 0.0411, 0.0, -0.0411, 0.0411, 0.0411, 0.0411, 0.0, 0.0, 0.0411, 0.0411, 0.0411, 0.0, 0.0, 0.0411, -0.082199, 0.082199, -0.082199, -0.0411, -0.0411, 0.0, 0.0, -0.0411, -0.0411, 0.0, 0.0, 0.0, -0.082199, 0.0, -0.0411, 0.0411, 0.082199, 0.0, -0.0411, 0.164399, -0.0411, 0.0411, 0.0, -0.082199, 0.0, 0.0, -0.082199, 0.0, 0.0, 0.0411, 0.0411, 0.0, 0.0, -0.0411, 0.0411, 0.0411, 0.0, -0.164399, 0.0, 0.0411, 0.0, -0.0411, 0.0, 0.0411, 0.123299, -0.082199, 0.0, -0.0411, 0.0, 0.0, -0.0411, 0.0411, 0.0411, 0.0411, 0.0, 0.0411, 0.0411, 0.0411, 0.0, 0.0411, 0.0, 0.0, 0.164399, 0.082199, -0.0411, 0.0, -0.123299, 0.0, 0.082199, 0.0411, -0.082199, 0.0, 0.0411, 0.082199, 0.0411, 0.0411, 0.0, 0.123299, 0.082199, -0.0411, -0.082199, 0.0, 0.082199, 0.0, 0.0, 0.0, 0.0, -0.0411, 0.0411, -0.0411, -0.0411, 0.0411, 0.0, 0.0, 0.0, -0.082199, 0.0411, 0.0, 0.0, 0.0, 0.0411, 0.082199, -0.0411, -0.082199, -0.0411, 0.0, 0.0411, 0.0, 0.082199, -0.082199, -0.0411, 0.0, -0.0411, 0.164399, -0.164399, 0.0411, 0.0, -0.082199, -0.123299, -0.082199, 0.0, -0.082199, 0.0, 0.0, 0.0, 0.0411, 0.0, -0.0411, 0.082199, 0.082199, 0.0411, -0.0411, 0.0, 0.082199, 0.0411, 0.0411, -0.0411, 0.0, 0.0411, 0.0411, 0.0411, -0.082199, -0.0411, -0.0411, -0.0411, 0.0411, 0.0, -0.0411, 0.0, 0.0411, 0.0, -0.082199, -0.0411, 0.0411, 0.0411, 0.082199, -0.0411, -0.0411, 0.0411, -0.0411, -0.0411, -0.0411, 0.0, -0.082199, 0.0, 0.0411, 0.0411, -0.0411, 0.0, 0.0, 0.0, 0.0411, -0.0411, 0.0, 0.0, 0.0, 0.0, 0.0411, 0.0, 0.0411, 0.0, 0.0, -0.0411, 0.123299, 0.0, 0.0, 0.0, 0.0411, 0.0, 0.0, 0.0, 0.082199, -0.0411, 0.0411, 0.0, 0.0, 0.082199, 0.0, -0.123299, 0.0411, -0.123299, 0.0411, 0.0, 0.0, 0.0, 0.0, 0.0, -0.0411, 0.0, 0.0411, -0.082199, 0.0, -0.0411, 0.0411, 0.0, 0.0, 0.0411, 0.123299, 0.0, -0.0411, 0.082199, -0.0411, 0.0, -0.0411, 0.0, 0.0, 0.0, -0.082199, -0.0411, -0.082199, 0.0, 0.0, 0.0, 0.0, -0.0411, -0.0411, 0.0, 0.0, 0.0, -0.0411, -0.0411, -0.0411, 0.0, 0.0411, 0.0, 0.0411, 0.0, 0.0411, 0.0, 0.0, 0.0, -0.0411, -0.0411, -0.082199, 0.0, -0.123299, 0.0, 0.0, 0.0411, -0.082199, 0.0, 0.0, -0.082199, 0.0, 0.0, 0.0, 0.0411, 0.0, -0.0411, -0.082199]",12,6,6,114,147,0.5596,0.559,0.5573,0.4404,1.0,0.7927,0.1667,0.5203,2026-09-19T15:26:23
97295551-33e1-494b-b619-a9495dda11c7,P-C6EF7782E8,T7,low,medium,google/gemma-4-31b-it,0,Neutral Engagement Agent,You are organizing a small birthday celebration at home. How do you make sure everything is ready?,"[0.0411, 0.0, 0.0, -0.0411, -0.082199, 0.0, 0.0, 0.0, 0.0411, -0.0411, 0.0, 0.0411, 0.082199, 0.0, -0.0411, 0.0411, -0.0411, 0.0, 0.0, 0.0411, 0.0411, 0.082199, -0.082199, 0.0, 0.0, 0.0, 0.0, 0.0, 0.0, 0.0411, -0.0411, 0.0, 0.0, 0.082199, 0.123299, -0.082199, -0.0411, 0.0411, 0.0411, 0.0411, 0.0, -0.0411, 0.0411, 0.0, 0.0, -0.082199, 0.0411, -0.0411, 0.0, -0.0411, 0.0, 0.0411, 0.0, 0.0, 0.0, -0.0411, 0.0, -0.0411, 0.0411, -0.0411, 0.0, 0.0, 0.0411, 0.0411, 0.0, -0.123299, 0.0, -0.0411, 0.0, -0.082199, -0.0411, 0.0411, 0.0, -0.0411, 0.0, -0.082199, 0.082199, -0.082199, -0.123299, -0.0411, 0.0411, 0.082199, -0.0411, -0.0411, 0.0, -0.123299, 0.0, -0.123299, 0.0411, -0.082199, 0.0, 0.123299, -0.082199, -0.082199, -0.0411, 0.0, 0.0, -0.082199, 0.0411, 0.0, 0.0411, 0.0, -0.0411, 0.0411, 0.0411, 0.0411, 0.0, 0.0, 0.0411, 0.0411, 0.0411, 0.0, 0.0, 0.0411, -0.082199, 0.082199, -0.082199, -0.0411, -0.0411, 0.0, 0.0, -0.0411, -0.0411, 0.0, 0.0, 0.0, -0.082199, 0.0, -0.0411, 0.0411, 0.082199, 0.0, -0.0411, 0.164399, -0.0411, 0.0411, 0.0, -0.082199, 0.0, 0.0, -0.082199, 0.0, 0.0, 0.0411, 0.0411, 0.0, 0.0, -0.0411, 0.0411, 0.0411, 0.0, -0.164399, 0.0, 0.0411, 0.0, -0.0411, 0.0, 0.0411, 0.123299, -0.082199, 0.0, -0.0411, 0.0, 0.0, -0.0411, 0.0411, 0.0411, 0.0411, 0.0, 0.0411, 0.0411, 0.0411, 0.0, 0.0411, 0.0, 0.0, 0.164399, 0.082199, -0.0411, 0.0, -0.123299, 0.0, 0.082199, 0.0411, -0.082199, 0.0, 0.0411, 0.082199, 0.0411, 0.0411, 0.0, 0.123299, 0.082199, -0.0411, -0.082199, 0.0, 0.082199, 0.0, 0.0, 0.0, 0.0, -0.0411, 0.0411, -0.0411, -0.0411, 0.0411, 0.0, 0.0, 0.0, -0.082199, 0.0411, 0.0, 0.0, 0.0, 0.0411, 0.082199, -0.0411, -0.082199, -0.0411, 0.0, 0.0411, 0.0, 0.082199, -0.082199, -0.0411, 0.0, -0.0411, 0.164399, -0.164399, 0.0411, 0.0, -0.082199, -0.123299, -0.082199, 0.0, -0.082199, 0.0, 0.0, 0.0, 0.0411, 0.0, -0.0411, 0.082199, 0.082199, 0.0411, -0.0411, 0.0, 0.082199, 0.0411, 0.0411, -0.0411, 0.0, 0.0411, 0.0411, 0.0411, -0.082199, -0.0411, -0.0411, -0.0411, 0.0411, 0.0, -0.0411, 0.0, 0.0411, 0.0, -0.082199, -0.0411, 0.0411, 0.0411, 0.082199, -0.0411, -0.0411, 0.0411, -0.0411, -0.0411, -0.0411, 0.0, -0.082199, 0.0, 0.0411, 0.0411, -0.0411, 0.0, 0.0, 0.0, 0.0411, -0.0411, 0.0, 0.0, 0.0, 0.0, 0.0411, 0.0, 0.0411, 0.0, 0.0, -0.0411, 0.123299, 0.0, 0.0, 0.0, 0.0411, 0.0, 0.0, 0.0, 0.082199, -0.0411, 0.0411, 0.0, 0.0, 0.082199, 0.0, -0.123299, 0.0411, -0.123299, 0.0411, 0.0, 0.0, 0.0, 0.0, 0.0, -0.0411, 0.0, 0.0411, -0.082199, 0.0, -0.0411, 0.0411, 0.0, 0.0, 0.0411, 0.123299, 0.0, -0.0411, 0.082199, -0.0411, 0.0, -0.0411, 0.0, 0.0, 0.0, -0.082199, -0.0411, -0.082199, 0.0, 0.0, 0.0, 0.0, -0.0411, -0.0411, 0.0, 0.0, 0.0, -0.0411, -0.0411, -0.0411, 0.0, 0.0411, 0.0, 0.0411, 0.0, 0.0411, 0.0, 0.0, 0.0, -0.0411, -0.0411, -0.082199, 0.0, -0.123299, 0.0, 0.0, 0.0411, -0.082199, 0.0, 0.0, -0.082199, 0.0, 0.0, 0.0, 0.0411, 0.0, -0.0411, -0.082199]",12,6,6,145,189,0.5311,0.5746,0.5635,0.4689,1.0,0.6726,0.25,0.5315,2026-09-19T15:26:23
9a02fd15-fe01-4e7f-9476-9453c6651a07,P-C6EF7782E8,T8,high,medium,google/gemma-4-31b-it,0,Neutral Engagement Agent,You have a few free days and are thinking about visiting a place in Greece you have never been before. How do you choose where to go?,"[0.05712, -0.05712, -0.02856, -0.05712, 0.02856, 0.0, 0.0, -0.114239, 0.02856, 0.0, 0.02856, 0.05712, 0.085679, 0.0, 0.02856, 0.0, -0.02856, 0.05712, 0.0, 0.0, 0.02856, -0.02856, -0.05712, -0.02856, -0.05712, 0.085679, 0.0, 0.0, -0.02856, 0.05712, -0.02856, 0.02856, -0.02856, 0.085679, 0.085679, -0.085679, 0.02856, 0.02856, 0.05712, -0.02856, 0.0, 0.0, 0.0, -0.085679, -0.02856, -0.05712, 0.0, 0.0, 0.0, -0.02856, 0.05712, 0.0, 0.0, -0.02856, 0.0, -0.02856, 0.0, 0.02856, 0.0, -0.02856, 0.02856, 0.0, -0.02856, 0.0, 0.02856, 0.0, 0.02856, -0.05712, 0.0, 0.0, 0.0, 0.0, 0.0, 0.02856, 0.02856, 0.0, 0.0, 0.05712, 0.0, 0.05712, 0.0, 0.142799, 0.0, -0.05712, -0.02856, -0.085679, 0.0, -0.142799, 0.02856, -0.085679, 0.02856, -0.05712, 0.0, 0.0, -0.02856, -0.085679, 0.085679, 0.0, -0.02856, -0.05712, 0.0, -0.05712, 0.0, 0.085679, 0.0, -0.02856, 0.0, 0.0, 0.02856, 0.0, 0.0, -0.05712, 0.02856, 0.05712, -0.085679, 0.02856, -0.02856, 0.0, -0.02856, 0.0, 0.02856, -0.05712, -0.05712, 0.0, 0.05712, 0.0, 0.02856, -0.02856, 0.0, 0.085679, -0.02856, 0.05712, 0.0, 0.199918, 0.0, -0.05712, 0.0, -0.02856, 0.0, -0.02856, -0.02856, 0.02856, -0.05712, -0.085679, 0.0, -0.02856, 0.0, -0.02856, 0.05712, 0.02856, -0.02856, -0.114239, 0.02856, -0.02856, 0.02856, 0.05712, 0.0, 0.05712, 0.114239, 0.0, 0.02856, 0.085679, -0.02856, 0.114239, -0.171359, 0.085679, 0.0, 0.0, 0.0, 0.0, 0.0, 0.05712, -0.085679, 0.142799, 0.05712, 0.02856, 0.02856, -0.085679, 0.02856, 0.02856, 0.05712, -0.05712, 0.171359, 0.0, 0.02856, 0.0, 0.05712, 0.05712, 0.0, 0.085679, 0.05712, 0.05712, 0.05712, 0.05712, -0.142799, 0.05712, 0.05712, 0.0, 0.0, 0.05712, 0.02856, 0.085679, -0.02856, 0.0, -0.02856, 0.02856, 0.05712, -0.02856, -0.02856, -0.142799, 0.02856, 0.02856, 0.085679, -0.02856, 0.05712, 0.05712, 0.0, 0.05712, -0.02856, 0.0, -0.02856, -0.02856, 0.0, -0.05712, 0.02856, 0.02856, -0.05712, 0.114239, -0.114239, 0.02856, 0.0, 0.02856, 0.0, 0.0, 0.02856, -0.02856, -0.02856, 0.02856, 0.0, -0.085679, -0.02856, 0.0, 0.02856, 0.171359, 0.114239, 0.02856, 0.02856, -0.02856, 0.05712, 0.02856, -0.02856, 0.0, 0.085679, 0.0, 0.0, 0.02856, -0.085679, -0.114239, 0.0, 0.085679, 0.02856, -0.05712, -0.02856, 0.02856, 0.02856, 0.0, 0.02856, 0.02856, 0.05712, 0.02856, -0.02856, 0.05712, 0.05712, -0.02856, 0.05712, 0.02856, 0.05712, -0.02856, -0.114239, 0.02856, -0.114239, 0.0, 0.0, -0.02856, 0.0, 0.05712, 0.0, -0.02856, -0.05712, 0.0, -0.02856, -0.05712, -0.02856, 0.02856, -0.02856, -0.05712, 0.0, 0.0, -0.02856, 0.0, -0.02856, -0.02856, 0.02856, 0.114239, 0.0, -0.02856, 0.02856, 0.02856, 0.02856, 0.02856, 0.0, 0.02856, -0.085679, 0.0, 0.05712, -0.05712, 0.0, -0.02856, 0.0, 0.02856, 0.0, 0.0, 0.05712, 0.085679, -0.05712, 0.085679, -0.05712, 0.0, 0.0, 0.0, -0.114239, 0.02856, 0.0, -0.02856, 0.02856, -0.02856, 0.05712, 0.0, 0.0, 0.02856, 0.0, 0.02856, 0.0, 0.02856, -0.02856, -0.02856, 0.02856, -0.02856, 0.0, -0.05712, -0.02856, 0.05712, -0.02856, 0.0, -0.05712, -0.02856, 0.02856, 0.0, 0.02856, 0.02856, 0.085679, 0.0, 0.0, 0.0, -0.02856, 0.02856, -0.02856, 0.0, 0.0, -0.199918, 0.05712, 0.0, 0.05712, 0.0, 0.05712, 0.02856, -0.05712, 0.05712, 0.05712, 0.05712, 0.02856, 0.0, 0.0, -0.02856]",12,6,6,169,220,0.571,0.5933,0.5689,0.429,1.0,0.7742,0.25,0.5368,2026-09-19T15:26:23
abe209dd-9e81-4fd9-b77c-cdbe3e6718c0,P-C6EF7782E8,T8,high,small,google/gemma-3-4b-it,0,Neutral Engagement Agent,You have a few free days and are thinking about visiting a place in Greece you have never been before. How do you choose where to go?,"[0.05712, -0.05712, -0.02856, -0.05712, 0.02856, 0.0, 0.0, -0.114239, 0.02856, 0.0, 0.02856, 0.05712, 0.085679, 0.0, 0.02856, 0.0, -0.02856, 0.05712, 0.0, 0.0, 0.02856, -0.02856, -0.05712, -0.02856, -0.05712, 0.085679, 0.0, 0.0, -0.02856, 0.05712, -0.02856, 0.02856, -0.02856, 0.085679, 0.085679, -0.085679, 0.02856, 0.02856, 0.05712, -0.02856, 0.0, 0.0, 0.0, -0.085679, -0.02856, -0.05712, 0.0, 0.0, 0.0, -0.02856, 0.05712, 0.0, 0.0, -0.02856, 0.0, -0.02856, 0.0, 0.02856, 0.0, -0.02856, 0.02856, 0.0, -0.02856, 0.0, 0.02856, 0.0, 0.02856, -0.05712, 0.0, 0.0, 0.0, 0.0, 0.0, 0.02856, 0.02856, 0.0, 0.0, 0.05712, 0.0, 0.05712, 0.0, 0.142799, 0.0, -0.05712, -0.02856, -0.085679, 0.0, -0.142799, 0.02856, -0.085679, 0.02856, -0.05712, 0.0, 0.0, -0.02856, -0.085679, 0.085679, 0.0, -0.02856, -0.05712, 0.0, -0.05712, 0.0, 0.085679, 0.0, -0.02856, 0.0, 0.0, 0.02856, 0.0, 0.0, -0.05712, 0.02856, 0.05712, -0.085679, 0.02856, -0.02856, 0.0, -0.02856, 0.0, 0.02856, -0.05712, -0.05712, 0.0, 0.05712, 0.0, 0.02856, -0.02856, 0.0, 0.085679, -0.02856, 0.05712, 0.0, 0.199918, 0.0, -0.05712, 0.0, -0.02856, 0.0, -0.02856, -0.02856, 0.02856, -0.05712, -0.085679, 0.0, -0.02856, 0.0, -0.02856, 0.05712, 0.02856, -0.02856, -0.114239, 0.02856, -0.02856, 0.02856, 0.05712, 0.0, 0.05712, 0.114239, 0.0, 0.02856, 0.085679, -0.02856, 0.114239, -0.171359, 0.085679, 0.0, 0.0, 0.0, 0.0, 0.0, 0.05712, -0.085679, 0.142799, 0.05712, 0.02856, 0.02856, -0.085679, 0.02856, 0.02856, 0.05712, -0.05712, 0.171359, 0.0, 0.02856, 0.0, 0.05712, 0.05712, 0.0, 0.085679, 0.05712, 0.05712, 0.05712, 0.05712, -0.142799, 0.05712, 0.05712, 0.0, 0.0, 0.05712, 0.02856, 0.085679, -0.02856, 0.0, -0.02856, 0.02856, 0.05712, -0.02856, -0.02856, -0.142799, 0.02856, 0.02856, 0.085679, -0.02856, 0.05712, 0.05712, 0.0, 0.05712, -0.02856, 0.0, -0.02856, -0.02856, 0.0, -0.05712, 0.02856, 0.02856, -0.05712, 0.114239, -0.114239, 0.02856, 0.0, 0.02856, 0.0, 0.0, 0.02856, -0.02856, -0.02856, 0.02856, 0.0, -0.085679, -0.02856, 0.0, 0.02856, 0.171359, 0.114239, 0.02856, 0.02856, -0.02856, 0.05712, 0.02856, -0.02856, 0.0, 0.085679, 0.0, 0.0, 0.02856, -0.085679, -0.114239, 0.0, 0.085679, 0.02856, -0.05712, -0.02856, 0.02856, 0.02856, 0.0, 0.02856, 0.02856, 0.05712, 0.02856, -0.02856, 0.05712, 0.05712, -0.02856, 0.05712, 0.02856, 0.05712, -0.02856, -0.114239, 0.02856, -0.114239, 0.0, 0.0, -0.02856, 0.0, 0.05712, 0.0, -0.02856, -0.05712, 0.0, -0.02856, -0.05712, -0.02856, 0.02856, -0.02856, -0.05712, 0.0, 0.0, -0.02856, 0.0, -0.02856, -0.02856, 0.02856, 0.114239, 0.0, -0.02856, 0.02856, 0.02856, 0.02856, 0.02856, 0.0, 0.02856, -0.085679, 0.0, 0.05712, -0.05712, 0.0, -0.02856, 0.0, 0.02856, 0.0, 0.0, 0.05712, 0.085679, -0.05712, 0.085679, -0.05712, 0.0, 0.0, 0.0, -0.114239, 0.02856, 0.0, -0.02856, 0.02856, -0.02856, 0.05712, 0.0, 0.0, 0.02856, 0.0, 0.02856, 0.0, 0.02856, -0.02856, -0.02856, 0.02856, -0.02856, 0.0, -0.05712, -0.02856, 0.05712, -0.02856, 0.0, -0.05712, -0.02856, 0.02856, 0.0, 0.02856, 0.02856, 0.085679, 0.0, 0.0, 0.0, -0.02856, 0.02856, -0.02856, 0.0, 0.0, -0.199918, 0.05712, 0.0, 0.05712, 0.0, 0.05712, 0.02856, -0.05712, 0.05712, 0.05712, 0.05712, 0.02856, 0.0, 0.0, -0.02856]",12,6,6,139,180,0.5052,0.5362,0.5523,0.4948,1.0,0.875,0.1667,0.5136,2026-09-19T15:26:23
b26ce9df-efe3-4ead-b8ae-af3a7b75f48f,P-C6EF7782E8,T7,low,medium,google/gemma-4-31b-it,1,Neutral Engagement Agent,You are planning a small gathering at home with friends. How do you organize it so that everything runs smoothly?,"[0.0, -0.038014, -0.038014, -0.038014, -0.038014, 0.076029, -0.076029, 0.0, -0.038014, -0.038014, 0.0, 0.0, 0.076029, 0.038014, -0.038014, 0.0, 0.0, 0.038014, 0.076029, 0.0, 0.038014, 0.114043, -0.076029, 0.0, 0.038014, 0.0, 0.038014, 0.0, 0.0, 0.0, 0.0, 0.038014, 0.038014, 0.038014, 0.076029, -0.038014, -0.076029, 0.076029, 0.0, 0.0, 0.0, 0.0, 0.0, 0.0, 0.0, -0.038014, -0.038014, 0.0, 0.038014, 0.0, 0.0, 0.076029, 0.038014, 0.038014, 0.0, -0.076029, 0.0, 0.038014, -0.038014, 0.0, 0.0, 0.0, 0.038014, 0.0, 0.0, 0.038014, -0.076029, -0.038014, 0.0, 0.038014, -0.076029, 0.076029, -0.038014, -0.038014, -0.076029, -0.038014, 0.076029, -0.076029, -0.076029, -0.038014, 0.0, 0.076029, 0.0, 0.0, 0.0, -0.114043, 0.0, -0.114043, 0.076029, -0.190071, 0.0, 0.038014, -0.038014, -0.076029, 0.0, 0.0, 0.0, -0.076029, 0.038014, -0.076029, 0.0, 0.0, 0.0, 0.0, 0.0, 0.0, 0.038014, -0.038014, 0.0, 0.0, 0.076029, -0.038014, 0.0, 0.038014, -0.076029, 0.152057, 0.0, -0.038014, -0.038014, 0.076029, -0.076029, 0.0, 0.0, 0.0, -0.038014, 0.038014, -0.038014, -0.038014, -0.038014, 0.038014, 0.038014, -0.114043, -0.038014, 0.114043, 0.0, -0.038014, 0.0, 0.038014, -0.038014, -0.038014, -0.076029, 0.038014, 0.0, 0.0, -0.038014, -0.038014, 0.0, 0.0, 0.076029, 0.038014, 0.0, -0.114043, -0.038014, 0.038014, 0.038014, 0.0, 0.0, 0.038014, 0.114043, 0.0, -0.038014, 0.076029, -0.038014, -0.076029, -0.038014, 0.038014, -0.038014, 0.038014, 0.0, 0.0, 0.0, 0.0, -0.038014, 0.0, -0.038014, -0.038014, 0.0, 0.076029, -0.038014, 0.038014, -0.038014, -0.038014, 0.0, 0.114043, -0.076029, -0.076029, 0.038014, 0.0, 0.038014, 0.038014, -0.038014, 0.076029, 0.190071, -0.076029, -0.076029, 0.0, 0.076029, -0.038014, 0.038014, 0.0, 0.0, 0.038014, 0.038014, 0.0, 0.0, 0.0, -0.076029, -0.038014, 0.076029, -0.114043, 0.076029, 0.038014, 0.0, 0.076029, 0.0, 0.038014, -0.038014, 0.0, -0.038014, -0.038014, 0.038014, -0.038014, 0.076029, -0.076029, 0.076029, -0.076029, 0.0, 0.190071, -0.038014, 0.076029, -0.076029, 0.0, -0.038014, -0.038014, 0.0, -0.038014, 0.0, 0.0, 0.038014, 0.0, -0.038014, -0.076029, 0.076029, 0.152057, 0.038014, -0.076029, 0.038014, 0.038014, 0.114043, -0.038014, -0.038014, 0.038014, 0.076029, 0.0, -0.038014, -0.038014, -0.114043, -0.076029, 0.0, 0.038014, 0.038014, 0.038014, 0.0, 0.038014, 0.038014, 0.0, 0.0, 0.0, 0.0, 0.076029, -0.038014, 0.038014, 0.076029, 0.0, 0.0, -0.076029, 0.038014, -0.076029, 0.0, 0.0, 0.076029, 0.038014, 0.038014, 0.0, 0.0, 0.0, -0.076029, 0.0, 0.0, 0.076029, 0.038014, 0.076029, -0.038014, -0.076029, -0.076029, -0.038014, 0.0, 0.076029, 0.0, -0.038014, -0.038014, 0.0, 0.0, 0.114043, 0.0, 0.0, 0.038014, 0.076029, 0.038014, -0.076029, 0.0, 0.0, -0.114043, 0.0, -0.076029, 0.0, -0.038014, 0.0, 0.076029, -0.038014, 0.0, -0.038014, -0.038014, 0.038014, -0.114043, 0.0, -0.038014, 0.038014, 0.038014, -0.038014, 0.0, 0.114043, 0.0, -0.038014, 0.0, -0.076029, 0.0, -0.038014, 0.0, -0.038014, 0.038014, -0.038014, 0.0, -0.114043, -0.038014, 0.038014, 0.0, 0.0, 0.0, -0.038014, -0.038014, 0.0, 0.0, -0.038014, -0.076029, -0.038014, 0.0, 0.0, 0.0, 0.038014, 0.038014, 0.0, 0.038014, 0.0, 0.0, 0.0, 0.0, -0.038014, 0.0, -0.114043, -0.038014, 0.0, 0.076029, 0.0, 0.038014, 0.038014, -0.038014, -0.038014, 0.038014, 0.0, 0.038014, 0.0, 0.0, -0.038014]",12,6,6,182,238,0.583,0.5986,0.5517,0.417,1.0,0.6879,0.1667,0.5212,2026-09-19T15:26:23
b914f870-e4c4-4b3e-a162-da6f020c0993,P-C6EF7782E8,T8,high,medium,google/gemma-4-31b-it,0,Neutral Engagement Agent,"You are considering a short trip to another region of Greece. What kind of experience are you looking for, and how do you decide?","[0.121716, -0.030429, 0.0, -0.030429, 0.030429, 0.030429, 0.0, -0.060858, 0.0, 0.0, 0.030429, 0.030429, 0.060858, 0.030429, 0.0, -0.030429, 0.0, 0.030429, -0.091287, -0.030429, 0.030429, -0.060858, -0.121716, -0.091287, -0.030429, 0.060858, 0.0, -0.030429, 0.030429, 0.030429, 0.030429, -0.030429, 0.060858, 0.091287, 0.091287, 0.0, 0.0, 0.030429, 0.030429, -0.030429, -0.091287, 0.0, 0.030429, -0.060858, 0.0, -0.030429, 0.0, -0.030429, -0.030429, 0.0, 0.0, 0.091287, -0.030429, 0.0, 0.030429, -0.030429, 0.0, 0.0, 0.060858, -0.060858, 0.030429, -0.060858, -0.030429, 0.0, 0.0, -0.030429, 0.0, -0.060858, 0.030429, 0.0, 0.060858, -0.060858, -0.060858, 0.030429, 0.0, 0.0, 0.091287, -0.030429, 0.0, 0.0, 0.0, 0.060858, 0.030429, 0.0, 0.060858, -0.060858, 0.0, -0.121716, 0.091287, -0.060858, 0.030429, 0.060858, 0.030429, -0.091287, 0.0, -0.030429, 0.030429, 0.0, -0.060858, -0.060858, -0.060858, 0.0, -0.030429, -0.030429, 0.0, -0.030429, -0.060858, 0.0, 0.030429, 0.0, 0.060858, -0.030429, 0.0, 0.0, -0.060858, 0.060858, -0.091287, -0.030429, -0.030429, -0.030429, 0.030429, 0.0, 0.0, 0.030429, 0.030429, -0.030429, -0.060858, 0.0, 0.0, 0.060858, -0.030429, -0.030429, -0.060858, 0.152145, -0.091287, -0.060858, 0.030429, -0.060858, -0.060858, 0.0, 0.0, -0.030429, 0.0, -0.030429, 0.0, -0.060858, 0.0, 0.0, 0.030429, 0.0, -0.030429, -0.060858, 0.030429, -0.060858, 0.030429, 0.060858, 0.0, 0.060858, 0.121716, 0.0, -0.030429, -0.060858, 0.0, 0.060858, -0.091287, 0.0, -0.030429, 0.030429, 0.060858, -0.030429, -0.060858, 0.030429, -0.091287, 0.091287, -0.060858, 0.0, -0.091287, 0.0, -0.030429, 0.091287, -0.060858, -0.030429, 0.091287, -0.030429, 0.030429, -0.030429, 0.030429, 0.091287, 0.060858, 0.030429, -0.030429, 0.060858, 0.060858, 0.0, -0.060858, 0.060858, 0.030429, 0.030429, 0.0, 0.121716, -0.030429, 0.030429, -0.060858, 0.060858, -0.060858, 0.0, 0.030429, -0.030429, 0.0, -0.152145, -0.060858, 0.0, 0.0, -0.030429, 0.0, 0.030429, -0.121716, 0.030429, 0.0, 0.060858, -0.030429, 0.0, 0.0, -0.030429, 0.060858, -0.121716, -0.060858, 0.182574, -0.121716, 0.0, 0.030429, 0.0, -0.060858, -0.152145, -0.091287, -0.030429, 0.0, 0.030429, -0.030429, 0.0, -0.030429, 0.0, 0.0, 0.091287, 0.060858, 0.0, -0.030429, 0.030429, 0.0, 0.0, 0.030429, -0.030429, 0.030429, -0.030429, -0.030429, 0.030429, -0.060858, -0.060858, 0.030429, 0.060858, 0.0, 0.0, -0.030429, 0.0, 0.060858, -0.060858, 0.030429, 0.0, -0.030429, 0.091287, -0.091287, 0.030429, -0.030429, -0.091287, 0.030429, -0.091287, 0.0, -0.030429, 0.0, 0.0, 0.0, 0.030429, -0.030429, 0.0, 0.091287, 0.091287, -0.030429, 0.0, 0.060858, 0.0, 0.0, -0.030429, -0.030429, 0.060858, -0.030429, -0.091287, 0.0, 0.030429, 0.0, -0.091287, 0.030429, -0.030429, 0.0, 0.030429, 0.060858, 0.0, 0.0, 0.060858, 0.060858, -0.060858, 0.0, 0.060858, -0.091287, -0.030429, -0.091287, -0.030429, 0.0, -0.030429, 0.030429, 0.030429, 0.0, -0.030429, -0.060858, 0.091287, -0.091287, 0.091287, -0.030429, 0.060858, 0.0, 0.0, -0.060858, 0.152145, -0.030429, 0.060858, 0.060858, -0.060858, 0.0, 0.030429, 0.030429, 0.030429, 0.030429, 0.0, 0.060858, 0.0, -0.060858, 0.0, 0.030429, 0.0, 0.0, -0.060858, 0.0, 0.0, 0.030429, -0.060858, -0.030429, -0.030429, 0.0, 0.0, 0.0, 0.0, 0.091287, 0.0, 0.030429, 0.0, 0.030429, 0.0, 0.0, -0.030429, 0.0, -0.213003, 0.030429, -0.030429, 0.030429, -0.060858, 0.030429, 0.030429, -0.060858, 0.0, -0.030429, 0.0, 0.0, 0.0, -0.030429, -0.030429]",12,6,6,175,228,0.5296,0.5568,0.5846,0.4704,1.0,0.9322,0.0833,0.5116,2026-09-19T15:26:23
d55ca028-d0fb-41bd-952c-4ec226d8c932,P-C6EF7782E8,T7,low,small,google/gemma-3-4b-it,0,Neutral Engagement Agent,You are organizing a small birthday celebration at home. How do you make sure everything is ready?,"[0.0411, 0.0, 0.0, -0.0411, -0.082199, 0.0, 0.0, 0.0, 0.0411, -0.0411, 0.0, 0.0411, 0.082199, 0.0, -0.0411, 0.0411, -0.0411, 0.0, 0.0, 0.0411, 0.0411, 0.082199, -0.082199, 0.0, 0.0, 0.0, 0.0, 0.0, 0.0, 0.0411, -0.0411, 0.0, 0.0, 0.082199, 0.123299, -0.082199, -0.0411, 0.0411, 0.0411, 0.0411, 0.0, -0.0411, 0.0411, 0.0, 0.0, -0.082199, 0.0411, -0.0411, 0.0, -0.0411, 0.0, 0.0411, 0.0, 0.0, 0.0, -0.0411, 0.0, -0.0411, 0.0411, -0.0411, 0.0, 0.0, 0.0411, 0.0411, 0.0, -0.123299, 0.0, -0.0411, 0.0, -0.082199, -0.0411, 0.0411, 0.0, -0.0411, 0.0, -0.082199, 0.082199, -0.082199, -0.123299, -0.0411, 0.0411, 0.082199, -0.0411, -0.0411, 0.0, -0.123299, 0.0, -0.123299, 0.0411, -0.082199, 0.0, 0.123299, -0.082199, -0.082199, -0.0411, 0.0, 0.0, -0.082199, 0.0411, 0.0, 0.0411, 0.0, -0.0411, 0.0411, 0.0411, 0.0411, 0.0, 0.0, 0.0411, 0.0411, 0.0411, 0.0, 0.0, 0.0411, -0.082199, 0.082199, -0.082199, -0.0411, -0.0411, 0.0, 0.0, -0.0411, -0.0411, 0.0, 0.0, 0.0, -0.082199, 0.0, -0.0411, 0.0411, 0.082199, 0.0, -0.0411, 0.164399, -0.0411, 0.0411, 0.0, -0.082199, 0.0, 0.0, -0.082199, 0.0, 0.0, 0.0411, 0.0411, 0.0, 0.0, -0.0411, 0.0411, 0.0411, 0.0, -0.164399, 0.0, 0.0411, 0.0, -0.0411, 0.0, 0.0411, 0.123299, -0.082199, 0.0, -0.0411, 0.0, 0.0, -0.0411, 0.0411, 0.0411, 0.0411, 0.0, 0.0411, 0.0411, 0.0411, 0.0, 0.0411, 0.0, 0.0, 0.164399, 0.082199, -0.0411, 0.0, -0.123299, 0.0, 0.082199, 0.0411, -0.082199, 0.0, 0.0411, 0.082199, 0.0411, 0.0411, 0.0, 0.123299, 0.082199, -0.0411, -0.082199, 0.0, 0.082199, 0.0, 0.0, 0.0, 0.0, -0.0411, 0.0411, -0.0411, -0.0411, 0.0411, 0.0, 0.0, 0.0, -0.082199, 0.0411, 0.0, 0.0, 0.0, 0.0411, 0.082199, -0.0411, -0.082199, -0.0411, 0.0, 0.0411, 0.0, 0.082199, -0.082199, -0.0411, 0.0, -0.0411, 0.164399, -0.164399, 0.0411, 0.0, -0.082199, -0.123299, -0.082199, 0.0, -0.082199, 0.0, 0.0, 0.0, 0.0411, 0.0, -0.0411, 0.082199, 0.082199, 0.0411, -0.0411, 0.0, 0.082199, 0.0411, 0.0411, -0.0411, 0.0, 0.0411, 0.0411, 0.0411, -0.082199, -0.0411, -0.0411, -0.0411, 0.0411, 0.0, -0.0411, 0.0, 0.0411, 0.0, -0.082199, -0.0411, 0.0411, 0.0411, 0.082199, -0.0411, -0.0411, 0.0411, -0.0411, -0.0411, -0.0411, 0.0, -0.082199, 0.0, 0.0411, 0.0411, -0.0411, 0.0, 0.0, 0.0, 0.0411, -0.0411, 0.0, 0.0, 0.0, 0.0, 0.0411, 0.0, 0.0411, 0.0, 0.0, -0.0411, 0.123299, 0.0, 0.0, 0.0, 0.0411, 0.0, 0.0, 0.0, 0.082199, -0.0411, 0.0411, 0.0, 0.0, 0.082199, 0.0, -0.123299, 0.0411, -0.123299, 0.0411, 0.0, 0.0, 0.0, 0.0, 0.0, -0.0411, 0.0, 0.0411, -0.082199, 0.0, -0.0411, 0.0411, 0.0, 0.0, 0.0411, 0.123299, 0.0, -0.0411, 0.082199, -0.0411, 0.0, -0.0411, 0.0, 0.0, 0.0, -0.082199, -0.0411, -0.082199, 0.0, 0.0, 0.0, 0.0, -0.0411, -0.0411, 0.0, 0.0, 0.0, -0.0411, -0.0411, -0.0411, 0.0, 0.0411, 0.0, 0.0411, 0.0, 0.0411, 0.0, 0.0, 0.0, -0.0411, -0.0411, -0.082199, 0.0, -0.123299, 0.0, 0.0, 0.0411, -0.082199, 0.0, 0.0, -0.082199, 0.0, 0.0, 0.0, 0.0411, 0.0, -0.0411, -0.082199]",12,6,6,98,127,0.5404,0.5606,0.5724,0.4596,1.0,0.9538,0.25,0.5346,2026-09-19T15:26:23
e6a855aa-7796-47e0-945e-0231f7379169,P-C6EF7782E8,T8,high,small,google/gemma-3-4b-it,1,Neutral Engagement Agent,"You are considering a short trip to another region of Greece. What kind of experience are you looking for, and how do you decide?","[0.121716, -0.030429, 0.0, -0.030429, 0.030429, 0.030429, 0.0, -0.060858, 0.0, 0.0, 0.030429, 0.030429, 0.060858, 0.030429, 0.0, -0.030429, 0.0, 0.030429, -0.091287, -0.030429, 0.030429, -0.060858, -0.121716, -0.091287, -0.030429, 0.060858, 0.0, -0.030429, 0.030429, 0.030429, 0.030429, -0.030429, 0.060858, 0.091287, 0.091287, 0.0, 0.0, 0.030429, 0.030429, -0.030429, -0.091287, 0.0, 0.030429, -0.060858, 0.0, -0.030429, 0.0, -0.030429, -0.030429, 0.0, 0.0, 0.091287, -0.030429, 0.0, 0.030429, -0.030429, 0.0, 0.0, 0.060858, -0.060858, 0.030429, -0.060858, -0.030429, 0.0, 0.0, -0.030429, 0.0, -0.060858, 0.030429, 0.0, 0.060858, -0.060858, -0.060858, 0.030429, 0.0, 0.0, 0.091287, -0.030429, 0.0, 0.0, 0.0, 0.060858, 0.030429, 0.0, 0.060858, -0.060858, 0.0, -0.121716, 0.091287, -0.060858, 0.030429, 0.060858, 0.030429, -0.091287, 0.0, -0.030429, 0.030429, 0.0, -0.060858, -0.060858, -0.060858, 0.0, -0.030429, -0.030429, 0.0, -0.030429, -0.060858, 0.0, 0.030429, 0.0, 0.060858, -0.030429, 0.0, 0.0, -0.060858, 0.060858, -0.091287, -0.030429, -0.030429, -0.030429, 0.030429, 0.0, 0.0, 0.030429, 0.030429, -0.030429, -0.060858, 0.0, 0.0, 0.060858, -0.030429, -0.030429, -0.060858, 0.152145, -0.091287, -0.060858, 0.030429, -0.060858, -0.060858, 0.0, 0.0, -0.030429, 0.0, -0.030429, 0.0, -0.060858, 0.0, 0.0, 0.030429, 0.0, -0.030429, -0.060858, 0.030429, -0.060858, 0.030429, 0.060858, 0.0, 0.060858, 0.121716, 0.0, -0.030429, -0.060858, 0.0, 0.060858, -0.091287, 0.0, -0.030429, 0.030429, 0.060858, -0.030429, -0.060858, 0.030429, -0.091287, 0.091287, -0.060858, 0.0, -0.091287, 0.0, -0.030429, 0.091287, -0.060858, -0.030429, 0.091287, -0.030429, 0.030429, -0.030429, 0.030429, 0.091287, 0.060858, 0.030429, -0.030429, 0.060858, 0.060858, 0.0, -0.060858, 0.060858, 0.030429, 0.030429, 0.0, 0.121716, -0.030429, 0.030429, -0.060858, 0.060858, -0.060858, 0.0, 0.030429, -0.030429, 0.0, -0.152145, -0.060858, 0.0, 0.0, -0.030429, 0.0, 0.030429, -0.121716, 0.030429, 0.0, 0.060858, -0.030429, 0.0, 0.0, -0.030429, 0.060858, -0.121716, -0.060858, 0.182574, -0.121716, 0.0, 0.030429, 0.0, -0.060858, -0.152145, -0.091287, -0.030429, 0.0, 0.030429, -0.030429, 0.0, -0.030429, 0.0, 0.0, 0.091287, 0.060858, 0.0, -0.030429, 0.030429, 0.0, 0.0, 0.030429, -0.030429, 0.030429, -0.030429, -0.030429, 0.030429, -0.060858, -0.060858, 0.030429, 0.060858, 0.0, 0.0, -0.030429, 0.0, 0.060858, -0.060858, 0.030429, 0.0, -0.030429, 0.091287, -0.091287, 0.030429, -0.030429, -0.091287, 0.030429, -0.091287, 0.0, -0.030429, 0.0, 0.0, 0.0, 0.030429, -0.030429, 0.0, 0.091287, 0.091287, -0.030429, 0.0, 0.060858, 0.0, 0.0, -0.030429, -0.030429, 0.060858, -0.030429, -0.091287, 0.0, 0.030429, 0.0, -0.091287, 0.030429, -0.030429, 0.0, 0.030429, 0.060858, 0.0, 0.0, 0.060858, 0.060858, -0.060858, 0.0, 0.060858, -0.091287, -0.030429, -0.091287, -0.030429, 0.0, -0.030429, 0.030429, 0.030429, 0.0, -0.030429, -0.060858, 0.091287, -0.091287, 0.091287, -0.030429, 0.060858, 0.0, 0.0, -0.060858, 0.152145, -0.030429, 0.060858, 0.060858, -0.060858, 0.0, 0.030429, 0.030429, 0.030429, 0.030429, 0.0, 0.060858, 0.0, -0.060858, 0.0, 0.030429, 0.0, 0.0, -0.060858, 0.0, 0.0, 0.030429, -0.060858, -0.030429, -0.030429, 0.0, 0.0, 0.0, 0.0, 0.091287, 0.0, 0.030429, 0.0, 0.030429, 0.0, 0.0, -0.030429, 0.0, -0.213003, 0.030429, -0.030429, 0.030429, -0.060858, 0.030429, 0.030429, -0.060858, 0.0, -0.030429, 0.0, 0.0, 0.0, -0.030429, -0.030429]",12,6,6,98,128,0.5208,0.5508,0.5242,0.4792,1.0,0.6842,0.0,0.4831,2026-09-19T15:26:23
f353ca11-9515-46d4-bfd0-a0bc63b03ebe,P-C6EF7782E8,T8,high,medium,google/gemma-4-31b-it,1,Neutral Engagement Agent,You have a few free days and are thinking about visiting a place in Greece you have never been before. How do you choose where to go?,"[0.05712, -0.05712, -0.02856, -0.05712, 0.02856, 0.0, 0.0, -0.114239, 0.02856, 0.0, 0.02856, 0.05712, 0.085679, 0.0, 0.02856, 0.0, -0.02856, 0.05712, 0.0, 0.0, 0.02856, -0.02856, -0.05712, -0.02856, -0.05712, 0.085679, 0.0, 0.0, -0.02856, 0.05712, -0.02856, 0.02856, -0.02856, 0.085679, 0.085679, -0.085679, 0.02856, 0.02856, 0.05712, -0.02856, 0.0, 0.0, 0.0, -0.085679, -0.02856, -0.05712, 0.0, 0.0, 0.0, -0.02856, 0.05712, 0.0, 0.0, -0.02856, 0.0, -0.02856, 0.0, 0.02856, 0.0, -0.02856, 0.02856, 0.0, -0.02856, 0.0, 0.02856, 0.0, 0.02856, -0.05712, 0.0, 0.0, 0.0, 0.0, 0.0, 0.02856, 0.02856, 0.0, 0.0, 0.05712, 0.0, 0.05712, 0.0, 0.142799, 0.0, -0.05712, -0.02856, -0.085679, 0.0, -0.142799, 0.02856, -0.085679, 0.02856, -0.05712, 0.0, 0.0, -0.02856, -0.085679, 0.085679, 0.0, -0.02856, -0.05712, 0.0, -0.05712, 0.0, 0.085679, 0.0, -0.02856, 0.0, 0.0, 0.02856, 0.0, 0.0, -0.05712, 0.02856, 0.05712, -0.085679, 0.02856, -0.02856, 0.0, -0.02856, 0.0, 0.02856, -0.05712, -0.05712, 0.0, 0.05712, 0.0, 0.02856, -0.02856, 0.0, 0.085679, -0.02856, 0.05712, 0.0, 0.199918, 0.0, -0.05712, 0.0, -0.02856, 0.0, -0.02856, -0.02856, 0.02856, -0.05712, -0.085679, 0.0, -0.02856, 0.0, -0.02856, 0.05712, 0.02856, -0.02856, -0.114239, 0.02856, -0.02856, 0.02856, 0.05712, 0.0, 0.05712, 0.114239, 0.0, 0.02856, 0.085679, -0.02856, 0.114239, -0.171359, 0.085679, 0.0, 0.0, 0.0, 0.0, 0.0, 0.05712, -0.085679, 0.142799, 0.05712, 0.02856, 0.02856, -0.085679, 0.02856, 0.02856, 0.05712, -0.05712, 0.171359, 0.0, 0.02856, 0.0, 0.05712, 0.05712, 0.0, 0.085679, 0.05712, 0.05712, 0.05712, 0.05712, -0.142799, 0.05712, 0.05712, 0.0, 0.0, 0.05712, 0.02856, 0.085679, -0.02856, 0.0, -0.02856, 0.02856, 0.05712, -0.02856, -0.02856, -0.142799, 0.02856, 0.02856, 0.085679, -0.02856, 0.05712, 0.05712, 0.0, 0.05712, -0.02856, 0.0, -0.02856, -0.02856, 0.0, -0.05712, 0.02856, 0.02856, -0.05712, 0.114239, -0.114239, 0.02856, 0.0, 0.02856, 0.0, 0.0, 0.02856, -0.02856, -0.02856, 0.02856, 0.0, -0.085679, -0.02856, 0.0, 0.02856, 0.171359, 0.114239, 0.02856, 0.02856, -0.02856, 0.05712, 0.02856, -0.02856, 0.0, 0.085679, 0.0, 0.0, 0.02856, -0.085679, -0.114239, 0.0, 0.085679, 0.02856, -0.05712, -0.02856, 0.02856, 0.02856, 0.0, 0.02856, 0.02856, 0.05712, 0.02856, -0.02856, 0.05712, 0.05712, -0.02856, 0.05712, 0.02856, 0.05712, -0.02856, -0.114239, 0.02856, -0.114239, 0.0, 0.0, -0.02856, 0.0, 0.05712, 0.0, -0.02856, -0.05712, 0.0, -0.02856, -0.05712, -0.02856, 0.02856, -0.02856, -0.05712, 0.0, 0.0, -0.02856, 0.0, -0.02856, -0.02856, 0.02856, 0.114239, 0.0, -0.02856, 0.02856, 0.02856, 0.02856, 0.02856, 0.0, 0.02856, -0.085679, 0.0, 0.05712, -0.05712, 0.0, -0.02856, 0.0, 0.02856, 0.0, 0.0, 0.05712, 0.085679, -0.05712, 0.085679, -0.05712, 0.0, 0.0, 0.0, -0.114239, 0.02856, 0.0, -0.02856, 0.02856, -0.02856, 0.05712, 0.0, 0.0, 0.02856, 0.0, 0.02856, 0.0, 0.02856, -0.02856, -0.02856, 0.02856, -0.02856, 0.0, -0.05712, -0.02856, 0.05712, -0.02856, 0.0, -0.05712, -0.02856, 0.02856, 0.0, 0.02856, 0.02856, 0.085679, 0.0, 0.0, 0.0, -0.02856, 0.02856, -0.02856, 0.0, 0.0, -0.199918, 0.05712, 0.0, 0.05712, 0.0, 0.05712, 0.02856, -0.05712, 0.05712, 0.05712, 0.05712, 0.02856, 0.0, 0.0, -0.02856]",12,6,6,157,204,0.5121,0.5357,0.5777,0.4879,1.0,0.6721,0.1667,0.5206,2026-09-19T15:26:23
fc4f041e-b086-475c-9d5f-b4f16b01bebb,P-C6EF7782E8,T8,high,small,google/gemma-3-4b-it,0,Neutral Engagement Agent,"You are considering a short trip to another region of Greece. What kind of experience are you looking for, and how do you decide?","[0.121716, -0.030429, 0.0, -0.030429, 0.030429, 0.030429, 0.0, -0.060858, 0.0, 0.0, 0.030429, 0.030429, 0.060858, 0.030429, 0.0, -0.030429, 0.0, 0.030429, -0.091287, -0.030429, 0.030429, -0.060858, -0.121716, -0.091287, -0.030429, 0.060858, 0.0, -0.030429, 0.030429, 0.030429, 0.030429, -0.030429, 0.060858, 0.091287, 0.091287, 0.0, 0.0, 0.030429, 0.030429, -0.030429, -0.091287, 0.0, 0.030429, -0.060858, 0.0, -0.030429, 0.0, -0.030429, -0.030429, 0.0, 0.0, 0.091287, -0.030429, 0.0, 0.030429, -0.030429, 0.0, 0.0, 0.060858, -0.060858, 0.030429, -0.060858, -0.030429, 0.0, 0.0, -0.030429, 0.0, -0.060858, 0.030429, 0.0, 0.060858, -0.060858, -0.060858, 0.030429, 0.0, 0.0, 0.091287, -0.030429, 0.0, 0.0, 0.0, 0.060858, 0.030429, 0.0, 0.060858, -0.060858, 0.0, -0.121716, 0.091287, -0.060858, 0.030429, 0.060858, 0.030429, -0.091287, 0.0, -0.030429, 0.030429, 0.0, -0.060858, -0.060858, -0.060858, 0.0, -0.030429, -0.030429, 0.0, -0.030429, -0.060858, 0.0, 0.030429, 0.0, 0.060858, -0.030429, 0.0, 0.0, -0.060858, 0.060858, -0.091287, -0.030429, -0.030429, -0.030429, 0.030429, 0.0, 0.0, 0.030429, 0.030429, -0.030429, -0.060858, 0.0, 0.0, 0.060858, -0.030429, -0.030429, -0.060858, 0.152145, -0.091287, -0.060858, 0.030429, -0.060858, -0.060858, 0.0, 0.0, -0.030429, 0.0, -0.030429, 0.0, -0.060858, 0.0, 0.0, 0.030429, 0.0, -0.030429, -0.060858, 0.030429, -0.060858, 0.030429, 0.060858, 0.0, 0.060858, 0.121716, 0.0, -0.030429, -0.060858, 0.0, 0.060858, -0.091287, 0.0, -0.030429, 0.030429, 0.060858, -0.030429, -0.060858, 0.030429, -0.091287, 0.091287, -0.060858, 0.0, -0.091287, 0.0, -0.030429, 0.091287, -0.060858, -0.030429, 0.091287, -0.030429, 0.030429, -0.030429, 0.030429, 0.091287, 0.060858, 0.030429, -0.030429, 0.060858, 0.060858, 0.0, -0.060858, 0.060858, 0.030429, 0.030429, 0.0, 0.121716, -0.030429, 0.030429, -0.060858, 0.060858, -0.060858, 0.0, 0.030429, -0.030429, 0.0, -0.152145, -0.060858, 0.0, 0.0, -0.030429, 0.0, 0.030429, -0.121716, 0.030429, 0.0, 0.060858, -0.030429, 0.0, 0.0, -0.030429, 0.060858, -0.121716, -0.060858, 0.182574, -0.121716, 0.0, 0.030429, 0.0, -0.060858, -0.152145, -0.091287, -0.030429, 0.0, 0.030429, -0.030429, 0.0, -0.030429, 0.0, 0.0, 0.091287, 0.060858, 0.0, -0.030429, 0.030429, 0.0, 0.0, 0.030429, -0.030429, 0.030429, -0.030429, -0.030429, 0.030429, -0.060858, -0.060858, 0.030429, 0.060858, 0.0, 0.0, -0.030429, 0.0, 0.060858, -0.060858, 0.030429, 0.0, -0.030429, 0.091287, -0.091287, 0.030429, -0.030429, -0.091287, 0.030429, -0.091287, 0.0, -0.030429, 0.0, 0.0, 0.0, 0.030429, -0.030429, 0.0, 0.091287, 0.091287, -0.030429, 0.0, 0.060858, 0.0, 0.0, -0.030429, -0.030429, 0.060858, -0.030429, -0.091287, 0.0, 0.030429, 0.0, -0.091287, 0.030429, -0.030429, 0.0, 0.030429, 0.060858, 0.0, 0.0, 0.060858, 0.060858, -0.060858, 0.0, 0.060858, -0.091287, -0.030429, -0.091287, -0.030429, 0.0, -0.030429, 0.030429, 0.030429, 0.0, -0.030429, -0.060858, 0.091287, -0.091287, 0.091287, -0.030429, 0.060858, 0.0, 0.0, -0.060858, 0.152145, -0.030429, 0.060858, 0.060858, -0.060858, 0.0, 0.030429, 0.030429, 0.030429, 0.030429, 0.0, 0.060858, 0.0, -0.060858, 0.0, 0.030429, 0.0, 0.0, -0.060858, 0.0, 0.0, 0.030429, -0.060858, -0.030429, -0.030429, 0.0, 0.0, 0.0, 0.0, 0.091287, 0.0, 0.030429, 0.0, 0.030429, 0.0, 0.0, -0.030429, 0.0, -0.213003, 0.030429, -0.030429, 0.030429, -0.060858, 0.030429, 0.030429, -0.060858, 0.0, -0.030429, 0.0, 0.0, 0.0, -0.030429, -0.030429]",12,6,6,96,124,0.5149,0.5508,0.5551,0.4851,1.0,0.6986,0.25,0.5278,2026-09-19T15:26:23
0a509036-bca0-43b8-a67d-c0713e8c4de1,P-E83994D768,T2,low,medium,google/gemma-4-31b-it,1,Neutral Engagement Agent,"A friend suggests ordering Chinese food, but you are not familiar with the cuisine. How do you respond during the conversation?","[0.033558, -0.033558, -0.033558, -0.033558, -0.033558, -0.033558, 0.0, -0.100673, 0.0, -0.033558, 0.0, 0.033558, 0.100673, 0.033558, 0.0, 0.0, 0.033558, 0.033558, 0.0, 0.0, 0.0, 0.033558, -0.167789, 0.067116, 0.0, 0.0, 0.033558, 0.0, 0.0, 0.0, -0.033558, 0.0, 0.067116, 0.033558, 0.033558, 0.033558, -0.033558, 0.067116, 0.0, 0.033558, 0.0, 0.0, 0.067116, 0.100673, 0.0, 0.0, -0.033558, 0.0, 0.134231, 0.0, 0.033558, 0.033558, 0.033558, -0.067116, 0.033558, 0.0, 0.0, 0.0, -0.067116, -0.033558, 0.033558, 0.0, -0.033558, 0.0, 0.033558, 0.0, 0.0, -0.033558, -0.033558, -0.100673, 0.033558, -0.100673, 0.0, -0.033558, -0.033558, 0.0, 0.067116, 0.067116, -0.033558, -0.033558, 0.0, 0.100673, -0.067116, -0.067116, 0.0, -0.067116, 0.0, -0.100673, 0.0, -0.067116, 0.0, 0.0, 0.0, 0.0, -0.033558, 0.067116, 0.033558, 0.0, -0.033558, -0.067116, -0.033558, 0.0, 0.0, 0.033558, 0.0, -0.033558, 0.033558, 0.0, 0.0, 0.0, 0.100673, -0.067116, 0.0, -0.033558, 0.067116, 0.067116, 0.067116, 0.0, -0.100673, 0.0, -0.033558, -0.033558, 0.100673, 0.0, -0.033558, 0.0, 0.033558, 0.0, -0.033558, -0.067116, 0.0, -0.033558, 0.0, 0.134231, 0.033558, 0.033558, 0.033558, -0.067116, 0.0, 0.033558, 0.033558, 0.0, -0.033558, -0.033558, -0.067116, 0.0, 0.0, 0.0, 0.100673, 0.0, 0.067116, 0.033558, -0.033558, 0.0, 0.033558, 0.033558, 0.0, 0.0, 0.100673, 0.0, -0.100673, 0.033558, 0.0, 0.0, -0.067116, -0.067116, 0.0, -0.033558, -0.033558, 0.0, -0.067116, 0.100673, -0.033558, 0.0, -0.067116, -0.100673, -0.033558, 0.0, 0.0, 0.033558, 0.0, 0.0, 0.067116, 0.067116, 0.0, 0.067116, 0.067116, 0.100673, 0.067116, -0.033558, 0.0, 0.067116, 0.134231, 0.033558, -0.067116, 0.033558, 0.067116, -0.033558, 0.033558, -0.033558, -0.033558, 0.033558, 0.0, 0.100673, 0.033558, 0.067116, 0.033558, -0.033558, 0.033558, -0.067116, -0.033558, 0.100673, 0.0, -0.033558, 0.0, 0.134231, 0.0, -0.067116, 0.067116, -0.067116, 0.067116, 0.0, -0.067116, -0.067116, 0.100673, -0.100673, -0.033558, 0.067116, -0.100673, 0.033558, -0.134231, 0.0, -0.033558, -0.033558, -0.067116, 0.0, -0.033558, 0.0, -0.033558, -0.100673, 0.0, -0.033558, 0.0, 0.134231, 0.100673, 0.100673, 0.0, 0.033558, 0.033558, -0.067116, -0.033558, 0.033558, 0.100673, 0.033558, 0.0, -0.033558, -0.100673, -0.134231, -0.033558, -0.033558, -0.033558, -0.067116, 0.0, -0.067116, 0.033558, 0.033558, 0.0, 0.0, 0.067116, 0.033558, -0.033558, -0.100673, 0.0, 0.033558, 0.0, 0.033558, -0.067116, 0.0, -0.033558, 0.0, 0.0, 0.100673, 0.0, 0.033558, 0.0, 0.067116, 0.0, 0.0, 0.033558, 0.033558, 0.0, -0.100673, 0.033558, 0.0, 0.0, 0.0, -0.067116, -0.033558, 0.0, 0.033558, 0.033558, 0.0, 0.0, 0.067116, 0.0, 0.0, -0.067116, 0.033558, 0.0, 0.067116, -0.100673, 0.0, -0.067116, -0.033558, 0.033558, 0.0, 0.067116, -0.033558, 0.0, -0.033558, 0.0, -0.033558, -0.067116, 0.033558, 0.033558, 0.033558, -0.100673, 0.067116, 0.0, 0.033558, 0.0, 0.033558, -0.033558, 0.0, -0.033558, -0.033558, 0.0, 0.0, -0.067116, 0.0, 0.033558, 0.0, -0.067116, 0.0, 0.0, 0.0, 0.033558, 0.067116, 0.0, 0.0, 0.0, 0.067116, 0.0, 0.033558, 0.0, -0.100673, 0.033558, 0.0, 0.0, 0.0, 0.033558, 0.0, 0.033558, -0.033558, 0.134231, 0.0, -0.033558, 0.0, -0.067116, -0.201347, 0.0, -0.067116, 0.067116, 0.0, -0.033558, 0.033558, 0.033558, -0.033558, -0.033558, 0.100673, 0.0, 0.0, -0.067116, -0.033558]",12,6,6,94,124,0.5556,0.5367,0.5237,0.4444,1.0,0.2277,0.1667,0.5115,2026-09-19T15:26:21
19d88ee3-4ac0-419b-b80b-bbc67bcf9f59,P-E83994D768,T5,high,small,google/gemma-3-4b-it,1,Neutral Engagement Agent,Imagine you unexpectedly have a free evening with nothing scheduled. How would you typically spend it?,"[-0.039841, 0.039841, 0.039841, 0.0, -0.039841, 0.079682, -0.119523, -0.039841, 0.0, 0.0, 0.0, 0.039841, 0.039841, 0.0, 0.0, 0.039841, -0.039841, 0.0, 0.0, 0.039841, 0.0, 0.0, 0.0, 0.039841, 0.0, 0.039841, -0.039841, -0.039841, 0.0, 0.039841, -0.039841, 0.0, 0.079682, 0.079682, 0.119523, -0.039841, -0.119523, 0.0, 0.0, 0.0, 0.0, -0.039841, -0.039841, -0.039841, 0.0, -0.079682, 0.0, -0.079682, -0.039841, -0.079682, 0.039841, -0.039841, 0.079682, 0.039841, 0.039841, 0.0, 0.0, 0.039841, 0.0, -0.039841, -0.039841, 0.0, 0.0, 0.0, 0.0, 0.0, 0.0, 0.0, 0.0, 0.039841, -0.039841, 0.0, 0.0, 0.0, 0.0, 0.0, 0.119523, -0.039841, 0.0, -0.039841, 0.0, 0.079682, 0.0, 0.0, 0.0, -0.079682, 0.0, -0.119523, 0.0, -0.119523, 0.0, -0.079682, 0.0, 0.039841, 0.079682, -0.079682, 0.039841, -0.039841, -0.039841, -0.159364, 0.0, 0.0, 0.0, 0.079682, 0.039841, -0.039841, -0.039841, -0.039841, 0.0, 0.0, -0.039841, -0.039841, 0.0, 0.079682, -0.119523, 0.039841, 0.039841, 0.0, 0.0, -0.039841, -0.039841, 0.0, -0.039841, -0.079682, -0.039841, 0.0, 0.0, 0.0, 0.039841, 0.0, 0.039841, 0.0, 0.039841, 0.119523, 0.039841, -0.039841, 0.079682, -0.079682, -0.039841, 0.0, 0.0, 0.039841, -0.039841, -0.039841, 0.039841, 0.0, 0.0, 0.039841, 0.039841, 0.0, -0.039841, 0.0, 0.039841, 0.0, -0.079682, 0.079682, 0.039841, 0.079682, 0.119523, -0.039841, 0.039841, 0.039841, 0.0, 0.079682, 0.039841, 0.039841, -0.039841, 0.0, 0.0, -0.079682, 0.039841, 0.0, 0.039841, 0.119523, -0.079682, 0.039841, -0.079682, 0.0, -0.039841, 0.0, 0.079682, 0.0, 0.039841, 0.039841, -0.079682, -0.039841, 0.039841, 0.079682, 0.039841, 0.0, 0.159364, 0.079682, 0.159364, 0.0, -0.159364, 0.0, 0.039841, 0.0, -0.079682, 0.0, 0.0, 0.0, 0.0, -0.079682, 0.039841, 0.039841, 0.0, -0.039841, 0.0, -0.159364, 0.039841, -0.039841, 0.039841, 0.0, -0.039841, 0.039841, 0.079682, 0.039841, 0.0, 0.0, 0.039841, 0.0, 0.0, -0.079682, 0.0, 0.079682, 0.119523, 0.079682, -0.039841, 0.079682, -0.079682, 0.0, -0.039841, 0.0, 0.039841, 0.0, 0.0, -0.039841, 0.0, 0.079682, 0.0, -0.039841, 0.0, 0.119523, 0.039841, 0.0, 0.039841, -0.039841, 0.0, 0.0, 0.039841, 0.039841, 0.119523, 0.0, 0.0, 0.039841, -0.079682, -0.079682, -0.039841, 0.119523, -0.079682, -0.079682, 0.0, 0.0, 0.0, -0.039841, 0.0, 0.039841, 0.0, 0.119523, 0.039841, 0.079682, 0.0, 0.0, 0.079682, 0.079682, 0.039841, -0.039841, 0.0, -0.039841, 0.039841, 0.039841, 0.0, 0.039841, 0.0, 0.079682, -0.039841, -0.039841, 0.039841, 0.039841, 0.0, -0.039841, -0.039841, 0.0, -0.079682, 0.079682, 0.0, 0.039841, 0.0, -0.039841, 0.0, 0.079682, 0.039841, 0.079682, 0.0, 0.0, 0.039841, -0.039841, 0.0, 0.0, -0.039841, 0.0, -0.079682, 0.0, 0.039841, 0.119523, 0.039841, 0.039841, 0.079682, 0.0, 0.0, 0.0, 0.079682, 0.079682, -0.079682, 0.039841, 0.0, 0.039841, 0.079682, 0.039841, -0.039841, 0.0, 0.039841, 0.039841, -0.039841, 0.0, 0.0, -0.039841, 0.039841, 0.0, 0.0, 0.0, -0.039841, -0.039841, -0.039841, 0.039841, 0.0, 0.0, 0.039841, -0.079682, -0.039841, 0.0, 0.0, 0.0, -0.079682, -0.039841, 0.079682, 0.0, 0.079682, 0.0, -0.039841, 0.0, 0.0, 0.0, -0.039841, 0.0, -0.039841, 0.0, 0.0, -0.079682, -0.039841, 0.0, 0.079682, -0.039841, -0.039841, 0.039841, -0.119523, -0.039841, 0.039841, 0.039841, 0.039841, -0.039841, 0.0, 0.0]",12,6,6,70,89,0.5516,0.5574,0.5174,0.4484,1.0,0.459,0.0833,0.497,2026-09-19T15:26:21
2d7df9a2-8b2f-4c53-b9c2-f6b2d653b9f8,P-E83994D768,T2,low,medium,google/gemma-4-31b-it,1,Neutral Engagement Agent,"A friend suggests ordering Thai food, but you are not familiar with the cuisine. How do you respond during the conversation?","[0.033826, -0.033826, -0.033826, -0.033826, -0.033826, -0.033826, 0.0, -0.101477, 0.0, -0.033826, 0.0, 0.033826, 0.101477, 0.033826, 0.0, 0.0, 0.033826, 0.033826, 0.0, 0.0, 0.0, 0.033826, -0.169128, 0.067651, 0.0, 0.0, 0.033826, 0.0, 0.033826, 0.0, -0.067651, 0.0, 0.033826, 0.033826, 0.033826, 0.0, -0.033826, 0.067651, 0.033826, 0.033826, 0.0, 0.0, 0.067651, 0.067651, 0.0, 0.0, -0.033826, 0.0, 0.135302, 0.0, 0.033826, 0.033826, 0.033826, 0.0, 0.033826, 0.0, -0.033826, 0.0, -0.067651, -0.033826, 0.033826, 0.0, -0.033826, 0.0, 0.033826, 0.0, 0.0, -0.033826, -0.033826, -0.101477, 0.033826, -0.101477, 0.0, -0.033826, 0.0, 0.0, 0.067651, 0.067651, -0.033826, -0.033826, 0.0, 0.101477, -0.067651, -0.067651, 0.0, -0.067651, 0.0, -0.101477, 0.0, -0.067651, 0.0, 0.0, 0.0, 0.0, -0.033826, 0.101477, 0.0, 0.0, -0.033826, -0.067651, -0.067651, 0.0, 0.067651, 0.033826, 0.0, -0.033826, 0.033826, 0.033826, 0.0, 0.0, 0.101477, -0.101477, 0.0, -0.033826, 0.033826, 0.067651, 0.067651, 0.0, -0.067651, 0.0, -0.033826, -0.033826, 0.067651, 0.0, 0.0, 0.0, 0.033826, 0.0, -0.033826, -0.067651, 0.0, -0.033826, 0.0, 0.135302, 0.033826, 0.033826, 0.033826, -0.067651, 0.0, 0.033826, 0.0, 0.0, -0.033826, 0.0, -0.067651, 0.0, 0.0, 0.0, 0.101477, 0.0, 0.067651, 0.0, -0.033826, 0.0, 0.033826, 0.033826, 0.0, 0.0, 0.101477, 0.0, -0.101477, 0.0, 0.0, 0.0, -0.067651, -0.033826, 0.033826, 0.0, -0.033826, 0.0, -0.067651, 0.101477, -0.067651, 0.0, -0.067651, -0.101477, -0.033826, 0.0, 0.0, 0.033826, 0.0, 0.0, 0.067651, 0.033826, 0.0, 0.067651, 0.067651, 0.101477, 0.067651, -0.033826, 0.0, 0.067651, 0.135302, 0.033826, -0.067651, 0.033826, 0.067651, -0.033826, 0.033826, -0.033826, 0.0, 0.033826, 0.0, 0.101477, 0.0, 0.067651, 0.033826, -0.033826, 0.033826, -0.067651, -0.033826, 0.101477, 0.0, -0.033826, 0.0, 0.135302, 0.0, -0.067651, 0.067651, -0.101477, 0.067651, 0.033826, -0.033826, -0.067651, 0.101477, -0.101477, 0.0, 0.067651, -0.101477, 0.033826, -0.135302, 0.0, -0.033826, -0.033826, -0.033826, 0.033826, -0.033826, 0.0, -0.033826, -0.101477, 0.0, 0.0, 0.0, 0.135302, 0.101477, 0.101477, -0.033826, 0.033826, 0.033826, -0.067651, -0.033826, 0.0, 0.101477, 0.033826, 0.0, -0.033826, -0.101477, -0.135302, -0.033826, -0.033826, -0.033826, -0.033826, 0.0, -0.067651, 0.0, 0.033826, 0.0, 0.0, 0.067651, 0.033826, -0.033826, -0.101477, 0.0, 0.033826, 0.033826, 0.0, -0.067651, 0.0, -0.033826, 0.0, 0.0, 0.101477, 0.0, 0.033826, 0.0, 0.101477, 0.0, 0.0, 0.033826, 0.033826, 0.0, -0.067651, 0.033826, 0.0, 0.0, 0.0, -0.101477, -0.033826, 0.0, 0.033826, 0.033826, 0.0, 0.0, 0.067651, 0.0, 0.0, -0.067651, 0.033826, 0.0, 0.033826, -0.101477, 0.0, 0.0, -0.033826, 0.033826, 0.0, 0.067651, -0.033826, 0.0, -0.033826, 0.0, -0.033826, -0.067651, 0.033826, 0.033826, 0.033826, -0.101477, 0.101477, 0.0, 0.033826, 0.0, 0.067651, 0.0, 0.0, -0.033826, -0.033826, 0.0, 0.0, -0.067651, 0.0, 0.033826, 0.0, -0.067651, 0.0, 0.0, 0.0, 0.033826, 0.067651, 0.0, 0.0, 0.0, 0.067651, 0.0, 0.033826, 0.0, -0.101477, 0.033826, 0.0, 0.0, 0.0, 0.067651, 0.0, 0.067651, -0.033826, 0.101477, 0.0, -0.033826, 0.0, -0.067651, -0.202953, 0.0, -0.067651, 0.067651, 0.0, -0.033826, 0.033826, 0.033826, -0.033826, -0.033826, 0.101477, 0.0, -0.033826, -0.067651, -0.033826]",12,6,6,111,145,0.5062,0.5266,0.528,0.4938,1.0,0.4796,0.0,0.4826,2026-09-19T15:26:21
3f640723-3176-4654-8ab5-82a2a2302b65,P-E83994D768,T5,high,medium,google/gemma-4-31b-it,1,Neutral Engagement Agent,"After a long and tiring day, you return home with no immediate obligations. How do you usually spend that time?","[0.110282, -0.036761, 0.0, 0.0, 0.0, 0.036761, -0.036761, -0.036761, 0.0, -0.036761, 0.073521, -0.036761, 0.110282, 0.036761, 0.036761, -0.036761, -0.036761, 0.036761, 0.0, 0.0, 0.036761, 0.036761, -0.036761, 0.036761, 0.0, 0.0, 0.0, 0.0, 0.0, 0.036761, -0.036761, 0.0, 0.073521, 0.073521, 0.073521, -0.036761, -0.073521, 0.110282, 0.0, -0.036761, 0.0, 0.036761, 0.036761, 0.0, 0.0, -0.036761, 0.0, 0.0, -0.036761, 0.0, 0.036761, 0.073521, 0.036761, 0.073521, 0.036761, 0.0, 0.0, 0.0, 0.0, -0.036761, -0.036761, -0.036761, -0.036761, 0.036761, 0.0, -0.036761, 0.0, 0.0, 0.036761, -0.036761, -0.036761, 0.036761, 0.0, 0.0, 0.0, 0.0, 0.073521, -0.073521, -0.036761, 0.036761, 0.0, 0.036761, 0.036761, 0.0, 0.073521, -0.147043, 0.036761, -0.110282, 0.0, -0.036761, 0.0, 0.110282, -0.036761, -0.073521, 0.0, -0.036761, 0.036761, 0.0, -0.036761, -0.073521, 0.036761, 0.073521, -0.036761, 0.036761, 0.036761, 0.0, 0.0, -0.036761, 0.036761, -0.036761, 0.036761, -0.036761, 0.0, 0.073521, -0.073521, 0.036761, -0.036761, 0.036761, -0.036761, -0.036761, 0.0, 0.0, 0.0, 0.036761, 0.0, 0.0, -0.036761, 0.0, 0.073521, 0.036761, 0.0, -0.036761, 0.0, 0.110282, 0.0, -0.036761, 0.073521, 0.0, 0.0, 0.0, -0.036761, 0.036761, -0.073521, -0.036761, -0.036761, -0.036761, 0.0, 0.036761, 0.0, 0.0, -0.036761, -0.036761, -0.036761, 0.0, -0.036761, 0.0, 0.0, 0.036761, 0.110282, 0.0, 0.036761, 0.036761, -0.036761, 0.073521, 0.036761, 0.0, 0.110282, -0.036761, 0.036761, 0.0, -0.036761, 0.0, 0.0, 0.0, 0.0, -0.073521, -0.073521, -0.073521, -0.110282, 0.0, 0.036761, -0.036761, 0.036761, 0.036761, 0.0, 0.0, 0.0, 0.110282, 0.036761, 0.036761, 0.036761, 0.073521, 0.147043, 0.0, -0.036761, 0.036761, 0.073521, 0.0, -0.036761, 0.036761, 0.0, 0.036761, -0.036761, 0.073521, 0.0, -0.036761, -0.073521, -0.110282, 0.036761, -0.110282, 0.036761, 0.036761, 0.0, 0.073521, 0.0, 0.147043, 0.036761, 0.0, 0.036761, 0.036761, 0.0, -0.036761, 0.036761, -0.036761, 0.0, 0.0, 0.147043, 0.147043, 0.0, -0.036761, -0.073521, 0.0, -0.036761, -0.073521, 0.0, -0.110282, 0.036761, -0.036761, -0.036761, 0.0, -0.073521, 0.0, 0.036761, 0.220564, 0.036761, 0.0, 0.0, 0.0, 0.036761, -0.036761, -0.036761, 0.036761, 0.0, 0.0, -0.036761, 0.0, -0.073521, -0.036761, -0.110282, 0.0, -0.036761, -0.036761, -0.073521, 0.0, 0.0, -0.036761, 0.0, 0.0, -0.036761, 0.183804, -0.036761, 0.0, 0.036761, 0.036761, 0.036761, -0.036761, -0.036761, -0.110282, -0.073521, 0.036761, 0.073521, 0.0, 0.036761, 0.0, -0.073521, 0.073521, -0.036761, -0.036761, -0.036761, 0.110282, 0.0, 0.036761, 0.0, -0.036761, 0.036761, 0.0, -0.073521, 0.073521, -0.036761, -0.036761, 0.0, -0.036761, -0.147043, 0.073521, 0.0, 0.147043, 0.036761, 0.110282, 0.073521, 0.036761, 0.0, 0.0, -0.073521, -0.073521, 0.036761, 0.0, -0.073521, 0.036761, 0.0, 0.0, 0.036761, 0.0, 0.036761, 0.036761, -0.073521, -0.036761, -0.036761, -0.073521, 0.036761, 0.036761, 0.0, -0.036761, 0.0, 0.0, 0.110282, -0.036761, 0.0, 0.0, 0.110282, 0.0, 0.036761, 0.0, -0.036761, 0.0, -0.036761, 0.036761, 0.0, -0.073521, 0.036761, -0.036761, 0.036761, 0.036761, 0.036761, 0.0, 0.0, -0.110282, 0.0, -0.036761, 0.0, 0.0, 0.0, -0.036761, 0.036761, -0.036761, 0.0, 0.0, -0.036761, -0.036761, -0.036761, -0.147043, -0.036761, 0.0, 0.036761, -0.073521, 0.0, 0.036761, -0.073521, -0.036761, -0.036761, -0.036761, 0.0, 0.0, 0.073521, 0.0]",12,6,6,122,160,0.5574,0.5923,0.548,0.4426,1.0,0.3223,0.0,0.4927,2026-09-19T15:26:21
4a560c49-879c-40d8-92a9-d0121eb8a525,P-E83994D768,T2,low,small,google/gemma-3-4b-it,0,Neutral Engagement Agent,"A friend suggests ordering Thai food, but you are not familiar with the cuisine. How do you respond during the conversation?","[0.033826, -0.033826, -0.033826, -0.033826, -0.033826, -0.033826, 0.0, -0.101477, 0.0, -0.033826, 0.0, 0.033826, 0.101477, 0.033826, 0.0, 0.0, 0.033826, 0.033826, 0.0, 0.0, 0.0, 0.033826, -0.169128, 0.067651, 0.0, 0.0, 0.033826, 0.0, 0.033826, 0.0, -0.067651, 0.0, 0.033826, 0.033826, 0.033826, 0.0, -0.033826, 0.067651, 0.033826, 0.033826, 0.0, 0.0, 0.067651, 0.067651, 0.0, 0.0, -0.033826, 0.0, 0.135302, 0.0, 0.033826, 0.033826, 0.033826, 0.0, 0.033826, 0.0, -0.033826, 0.0, -0.067651, -0.033826, 0.033826, 0.0, -0.033826, 0.0, 0.033826, 0.0, 0.0, -0.033826, -0.033826, -0.101477, 0.033826, -0.101477, 0.0, -0.033826, 0.0, 0.0, 0.067651, 0.067651, -0.033826, -0.033826, 0.0, 0.101477, -0.067651, -0.067651, 0.0, -0.067651, 0.0, -0.101477, 0.0, -0.067651, 0.0, 0.0, 0.0, 0.0, -0.033826, 0.101477, 0.0, 0.0, -0.033826, -0.067651, -0.067651, 0.0, 0.067651, 0.033826, 0.0, -0.033826, 0.033826, 0.033826, 0.0, 0.0, 0.101477, -0.101477, 0.0, -0.033826, 0.033826, 0.067651, 0.067651, 0.0, -0.067651, 0.0, -0.033826, -0.033826, 0.067651, 0.0, 0.0, 0.0, 0.033826, 0.0, -0.033826, -0.067651, 0.0, -0.033826, 0.0, 0.135302, 0.033826, 0.033826, 0.033826, -0.067651, 0.0, 0.033826, 0.0, 0.0, -0.033826, 0.0, -0.067651, 0.0, 0.0, 0.0, 0.101477, 0.0, 0.067651, 0.0, -0.033826, 0.0, 0.033826, 0.033826, 0.0, 0.0, 0.101477, 0.0, -0.101477, 0.0, 0.0, 0.0, -0.067651, -0.033826, 0.033826, 0.0, -0.033826, 0.0, -0.067651, 0.101477, -0.067651, 0.0, -0.067651, -0.101477, -0.033826, 0.0, 0.0, 0.033826, 0.0, 0.0, 0.067651, 0.033826, 0.0, 0.067651, 0.067651, 0.101477, 0.067651, -0.033826, 0.0, 0.067651, 0.135302, 0.033826, -0.067651, 0.033826, 0.067651, -0.033826, 0.033826, -0.033826, 0.0, 0.033826, 0.0, 0.101477, 0.0, 0.067651, 0.033826, -0.033826, 0.033826, -0.067651, -0.033826, 0.101477, 0.0, -0.033826, 0.0, 0.135302, 0.0, -0.067651, 0.067651, -0.101477, 0.067651, 0.033826, -0.033826, -0.067651, 0.101477, -0.101477, 0.0, 0.067651, -0.101477, 0.033826, -0.135302, 0.0, -0.033826, -0.033826, -0.033826, 0.033826, -0.033826, 0.0, -0.033826, -0.101477, 0.0, 0.0, 0.0, 0.135302, 0.101477, 0.101477, -0.033826, 0.033826, 0.033826, -0.067651, -0.033826, 0.0, 0.101477, 0.033826, 0.0, -0.033826, -0.101477, -0.135302, -0.033826, -0.033826, -0.033826, -0.033826, 0.0, -0.067651, 0.0, 0.033826, 0.0, 0.0, 0.067651, 0.033826, -0.033826, -0.101477, 0.0, 0.033826, 0.033826, 0.0, -0.067651, 0.0, -0.033826, 0.0, 0.0, 0.101477, 0.0, 0.033826, 0.0, 0.101477, 0.0, 0.0, 0.033826, 0.033826, 0.0, -0.067651, 0.033826, 0.0, 0.0, 0.0, -0.101477, -0.033826, 0.0, 0.033826, 0.033826, 0.0, 0.0, 0.067651, 0.0, 0.0, -0.067651, 0.033826, 0.0, 0.033826, -0.101477, 0.0, 0.0, -0.033826, 0.033826, 0.0, 0.067651, -0.033826, 0.0, -0.033826, 0.0, -0.033826, -0.067651, 0.033826, 0.033826, 0.033826, -0.101477, 0.101477, 0.0, 0.033826, 0.0, 0.067651, 0.0, 0.0, -0.033826, -0.033826, 0.0, 0.0, -0.067651, 0.0, 0.033826, 0.0, -0.067651, 0.0, 0.0, 0.0, 0.033826, 0.067651, 0.0, 0.0, 0.0, 0.067651, 0.0, 0.033826, 0.0, -0.101477, 0.033826, 0.0, 0.0, 0.0, 0.067651, 0.0, 0.067651, -0.033826, 0.101477, 0.0, -0.033826, 0.0, -0.067651, -0.202953, 0.0, -0.067651, 0.067651, 0.0, -0.033826, 0.033826, 0.033826, -0.033826, -0.033826, 0.101477, 0.0, -0.033826, -0.067651, -0.033826]",12,6,6,87,113,0.5661,0.5749,0.4941,0.4339,1.0,0.4125,0.0833,0.4926,2026-09-19T15:26:21
4cf006f5-a4f7-44ad-9577-9baf1403df75,P-E83994D768,T2,low,medium,google/gemma-4-31b-it,0,Neutral Engagement Agent,"A friend suggests ordering Chinese food, but you are not familiar with the cuisine. How do you respond during the conversation?","[0.033558, -0.033558, -0.033558, -0.033558, -0.033558, -0.033558, 0.0, -0.100673, 0.0, -0.033558, 0.0, 0.033558, 0.100673, 0.033558, 0.0, 0.0, 0.033558, 0.033558, 0.0, 0.0, 0.0, 0.033558, -0.167789, 0.067116, 0.0, 0.0, 0.033558, 0.0, 0.0, 0.0, -0.033558, 0.0, 0.067116, 0.033558, 0.033558, 0.033558, -0.033558, 0.067116, 0.0, 0.033558, 0.0, 0.0, 0.067116, 0.100673, 0.0, 0.0, -0.033558, 0.0, 0.134231, 0.0, 0.033558, 0.033558, 0.033558, -0.067116, 0.033558, 0.0, 0.0, 0.0, -0.067116, -0.033558, 0.033558, 0.0, -0.033558, 0.0, 0.033558, 0.0, 0.0, -0.033558, -0.033558, -0.100673, 0.033558, -0.100673, 0.0, -0.033558, -0.033558, 0.0, 0.067116, 0.067116, -0.033558, -0.033558, 0.0, 0.100673, -0.067116, -0.067116, 0.0, -0.067116, 0.0, -0.100673, 0.0, -0.067116, 0.0, 0.0, 0.0, 0.0, -0.033558, 0.067116, 0.033558, 0.0, -0.033558, -0.067116, -0.033558, 0.0, 0.0, 0.033558, 0.0, -0.033558, 0.033558, 0.0, 0.0, 0.0, 0.100673, -0.067116, 0.0, -0.033558, 0.067116, 0.067116, 0.067116, 0.0, -0.100673, 0.0, -0.033558, -0.033558, 0.100673, 0.0, -0.033558, 0.0, 0.033558, 0.0, -0.033558, -0.067116, 0.0, -0.033558, 0.0, 0.134231, 0.033558, 0.033558, 0.033558, -0.067116, 0.0, 0.033558, 0.033558, 0.0, -0.033558, -0.033558, -0.067116, 0.0, 0.0, 0.0, 0.100673, 0.0, 0.067116, 0.033558, -0.033558, 0.0, 0.033558, 0.033558, 0.0, 0.0, 0.100673, 0.0, -0.100673, 0.033558, 0.0, 0.0, -0.067116, -0.067116, 0.0, -0.033558, -0.033558, 0.0, -0.067116, 0.100673, -0.033558, 0.0, -0.067116, -0.100673, -0.033558, 0.0, 0.0, 0.033558, 0.0, 0.0, 0.067116, 0.067116, 0.0, 0.067116, 0.067116, 0.100673, 0.067116, -0.033558, 0.0, 0.067116, 0.134231, 0.033558, -0.067116, 0.033558, 0.067116, -0.033558, 0.033558, -0.033558, -0.033558, 0.033558, 0.0, 0.100673, 0.033558, 0.067116, 0.033558, -0.033558, 0.033558, -0.067116, -0.033558, 0.100673, 0.0, -0.033558, 0.0, 0.134231, 0.0, -0.067116, 0.067116, -0.067116, 0.067116, 0.0, -0.067116, -0.067116, 0.100673, -0.100673, -0.033558, 0.067116, -0.100673, 0.033558, -0.134231, 0.0, -0.033558, -0.033558, -0.067116, 0.0, -0.033558, 0.0, -0.033558, -0.100673, 0.0, -0.033558, 0.0, 0.134231, 0.100673, 0.100673, 0.0, 0.033558, 0.033558, -0.067116, -0.033558, 0.033558, 0.100673, 0.033558, 0.0, -0.033558, -0.100673, -0.134231, -0.033558, -0.033558, -0.033558, -0.067116, 0.0, -0.067116, 0.033558, 0.033558, 0.0, 0.0, 0.067116, 0.033558, -0.033558, -0.100673, 0.0, 0.033558, 0.0, 0.033558, -0.067116, 0.0, -0.033558, 0.0, 0.0, 0.100673, 0.0, 0.033558, 0.0, 0.067116, 0.0, 0.0, 0.033558, 0.033558, 0.0, -0.100673, 0.033558, 0.0, 0.0, 0.0, -0.067116, -0.033558, 0.0, 0.033558, 0.033558, 0.0, 0.0, 0.067116, 0.0, 0.0, -0.067116, 0.033558, 0.0, 0.067116, -0.100673, 0.0, -0.067116, -0.033558, 0.033558, 0.0, 0.067116, -0.033558, 0.0, -0.033558, 0.0, -0.033558, -0.067116, 0.033558, 0.033558, 0.033558, -0.100673, 0.067116, 0.0, 0.033558, 0.0, 0.033558, -0.033558, 0.0, -0.033558, -0.033558, 0.0, 0.0, -0.067116, 0.0, 0.033558, 0.0, -0.067116, 0.0, 0.0, 0.0, 0.033558, 0.067116, 0.0, 0.0, 0.0, 0.067116, 0.0, 0.033558, 0.0, -0.100673, 0.033558, 0.0, 0.0, 0.0, 0.033558, 0.0, 0.033558, -0.033558, 0.134231, 0.0, -0.033558, 0.0, -0.067116, -0.201347, 0.0, -0.067116, 0.067116, 0.0, -0.033558, 0.033558, 0.033558, -0.033558, -0.033558, 0.100673, 0.0, 0.0, -0.067116, -0.033558]",12,6,6,93,120,0.5518,0.5415,0.5113,0.4482,1.0,0.4458,0.0833,0.4955,2026-09-19T15:26:21
56af9664-8a1b-4584-82ff-3c9818e72c81,P-E83994D768,T5,high,medium,google/gemma-4-31b-it,1,Neutral Engagement Agent,Imagine you unexpectedly have a free evening with nothing scheduled. How would you typically spend it?,"[-0.039841, 0.039841, 0.039841, 0.0, -0.039841, 0.079682, -0.119523, -0.039841, 0.0, 0.0, 0.0, 0.039841, 0.039841, 0.0, 0.0, 0.039841, -0.039841, 0.0, 0.0, 0.039841, 0.0, 0.0, 0.0, 0.039841, 0.0, 0.039841, -0.039841, -0.039841, 0.0, 0.039841, -0.039841, 0.0, 0.079682, 0.079682, 0.119523, -0.039841, -0.119523, 0.0, 0.0, 0.0, 0.0, -0.039841, -0.039841, -0.039841, 0.0, -0.079682, 0.0, -0.079682, -0.039841, -0.079682, 0.039841, -0.039841, 0.079682, 0.039841, 0.039841, 0.0, 0.0, 0.039841, 0.0, -0.039841, -0.039841, 0.0, 0.0, 0.0, 0.0, 0.0, 0.0, 0.0, 0.0, 0.039841, -0.039841, 0.0, 0.0, 0.0, 0.0, 0.0, 0.119523, -0.039841, 0.0, -0.039841, 0.0, 0.079682, 0.0, 0.0, 0.0, -0.079682, 0.0, -0.119523, 0.0, -0.119523, 0.0, -0.079682, 0.0, 0.039841, 0.079682, -0.079682, 0.039841, -0.039841, -0.039841, -0.159364, 0.0, 0.0, 0.0, 0.079682, 0.039841, -0.039841, -0.039841, -0.039841, 0.0, 0.0, -0.039841, -0.039841, 0.0, 0.079682, -0.119523, 0.039841, 0.039841, 0.0, 0.0, -0.039841, -0.039841, 0.0, -0.039841, -0.079682, -0.039841, 0.0, 0.0, 0.0, 0.039841, 0.0, 0.039841, 0.0, 0.039841, 0.119523, 0.039841, -0.039841, 0.079682, -0.079682, -0.039841, 0.0, 0.0, 0.039841, -0.039841, -0.039841, 0.039841, 0.0, 0.0, 0.039841, 0.039841, 0.0, -0.039841, 0.0, 0.039841, 0.0, -0.079682, 0.079682, 0.039841, 0.079682, 0.119523, -0.039841, 0.039841, 0.039841, 0.0, 0.079682, 0.039841, 0.039841, -0.039841, 0.0, 0.0, -0.079682, 0.039841, 0.0, 0.039841, 0.119523, -0.079682, 0.039841, -0.079682, 0.0, -0.039841, 0.0, 0.079682, 0.0, 0.039841, 0.039841, -0.079682, -0.039841, 0.039841, 0.079682, 0.039841, 0.0, 0.159364, 0.079682, 0.159364, 0.0, -0.159364, 0.0, 0.039841, 0.0, -0.079682, 0.0, 0.0, 0.0, 0.0, -0.079682, 0.039841, 0.039841, 0.0, -0.039841, 0.0, -0.159364, 0.039841, -0.039841, 0.039841, 0.0, -0.039841, 0.039841, 0.079682, 0.039841, 0.0, 0.0, 0.039841, 0.0, 0.0, -0.079682, 0.0, 0.079682, 0.119523, 0.079682, -0.039841, 0.079682, -0.079682, 0.0, -0.039841, 0.0, 0.039841, 0.0, 0.0, -0.039841, 0.0, 0.079682, 0.0, -0.039841, 0.0, 0.119523, 0.039841, 0.0, 0.039841, -0.039841, 0.0, 0.0, 0.039841, 0.039841, 0.119523, 0.0, 0.0, 0.039841, -0.079682, -0.079682, -0.039841, 0.119523, -0.079682, -0.079682, 0.0, 0.0, 0.0, -0.039841, 0.0, 0.039841, 0.0, 0.119523, 0.039841, 0.079682, 0.0, 0.0, 0.079682, 0.079682, 0.039841, -0.039841, 0.0, -0.039841, 0.039841, 0.039841, 0.0, 0.039841, 0.0, 0.079682, -0.039841, -0.039841, 0.039841, 0.039841, 0.0, -0.039841, -0.039841, 0.0, -0.079682, 0.079682, 0.0, 0.039841, 0.0, -0.039841, 0.0, 0.079682, 0.039841, 0.079682, 0.0, 0.0, 0.039841, -0.039841, 0.0, 0.0, -0.039841, 0.0, -0.079682, 0.0, 0.039841, 0.119523, 0.039841, 0.039841, 0.079682, 0.0, 0.0, 0.0, 0.079682, 0.079682, -0.079682, 0.039841, 0.0, 0.039841, 0.079682, 0.039841, -0.039841, 0.0, 0.039841, 0.039841, -0.039841, 0.0, 0.0, -0.039841, 0.039841, 0.0, 0.0, 0.0, -0.039841, -0.039841, -0.039841, 0.039841, 0.0, 0.0, 0.039841, -0.079682, -0.039841, 0.0, 0.0, 0.0, -0.079682, -0.039841, 0.079682, 0.0, 0.079682, 0.0, -0.039841, 0.0, 0.0, 0.0, -0.039841, 0.0, -0.039841, 0.0, 0.0, -0.079682, -0.039841, 0.0, 0.079682, -0.039841, -0.039841, 0.039841, -0.119523, -0.039841, 0.039841, 0.039841, 0.039841, -0.039841, 0.0, 0.0]",12,6,6,122,158,0.5901,0.6089,0.5488,0.4099,1.0,0.4766,0.0,0.4962,2026-09-19T15:26:21
625a8df3-8400-4df2-a18c-6451dc28d414,P-E83994D768,T5,high,small,google/gemma-3-4b-it,0,Neutral Engagement Agent,"After a long and tiring day, you return home with no immediate obligations. How do you usually spend that time?","[0.110282, -0.036761, 0.0, 0.0, 0.0, 0.036761, -0.036761, -0.036761, 0.0, -0.036761, 0.073521, -0.036761, 0.110282, 0.036761, 0.036761, -0.036761, -0.036761, 0.036761, 0.0, 0.0, 0.036761, 0.036761, -0.036761, 0.036761, 0.0, 0.0, 0.0, 0.0, 0.0, 0.036761, -0.036761, 0.0, 0.073521, 0.073521, 0.073521, -0.036761, -0.073521, 0.110282, 0.0, -0.036761, 0.0, 0.036761, 0.036761, 0.0, 0.0, -0.036761, 0.0, 0.0, -0.036761, 0.0, 0.036761, 0.073521, 0.036761, 0.073521, 0.036761, 0.0, 0.0, 0.0, 0.0, -0.036761, -0.036761, -0.036761, -0.036761, 0.036761, 0.0, -0.036761, 0.0, 0.0, 0.036761, -0.036761, -0.036761, 0.036761, 0.0, 0.0, 0.0, 0.0, 0.073521, -0.073521, -0.036761, 0.036761, 0.0, 0.036761, 0.036761, 0.0, 0.073521, -0.147043, 0.036761, -0.110282, 0.0, -0.036761, 0.0, 0.110282, -0.036761, -0.073521, 0.0, -0.036761, 0.036761, 0.0, -0.036761, -0.073521, 0.036761, 0.073521, -0.036761, 0.036761, 0.036761, 0.0, 0.0, -0.036761, 0.036761, -0.036761, 0.036761, -0.036761, 0.0, 0.073521, -0.073521, 0.036761, -0.036761, 0.036761, -0.036761, -0.036761, 0.0, 0.0, 0.0, 0.036761, 0.0, 0.0, -0.036761, 0.0, 0.073521, 0.036761, 0.0, -0.036761, 0.0, 0.110282, 0.0, -0.036761, 0.073521, 0.0, 0.0, 0.0, -0.036761, 0.036761, -0.073521, -0.036761, -0.036761, -0.036761, 0.0, 0.036761, 0.0, 0.0, -0.036761, -0.036761, -0.036761, 0.0, -0.036761, 0.0, 0.0, 0.036761, 0.110282, 0.0, 0.036761, 0.036761, -0.036761, 0.073521, 0.036761, 0.0, 0.110282, -0.036761, 0.036761, 0.0, -0.036761, 0.0, 0.0, 0.0, 0.0, -0.073521, -0.073521, -0.073521, -0.110282, 0.0, 0.036761, -0.036761, 0.036761, 0.036761, 0.0, 0.0, 0.0, 0.110282, 0.036761, 0.036761, 0.036761, 0.073521, 0.147043, 0.0, -0.036761, 0.036761, 0.073521, 0.0, -0.036761, 0.036761, 0.0, 0.036761, -0.036761, 0.073521, 0.0, -0.036761, -0.073521, -0.110282, 0.036761, -0.110282, 0.036761, 0.036761, 0.0, 0.073521, 0.0, 0.147043, 0.036761, 0.0, 0.036761, 0.036761, 0.0, -0.036761, 0.036761, -0.036761, 0.0, 0.0, 0.147043, 0.147043, 0.0, -0.036761, -0.073521, 0.0, -0.036761, -0.073521, 0.0, -0.110282, 0.036761, -0.036761, -0.036761, 0.0, -0.073521, 0.0, 0.036761, 0.220564, 0.036761, 0.0, 0.0, 0.0, 0.036761, -0.036761, -0.036761, 0.036761, 0.0, 0.0, -0.036761, 0.0, -0.073521, -0.036761, -0.110282, 0.0, -0.036761, -0.036761, -0.073521, 0.0, 0.0, -0.036761, 0.0, 0.0, -0.036761, 0.183804, -0.036761, 0.0, 0.036761, 0.036761, 0.036761, -0.036761, -0.036761, -0.110282, -0.073521, 0.036761, 0.073521, 0.0, 0.036761, 0.0, -0.073521, 0.073521, -0.036761, -0.036761, -0.036761, 0.110282, 0.0, 0.036761, 0.0, -0.036761, 0.036761, 0.0, -0.073521, 0.073521, -0.036761, -0.036761, 0.0, -0.036761, -0.147043, 0.073521, 0.0, 0.147043, 0.036761, 0.110282, 0.073521, 0.036761, 0.0, 0.0, -0.073521, -0.073521, 0.036761, 0.0, -0.073521, 0.036761, 0.0, 0.0, 0.036761, 0.0, 0.036761, 0.036761, -0.073521, -0.036761, -0.036761, -0.073521, 0.036761, 0.036761, 0.0, -0.036761, 0.0, 0.0, 0.110282, -0.036761, 0.0, 0.0, 0.110282, 0.0, 0.036761, 0.0, -0.036761, 0.0, -0.036761, 0.036761, 0.0, -0.073521, 0.036761, -0.036761, 0.036761, 0.036761, 0.036761, 0.0, 0.0, -0.110282, 0.0, -0.036761, 0.0, 0.0, 0.0, -0.036761, 0.036761, -0.036761, 0.0, 0.0, -0.036761, -0.036761, -0.036761, -0.147043, -0.036761, 0.0, 0.036761, -0.073521, 0.0, 0.036761, -0.073521, -0.036761, -0.036761, -0.036761, 0.0, 0.0, 0.073521, 0.0]",12,6,6,67,87,0.5472,0.5335,0.5232,0.4528,1.0,0.3594,0.1667,0.5105,2026-09-19T15:26:20
63ca9bf2-8129-450e-95c8-e8f8640b72e3,P-E83994D768,T2,low,small,google/gemma-3-4b-it,1,Neutral Engagement Agent,"A friend suggests ordering Chinese food, but you are not familiar with the cuisine. How do you respond during the conversation?","[0.033558, -0.033558, -0.033558, -0.033558, -0.033558, -0.033558, 0.0, -0.100673, 0.0, -0.033558, 0.0, 0.033558, 0.100673, 0.033558, 0.0, 0.0, 0.033558, 0.033558, 0.0, 0.0, 0.0, 0.033558, -0.167789, 0.067116, 0.0, 0.0, 0.033558, 0.0, 0.0, 0.0, -0.033558, 0.0, 0.067116, 0.033558, 0.033558, 0.033558, -0.033558, 0.067116, 0.0, 0.033558, 0.0, 0.0, 0.067116, 0.100673, 0.0, 0.0, -0.033558, 0.0, 0.134231, 0.0, 0.033558, 0.033558, 0.033558, -0.067116, 0.033558, 0.0, 0.0, 0.0, -0.067116, -0.033558, 0.033558, 0.0, -0.033558, 0.0, 0.033558, 0.0, 0.0, -0.033558, -0.033558, -0.100673, 0.033558, -0.100673, 0.0, -0.033558, -0.033558, 0.0, 0.067116, 0.067116, -0.033558, -0.033558, 0.0, 0.100673, -0.067116, -0.067116, 0.0, -0.067116, 0.0, -0.100673, 0.0, -0.067116, 0.0, 0.0, 0.0, 0.0, -0.033558, 0.067116, 0.033558, 0.0, -0.033558, -0.067116, -0.033558, 0.0, 0.0, 0.033558, 0.0, -0.033558, 0.033558, 0.0, 0.0, 0.0, 0.100673, -0.067116, 0.0, -0.033558, 0.067116, 0.067116, 0.067116, 0.0, -0.100673, 0.0, -0.033558, -0.033558, 0.100673, 0.0, -0.033558, 0.0, 0.033558, 0.0, -0.033558, -0.067116, 0.0, -0.033558, 0.0, 0.134231, 0.033558, 0.033558, 0.033558, -0.067116, 0.0, 0.033558, 0.033558, 0.0, -0.033558, -0.033558, -0.067116, 0.0, 0.0, 0.0, 0.100673, 0.0, 0.067116, 0.033558, -0.033558, 0.0, 0.033558, 0.033558, 0.0, 0.0, 0.100673, 0.0, -0.100673, 0.033558, 0.0, 0.0, -0.067116, -0.067116, 0.0, -0.033558, -0.033558, 0.0, -0.067116, 0.100673, -0.033558, 0.0, -0.067116, -0.100673, -0.033558, 0.0, 0.0, 0.033558, 0.0, 0.0, 0.067116, 0.067116, 0.0, 0.067116, 0.067116, 0.100673, 0.067116, -0.033558, 0.0, 0.067116, 0.134231, 0.033558, -0.067116, 0.033558, 0.067116, -0.033558, 0.033558, -0.033558, -0.033558, 0.033558, 0.0, 0.100673, 0.033558, 0.067116, 0.033558, -0.033558, 0.033558, -0.067116, -0.033558, 0.100673, 0.0, -0.033558, 0.0, 0.134231, 0.0, -0.067116, 0.067116, -0.067116, 0.067116, 0.0, -0.067116, -0.067116, 0.100673, -0.100673, -0.033558, 0.067116, -0.100673, 0.033558, -0.134231, 0.0, -0.033558, -0.033558, -0.067116, 0.0, -0.033558, 0.0, -0.033558, -0.100673, 0.0, -0.033558, 0.0, 0.134231, 0.100673, 0.100673, 0.0, 0.033558, 0.033558, -0.067116, -0.033558, 0.033558, 0.100673, 0.033558, 0.0, -0.033558, -0.100673, -0.134231, -0.033558, -0.033558, -0.033558, -0.067116, 0.0, -0.067116, 0.033558, 0.033558, 0.0, 0.0, 0.067116, 0.033558, -0.033558, -0.100673, 0.0, 0.033558, 0.0, 0.033558, -0.067116, 0.0, -0.033558, 0.0, 0.0, 0.100673, 0.0, 0.033558, 0.0, 0.067116, 0.0, 0.0, 0.033558, 0.033558, 0.0, -0.100673, 0.033558, 0.0, 0.0, 0.0, -0.067116, -0.033558, 0.0, 0.033558, 0.033558, 0.0, 0.0, 0.067116, 0.0, 0.0, -0.067116, 0.033558, 0.0, 0.067116, -0.100673, 0.0, -0.067116, -0.033558, 0.033558, 0.0, 0.067116, -0.033558, 0.0, -0.033558, 0.0, -0.033558, -0.067116, 0.033558, 0.033558, 0.033558, -0.100673, 0.067116, 0.0, 0.033558, 0.0, 0.033558, -0.033558, 0.0, -0.033558, -0.033558, 0.0, 0.0, -0.067116, 0.0, 0.033558, 0.0, -0.067116, 0.0, 0.0, 0.0, 0.033558, 0.067116, 0.0, 0.0, 0.0, 0.067116, 0.0, 0.033558, 0.0, -0.100673, 0.033558, 0.0, 0.0, 0.0, 0.033558, 0.0, 0.033558, -0.033558, 0.134231, 0.0, -0.033558, 0.0, -0.067116, -0.201347, 0.0, -0.067116, 0.067116, 0.0, -0.033558, 0.033558, 0.033558, -0.033558, -0.033558, 0.100673, 0.0, 0.0, -0.067116, -0.033558]",12,6,6,84,109,0.5549,0.5721,0.4866,0.4451,1.0,0.5139,0.3333,0.5271,2026-09-19T15:26:20
64ea6231-9b0a-4fb7-a959-f5f274ff35b4,P-E83994D768,T2,low,small,google/gemma-3-4b-it,0,Neutral Engagement Agent,"A friend suggests ordering Chinese food, but you are not familiar with the cuisine. How do you respond during the conversation?","[0.033558, -0.033558, -0.033558, -0.033558, -0.033558, -0.033558, 0.0, -0.100673, 0.0, -0.033558, 0.0, 0.033558, 0.100673, 0.033558, 0.0, 0.0, 0.033558, 0.033558, 0.0, 0.0, 0.0, 0.033558, -0.167789, 0.067116, 0.0, 0.0, 0.033558, 0.0, 0.0, 0.0, -0.033558, 0.0, 0.067116, 0.033558, 0.033558, 0.033558, -0.033558, 0.067116, 0.0, 0.033558, 0.0, 0.0, 0.067116, 0.100673, 0.0, 0.0, -0.033558, 0.0, 0.134231, 0.0, 0.033558, 0.033558, 0.033558, -0.067116, 0.033558, 0.0, 0.0, 0.0, -0.067116, -0.033558, 0.033558, 0.0, -0.033558, 0.0, 0.033558, 0.0, 0.0, -0.033558, -0.033558, -0.100673, 0.033558, -0.100673, 0.0, -0.033558, -0.033558, 0.0, 0.067116, 0.067116, -0.033558, -0.033558, 0.0, 0.100673, -0.067116, -0.067116, 0.0, -0.067116, 0.0, -0.100673, 0.0, -0.067116, 0.0, 0.0, 0.0, 0.0, -0.033558, 0.067116, 0.033558, 0.0, -0.033558, -0.067116, -0.033558, 0.0, 0.0, 0.033558, 0.0, -0.033558, 0.033558, 0.0, 0.0, 0.0, 0.100673, -0.067116, 0.0, -0.033558, 0.067116, 0.067116, 0.067116, 0.0, -0.100673, 0.0, -0.033558, -0.033558, 0.100673, 0.0, -0.033558, 0.0, 0.033558, 0.0, -0.033558, -0.067116, 0.0, -0.033558, 0.0, 0.134231, 0.033558, 0.033558, 0.033558, -0.067116, 0.0, 0.033558, 0.033558, 0.0, -0.033558, -0.033558, -0.067116, 0.0, 0.0, 0.0, 0.100673, 0.0, 0.067116, 0.033558, -0.033558, 0.0, 0.033558, 0.033558, 0.0, 0.0, 0.100673, 0.0, -0.100673, 0.033558, 0.0, 0.0, -0.067116, -0.067116, 0.0, -0.033558, -0.033558, 0.0, -0.067116, 0.100673, -0.033558, 0.0, -0.067116, -0.100673, -0.033558, 0.0, 0.0, 0.033558, 0.0, 0.0, 0.067116, 0.067116, 0.0, 0.067116, 0.067116, 0.100673, 0.067116, -0.033558, 0.0, 0.067116, 0.134231, 0.033558, -0.067116, 0.033558, 0.067116, -0.033558, 0.033558, -0.033558, -0.033558, 0.033558, 0.0, 0.100673, 0.033558, 0.067116, 0.033558, -0.033558, 0.033558, -0.067116, -0.033558, 0.100673, 0.0, -0.033558, 0.0, 0.134231, 0.0, -0.067116, 0.067116, -0.067116, 0.067116, 0.0, -0.067116, -0.067116, 0.100673, -0.100673, -0.033558, 0.067116, -0.100673, 0.033558, -0.134231, 0.0, -0.033558, -0.033558, -0.067116, 0.0, -0.033558, 0.0, -0.033558, -0.100673, 0.0, -0.033558, 0.0, 0.134231, 0.100673, 0.100673, 0.0, 0.033558, 0.033558, -0.067116, -0.033558, 0.033558, 0.100673, 0.033558, 0.0, -0.033558, -0.100673, -0.134231, -0.033558, -0.033558, -0.033558, -0.067116, 0.0, -0.067116, 0.033558, 0.033558, 0.0, 0.0, 0.067116, 0.033558, -0.033558, -0.100673, 0.0, 0.033558, 0.0, 0.033558, -0.067116, 0.0, -0.033558, 0.0, 0.0, 0.100673, 0.0, 0.033558, 0.0, 0.067116, 0.0, 0.0, 0.033558, 0.033558, 0.0, -0.100673, 0.033558, 0.0, 0.0, 0.0, -0.067116, -0.033558, 0.0, 0.033558, 0.033558, 0.0, 0.0, 0.067116, 0.0, 0.0, -0.067116, 0.033558, 0.0, 0.067116, -0.100673, 0.0, -0.067116, -0.033558, 0.033558, 0.0, 0.067116, -0.033558, 0.0, -0.033558, 0.0, -0.033558, -0.067116, 0.033558, 0.033558, 0.033558, -0.100673, 0.067116, 0.0, 0.033558, 0.0, 0.033558, -0.033558, 0.0, -0.033558, -0.033558, 0.0, 0.0, -0.067116, 0.0, 0.033558, 0.0, -0.067116, 0.0, 0.0, 0.0, 0.033558, 0.067116, 0.0, 0.0, 0.0, 0.067116, 0.0, 0.033558, 0.0, -0.100673, 0.033558, 0.0, 0.0, 0.0, 0.033558, 0.0, 0.033558, -0.033558, 0.134231, 0.0, -0.033558, 0.0, -0.067116, -0.201347, 0.0, -0.067116, 0.067116, 0.0, -0.033558, 0.033558, 0.033558, -0.033558, -0.033558, 0.100673, 0.0, 0.0, -0.067116, -0.033558]",12,6,6,85,110,0.6064,0.6118,0.5291,0.3936,1.0,0.5493,0.3333,0.5429,2026-09-19T15:26:21
7c88fce9-adce-4aa0-86ea-0e5bd730f155,P-E83994D768,T5,high,small,google/gemma-3-4b-it,1,Neutral Engagement Agent,"After a long and tiring day, you return home with no immediate obligations. How do you usually spend that time?","[0.110282, -0.036761, 0.0, 0.0, 0.0, 0.036761, -0.036761, -0.036761, 0.0, -0.036761, 0.073521, -0.036761, 0.110282, 0.036761, 0.036761, -0.036761, -0.036761, 0.036761, 0.0, 0.0, 0.036761, 0.036761, -0.036761, 0.036761, 0.0, 0.0, 0.0, 0.0, 0.0, 0.036761, -0.036761, 0.0, 0.073521, 0.073521, 0.073521, -0.036761, -0.073521, 0.110282, 0.0, -0.036761, 0.0, 0.036761, 0.036761, 0.0, 0.0, -0.036761, 0.0, 0.0, -0.036761, 0.0, 0.036761, 0.073521, 0.036761, 0.073521, 0.036761, 0.0, 0.0, 0.0, 0.0, -0.036761, -0.036761, -0.036761, -0.036761, 0.036761, 0.0, -0.036761, 0.0, 0.0, 0.036761, -0.036761, -0.036761, 0.036761, 0.0, 0.0, 0.0, 0.0, 0.073521, -0.073521, -0.036761, 0.036761, 0.0, 0.036761, 0.036761, 0.0, 0.073521, -0.147043, 0.036761, -0.110282, 0.0, -0.036761, 0.0, 0.110282, -0.036761, -0.073521, 0.0, -0.036761, 0.036761, 0.0, -0.036761, -0.073521, 0.036761, 0.073521, -0.036761, 0.036761, 0.036761, 0.0, 0.0, -0.036761, 0.036761, -0.036761, 0.036761, -0.036761, 0.0, 0.073521, -0.073521, 0.036761, -0.036761, 0.036761, -0.036761, -0.036761, 0.0, 0.0, 0.0, 0.036761, 0.0, 0.0, -0.036761, 0.0, 0.073521, 0.036761, 0.0, -0.036761, 0.0, 0.110282, 0.0, -0.036761, 0.073521, 0.0, 0.0, 0.0, -0.036761, 0.036761, -0.073521, -0.036761, -0.036761, -0.036761, 0.0, 0.036761, 0.0, 0.0, -0.036761, -0.036761, -0.036761, 0.0, -0.036761, 0.0, 0.0, 0.036761, 0.110282, 0.0, 0.036761, 0.036761, -0.036761, 0.073521, 0.036761, 0.0, 0.110282, -0.036761, 0.036761, 0.0, -0.036761, 0.0, 0.0, 0.0, 0.0, -0.073521, -0.073521, -0.073521, -0.110282, 0.0, 0.036761, -0.036761, 0.036761, 0.036761, 0.0, 0.0, 0.0, 0.110282, 0.036761, 0.036761, 0.036761, 0.073521, 0.147043, 0.0, -0.036761, 0.036761, 0.073521, 0.0, -0.036761, 0.036761, 0.0, 0.036761, -0.036761, 0.073521, 0.0, -0.036761, -0.073521, -0.110282, 0.036761, -0.110282, 0.036761, 0.036761, 0.0, 0.073521, 0.0, 0.147043, 0.036761, 0.0, 0.036761, 0.036761, 0.0, -0.036761, 0.036761, -0.036761, 0.0, 0.0, 0.147043, 0.147043, 0.0, -0.036761, -0.073521, 0.0, -0.036761, -0.073521, 0.0, -0.110282, 0.036761, -0.036761, -0.036761, 0.0, -0.073521, 0.0, 0.036761, 0.220564, 0.036761, 0.0, 0.0, 0.0, 0.036761, -0.036761, -0.036761, 0.036761, 0.0, 0.0, -0.036761, 0.0, -0.073521, -0.036761, -0.110282, 0.0, -0.036761, -0.036761, -0.073521, 0.0, 0.0, -0.036761, 0.0, 0.0, -0.036761, 0.183804, -0.036761, 0.0, 0.036761, 0.036761, 0.036761, -0.036761, -0.036761, -0.110282, -0.073521, 0.036761, 0.073521, 0.0, 0.036761, 0.0, -0.073521, 0.073521, -0.036761, -0.036761, -0.036761, 0.110282, 0.0, 0.036761, 0.0, -0.036761, 0.036761, 0.0, -0.073521, 0.073521, -0.036761, -0.036761, 0.0, -0.036761, -0.147043, 0.073521, 0.0, 0.147043, 0.036761, 0.110282, 0.073521, 0.036761, 0.0, 0.0, -0.073521, -0.073521, 0.036761, 0.0, -0.073521, 0.036761, 0.0, 0.0, 0.036761, 0.0, 0.036761, 0.036761, -0.073521, -0.036761, -0.036761, -0.073521, 0.036761, 0.036761, 0.0, -0.036761, 0.0, 0.0, 0.110282, -0.036761, 0.0, 0.0, 0.110282, 0.0, 0.036761, 0.0, -0.036761, 0.0, -0.036761, 0.036761, 0.0, -0.073521, 0.036761, -0.036761, 0.036761, 0.036761, 0.036761, 0.0, 0.0, -0.110282, 0.0, -0.036761, 0.0, 0.0, 0.0, -0.036761, 0.036761, -0.036761, 0.0, 0.0, -0.036761, -0.036761, -0.036761, -0.147043, -0.036761, 0.0, 0.036761, -0.073521, 0.0, 0.036761, -0.073521, -0.036761, -0.036761, -0.036761, 0.0, 0.0, 0.073521, 0.0]",12,6,6,76,99,0.566,0.5516,0.53,0.434,1.0,0.4559,0.0833,0.5016,2026-09-19T15:26:20
8bccacd5-29f3-4e7f-a123-24754ea8fe8b,P-E83994D768,T2,low,medium,google/gemma-4-31b-it,0,Neutral Engagement Agent,"A friend suggests ordering Thai food, but you are not familiar with the cuisine. How do you respond during the conversation?","[0.033826, -0.033826, -0.033826, -0.033826, -0.033826, -0.033826, 0.0, -0.101477, 0.0, -0.033826, 0.0, 0.033826, 0.101477, 0.033826, 0.0, 0.0, 0.033826, 0.033826, 0.0, 0.0, 0.0, 0.033826, -0.169128, 0.067651, 0.0, 0.0, 0.033826, 0.0, 0.033826, 0.0, -0.067651, 0.0, 0.033826, 0.033826, 0.033826, 0.0, -0.033826, 0.067651, 0.033826, 0.033826, 0.0, 0.0, 0.067651, 0.067651, 0.0, 0.0, -0.033826, 0.0, 0.135302, 0.0, 0.033826, 0.033826, 0.033826, 0.0, 0.033826, 0.0, -0.033826, 0.0, -0.067651, -0.033826, 0.033826, 0.0, -0.033826, 0.0, 0.033826, 0.0, 0.0, -0.033826, -0.033826, -0.101477, 0.033826, -0.101477, 0.0, -0.033826, 0.0, 0.0, 0.067651, 0.067651, -0.033826, -0.033826, 0.0, 0.101477, -0.067651, -0.067651, 0.0, -0.067651, 0.0, -0.101477, 0.0, -0.067651, 0.0, 0.0, 0.0, 0.0, -0.033826, 0.101477, 0.0, 0.0, -0.033826, -0.067651, -0.067651, 0.0, 0.067651, 0.033826, 0.0, -0.033826, 0.033826, 0.033826, 0.0, 0.0, 0.101477, -0.101477, 0.0, -0.033826, 0.033826, 0.067651, 0.067651, 0.0, -0.067651, 0.0, -0.033826, -0.033826, 0.067651, 0.0, 0.0, 0.0, 0.033826, 0.0, -0.033826, -0.067651, 0.0, -0.033826, 0.0, 0.135302, 0.033826, 0.033826, 0.033826, -0.067651, 0.0, 0.033826, 0.0, 0.0, -0.033826, 0.0, -0.067651, 0.0, 0.0, 0.0, 0.101477, 0.0, 0.067651, 0.0, -0.033826, 0.0, 0.033826, 0.033826, 0.0, 0.0, 0.101477, 0.0, -0.101477, 0.0, 0.0, 0.0, -0.067651, -0.033826, 0.033826, 0.0, -0.033826, 0.0, -0.067651, 0.101477, -0.067651, 0.0, -0.067651, -0.101477, -0.033826, 0.0, 0.0, 0.033826, 0.0, 0.0, 0.067651, 0.033826, 0.0, 0.067651, 0.067651, 0.101477, 0.067651, -0.033826, 0.0, 0.067651, 0.135302, 0.033826, -0.067651, 0.033826, 0.067651, -0.033826, 0.033826, -0.033826, 0.0, 0.033826, 0.0, 0.101477, 0.0, 0.067651, 0.033826, -0.033826, 0.033826, -0.067651, -0.033826, 0.101477, 0.0, -0.033826, 0.0, 0.135302, 0.0, -0.067651, 0.067651, -0.101477, 0.067651, 0.033826, -0.033826, -0.067651, 0.101477, -0.101477, 0.0, 0.067651, -0.101477, 0.033826, -0.135302, 0.0, -0.033826, -0.033826, -0.033826, 0.033826, -0.033826, 0.0, -0.033826, -0.101477, 0.0, 0.0, 0.0, 0.135302, 0.101477, 0.101477, -0.033826, 0.033826, 0.033826, -0.067651, -0.033826, 0.0, 0.101477, 0.033826, 0.0, -0.033826, -0.101477, -0.135302, -0.033826, -0.033826, -0.033826, -0.033826, 0.0, -0.067651, 0.0, 0.033826, 0.0, 0.0, 0.067651, 0.033826, -0.033826, -0.101477, 0.0, 0.033826, 0.033826, 0.0, -0.067651, 0.0, -0.033826, 0.0, 0.0, 0.101477, 0.0, 0.033826, 0.0, 0.101477, 0.0, 0.0, 0.033826, 0.033826, 0.0, -0.067651, 0.033826, 0.0, 0.0, 0.0, -0.101477, -0.033826, 0.0, 0.033826, 0.033826, 0.0, 0.0, 0.067651, 0.0, 0.0, -0.067651, 0.033826, 0.0, 0.033826, -0.101477, 0.0, 0.0, -0.033826, 0.033826, 0.0, 0.067651, -0.033826, 0.0, -0.033826, 0.0, -0.033826, -0.067651, 0.033826, 0.033826, 0.033826, -0.101477, 0.101477, 0.0, 0.033826, 0.0, 0.067651, 0.0, 0.0, -0.033826, -0.033826, 0.0, 0.0, -0.067651, 0.0, 0.033826, 0.0, -0.067651, 0.0, 0.0, 0.0, 0.033826, 0.067651, 0.0, 0.0, 0.0, 0.067651, 0.0, 0.033826, 0.0, -0.101477, 0.033826, 0.0, 0.0, 0.0, 0.067651, 0.0, 0.067651, -0.033826, 0.101477, 0.0, -0.033826, 0.0, -0.067651, -0.202953, 0.0, -0.067651, 0.067651, 0.0, -0.033826, 0.033826, 0.033826, -0.033826, -0.033826, 0.101477, 0.0, -0.033826, -0.067651, -0.033826]",12,6,6,108,141,0.5415,0.5195,0.5513,0.4585,1.0,0.4242,0.0,0.492,2026-09-19T15:26:21
99cf078e-a979-4c7f-af9c-15f19b326aed,P-E83994D768,T5,high,medium,google/gemma-4-31b-it,0,Neutral Engagement Agent,Imagine you unexpectedly have a free evening with nothing scheduled. How would you typically spend it?,"[-0.039841, 0.039841, 0.039841, 0.0, -0.039841, 0.079682, -0.119523, -0.039841, 0.0, 0.0, 0.0, 0.039841, 0.039841, 0.0, 0.0, 0.039841, -0.039841, 0.0, 0.0, 0.039841, 0.0, 0.0, 0.0, 0.039841, 0.0, 0.039841, -0.039841, -0.039841, 0.0, 0.039841, -0.039841, 0.0, 0.079682, 0.079682, 0.119523, -0.039841, -0.119523, 0.0, 0.0, 0.0, 0.0, -0.039841, -0.039841, -0.039841, 0.0, -0.079682, 0.0, -0.079682, -0.039841, -0.079682, 0.039841, -0.039841, 0.079682, 0.039841, 0.039841, 0.0, 0.0, 0.039841, 0.0, -0.039841, -0.039841, 0.0, 0.0, 0.0, 0.0, 0.0, 0.0, 0.0, 0.0, 0.039841, -0.039841, 0.0, 0.0, 0.0, 0.0, 0.0, 0.119523, -0.039841, 0.0, -0.039841, 0.0, 0.079682, 0.0, 0.0, 0.0, -0.079682, 0.0, -0.119523, 0.0, -0.119523, 0.0, -0.079682, 0.0, 0.039841, 0.079682, -0.079682, 0.039841, -0.039841, -0.039841, -0.159364, 0.0, 0.0, 0.0, 0.079682, 0.039841, -0.039841, -0.039841, -0.039841, 0.0, 0.0, -0.039841, -0.039841, 0.0, 0.079682, -0.119523, 0.039841, 0.039841, 0.0, 0.0, -0.039841, -0.039841, 0.0, -0.039841, -0.079682, -0.039841, 0.0, 0.0, 0.0, 0.039841, 0.0, 0.039841, 0.0, 0.039841, 0.119523, 0.039841, -0.039841, 0.079682, -0.079682, -0.039841, 0.0, 0.0, 0.039841, -0.039841, -0.039841, 0.039841, 0.0, 0.0, 0.039841, 0.039841, 0.0, -0.039841, 0.0, 0.039841, 0.0, -0.079682, 0.079682, 0.039841, 0.079682, 0.119523, -0.039841, 0.039841, 0.039841, 0.0, 0.079682, 0.039841, 0.039841, -0.039841, 0.0, 0.0, -0.079682, 0.039841, 0.0, 0.039841, 0.119523, -0.079682, 0.039841, -0.079682, 0.0, -0.039841, 0.0, 0.079682, 0.0, 0.039841, 0.039841, -0.079682, -0.039841, 0.039841, 0.079682, 0.039841, 0.0, 0.159364, 0.079682, 0.159364, 0.0, -0.159364, 0.0, 0.039841, 0.0, -0.079682, 0.0, 0.0, 0.0, 0.0, -0.079682, 0.039841, 0.039841, 0.0, -0.039841, 0.0, -0.159364, 0.039841, -0.039841, 0.039841, 0.0, -0.039841, 0.039841, 0.079682, 0.039841, 0.0, 0.0, 0.039841, 0.0, 0.0, -0.079682, 0.0, 0.079682, 0.119523, 0.079682, -0.039841, 0.079682, -0.079682, 0.0, -0.039841, 0.0, 0.039841, 0.0, 0.0, -0.039841, 0.0, 0.079682, 0.0, -0.039841, 0.0, 0.119523, 0.039841, 0.0, 0.039841, -0.039841, 0.0, 0.0, 0.039841, 0.039841, 0.119523, 0.0, 0.0, 0.039841, -0.079682, -0.079682, -0.039841, 0.119523, -0.079682, -0.079682, 0.0, 0.0, 0.0, -0.039841, 0.0, 0.039841, 0.0, 0.119523, 0.039841, 0.079682, 0.0, 0.0, 0.079682, 0.079682, 0.039841, -0.039841, 0.0, -0.039841, 0.039841, 0.039841, 0.0, 0.039841, 0.0, 0.079682, -0.039841, -0.039841, 0.039841, 0.039841, 0.0, -0.039841, -0.039841, 0.0, -0.079682, 0.079682, 0.0, 0.039841, 0.0, -0.039841, 0.0, 0.079682, 0.039841, 0.079682, 0.0, 0.0, 0.039841, -0.039841, 0.0, 0.0, -0.039841, 0.0, -0.079682, 0.0, 0.039841, 0.119523, 0.039841, 0.039841, 0.079682, 0.0, 0.0, 0.0, 0.079682, 0.079682, -0.079682, 0.039841, 0.0, 0.039841, 0.079682, 0.039841, -0.039841, 0.0, 0.039841, 0.039841, -0.039841, 0.0, 0.0, -0.039841, 0.039841, 0.0, 0.0, 0.0, -0.039841, -0.039841, -0.039841, 0.039841, 0.0, 0.0, 0.039841, -0.079682, -0.039841, 0.0, 0.0, 0.0, -0.079682, -0.039841, 0.079682, 0.0, 0.079682, 0.0, -0.039841, 0.0, 0.0, 0.0, -0.039841, 0.0, -0.039841, 0.0, 0.0, -0.079682, -0.039841, 0.0, 0.079682, -0.039841, -0.039841, 0.039841, -0.119523, -0.039841, 0.039841, 0.039841, 0.039841, -0.039841, 0.0, 0.0]",12,6,6,118,154,0.537,0.5352,0.5308,0.463,1.0,0.6923,0.1667,0.5114,2026-09-19T15:26:21
c5472e5e-c6b9-4561-9bb4-6708f624939f,P-E83994D768,T5,high,medium,google/gemma-4-31b-it,0,Neutral Engagement Agent,"After a long and tiring day, you return home with no immediate obligations. How do you usually spend that time?","[0.110282, -0.036761, 0.0, 0.0, 0.0, 0.036761, -0.036761, -0.036761, 0.0, -0.036761, 0.073521, -0.036761, 0.110282, 0.036761, 0.036761, -0.036761, -0.036761, 0.036761, 0.0, 0.0, 0.036761, 0.036761, -0.036761, 0.036761, 0.0, 0.0, 0.0, 0.0, 0.0, 0.036761, -0.036761, 0.0, 0.073521, 0.073521, 0.073521, -0.036761, -0.073521, 0.110282, 0.0, -0.036761, 0.0, 0.036761, 0.036761, 0.0, 0.0, -0.036761, 0.0, 0.0, -0.036761, 0.0, 0.036761, 0.073521, 0.036761, 0.073521, 0.036761, 0.0, 0.0, 0.0, 0.0, -0.036761, -0.036761, -0.036761, -0.036761, 0.036761, 0.0, -0.036761, 0.0, 0.0, 0.036761, -0.036761, -0.036761, 0.036761, 0.0, 0.0, 0.0, 0.0, 0.073521, -0.073521, -0.036761, 0.036761, 0.0, 0.036761, 0.036761, 0.0, 0.073521, -0.147043, 0.036761, -0.110282, 0.0, -0.036761, 0.0, 0.110282, -0.036761, -0.073521, 0.0, -0.036761, 0.036761, 0.0, -0.036761, -0.073521, 0.036761, 0.073521, -0.036761, 0.036761, 0.036761, 0.0, 0.0, -0.036761, 0.036761, -0.036761, 0.036761, -0.036761, 0.0, 0.073521, -0.073521, 0.036761, -0.036761, 0.036761, -0.036761, -0.036761, 0.0, 0.0, 0.0, 0.036761, 0.0, 0.0, -0.036761, 0.0, 0.073521, 0.036761, 0.0, -0.036761, 0.0, 0.110282, 0.0, -0.036761, 0.073521, 0.0, 0.0, 0.0, -0.036761, 0.036761, -0.073521, -0.036761, -0.036761, -0.036761, 0.0, 0.036761, 0.0, 0.0, -0.036761, -0.036761, -0.036761, 0.0, -0.036761, 0.0, 0.0, 0.036761, 0.110282, 0.0, 0.036761, 0.036761, -0.036761, 0.073521, 0.036761, 0.0, 0.110282, -0.036761, 0.036761, 0.0, -0.036761, 0.0, 0.0, 0.0, 0.0, -0.073521, -0.073521, -0.073521, -0.110282, 0.0, 0.036761, -0.036761, 0.036761, 0.036761, 0.0, 0.0, 0.0, 0.110282, 0.036761, 0.036761, 0.036761, 0.073521, 0.147043, 0.0, -0.036761, 0.036761, 0.073521, 0.0, -0.036761, 0.036761, 0.0, 0.036761, -0.036761, 0.073521, 0.0, -0.036761, -0.073521, -0.110282, 0.036761, -0.110282, 0.036761, 0.036761, 0.0, 0.073521, 0.0, 0.147043, 0.036761, 0.0, 0.036761, 0.036761, 0.0, -0.036761, 0.036761, -0.036761, 0.0, 0.0, 0.147043, 0.147043, 0.0, -0.036761, -0.073521, 0.0, -0.036761, -0.073521, 0.0, -0.110282, 0.036761, -0.036761, -0.036761, 0.0, -0.073521, 0.0, 0.036761, 0.220564, 0.036761, 0.0, 0.0, 0.0, 0.036761, -0.036761, -0.036761, 0.036761, 0.0, 0.0, -0.036761, 0.0, -0.073521, -0.036761, -0.110282, 0.0, -0.036761, -0.036761, -0.073521, 0.0, 0.0, -0.036761, 0.0, 0.0, -0.036761, 0.183804, -0.036761, 0.0, 0.036761, 0.036761, 0.036761, -0.036761, -0.036761, -0.110282, -0.073521, 0.036761, 0.073521, 0.0, 0.036761, 0.0, -0.073521, 0.073521, -0.036761, -0.036761, -0.036761, 0.110282, 0.0, 0.036761, 0.0, -0.036761, 0.036761, 0.0, -0.073521, 0.073521, -0.036761, -0.036761, 0.0, -0.036761, -0.147043, 0.073521, 0.0, 0.147043, 0.036761, 0.110282, 0.073521, 0.036761, 0.0, 0.0, -0.073521, -0.073521, 0.036761, 0.0, -0.073521, 0.036761, 0.0, 0.0, 0.036761, 0.0, 0.036761, 0.036761, -0.073521, -0.036761, -0.036761, -0.073521, 0.036761, 0.036761, 0.0, -0.036761, 0.0, 0.0, 0.110282, -0.036761, 0.0, 0.0, 0.110282, 0.0, 0.036761, 0.0, -0.036761, 0.0, -0.036761, 0.036761, 0.0, -0.073521, 0.036761, -0.036761, 0.036761, 0.036761, 0.036761, 0.0, 0.0, -0.110282, 0.0, -0.036761, 0.0, 0.0, 0.0, -0.036761, 0.036761, -0.036761, 0.0, 0.0, -0.036761, -0.036761, -0.036761, -0.147043, -0.036761, 0.0, 0.036761, -0.073521, 0.0, 0.036761, -0.073521, -0.036761, -0.036761, -0.036761, 0.0, 0.0, 0.073521, 0.0]",12,6,6,105,138,0.5005,0.5332,0.5591,0.4995,1.0,0.2661,0.0833,0.5023,2026-09-19T15:26:21
db07a3e8-537c-47e2-95ae-8706e593a609,P-E83994D768,T5,high,small,google/gemma-3-4b-it,0,Neutral Engagement Agent,Imagine you unexpectedly have a free evening with nothing scheduled. How would you typically spend it?,"[-0.039841, 0.039841, 0.039841, 0.0, -0.039841, 0.079682, -0.119523, -0.039841, 0.0, 0.0, 0.0, 0.039841, 0.039841, 0.0, 0.0, 0.039841, -0.039841, 0.0, 0.0, 0.039841, 0.0, 0.0, 0.0, 0.039841, 0.0, 0.039841, -0.039841, -0.039841, 0.0, 0.039841, -0.039841, 0.0, 0.079682, 0.079682, 0.119523, -0.039841, -0.119523, 0.0, 0.0, 0.0, 0.0, -0.039841, -0.039841, -0.039841, 0.0, -0.079682, 0.0, -0.079682, -0.039841, -0.079682, 0.039841, -0.039841, 0.079682, 0.039841, 0.039841, 0.0, 0.0, 0.039841, 0.0, -0.039841, -0.039841, 0.0, 0.0, 0.0, 0.0, 0.0, 0.0, 0.0, 0.0, 0.039841, -0.039841, 0.0, 0.0, 0.0, 0.0, 0.0, 0.119523, -0.039841, 0.0, -0.039841, 0.0, 0.079682, 0.0, 0.0, 0.0, -0.079682, 0.0, -0.119523, 0.0, -0.119523, 0.0, -0.079682, 0.0, 0.039841, 0.079682, -0.079682, 0.039841, -0.039841, -0.039841, -0.159364, 0.0, 0.0, 0.0, 0.079682, 0.039841, -0.039841, -0.039841, -0.039841, 0.0, 0.0, -0.039841, -0.039841, 0.0, 0.079682, -0.119523, 0.039841, 0.039841, 0.0, 0.0, -0.039841, -0.039841, 0.0, -0.039841, -0.079682, -0.039841, 0.0, 0.0, 0.0, 0.039841, 0.0, 0.039841, 0.0, 0.039841, 0.119523, 0.039841, -0.039841, 0.079682, -0.079682, -0.039841, 0.0, 0.0, 0.039841, -0.039841, -0.039841, 0.039841, 0.0, 0.0, 0.039841, 0.039841, 0.0, -0.039841, 0.0, 0.039841, 0.0, -0.079682, 0.079682, 0.039841, 0.079682, 0.119523, -0.039841, 0.039841, 0.039841, 0.0, 0.079682, 0.039841, 0.039841, -0.039841, 0.0, 0.0, -0.079682, 0.039841, 0.0, 0.039841, 0.119523, -0.079682, 0.039841, -0.079682, 0.0, -0.039841, 0.0, 0.079682, 0.0, 0.039841, 0.039841, -0.079682, -0.039841, 0.039841, 0.079682, 0.039841, 0.0, 0.159364, 0.079682, 0.159364, 0.0, -0.159364, 0.0, 0.039841, 0.0, -0.079682, 0.0, 0.0, 0.0, 0.0, -0.079682, 0.039841, 0.039841, 0.0, -0.039841, 0.0, -0.159364, 0.039841, -0.039841, 0.039841, 0.0, -0.039841, 0.039841, 0.079682, 0.039841, 0.0, 0.0, 0.039841, 0.0, 0.0, -0.079682, 0.0, 0.079682, 0.119523, 0.079682, -0.039841, 0.079682, -0.079682, 0.0, -0.039841, 0.0, 0.039841, 0.0, 0.0, -0.039841, 0.0, 0.079682, 0.0, -0.039841, 0.0, 0.119523, 0.039841, 0.0, 0.039841, -0.039841, 0.0, 0.0, 0.039841, 0.039841, 0.119523, 0.0, 0.0, 0.039841, -0.079682, -0.079682, -0.039841, 0.119523, -0.079682, -0.079682, 0.0, 0.0, 0.0, -0.039841, 0.0, 0.039841, 0.0, 0.119523, 0.039841, 0.079682, 0.0, 0.0, 0.079682, 0.079682, 0.039841, -0.039841, 0.0, -0.039841, 0.039841, 0.039841, 0.0, 0.039841, 0.0, 0.079682, -0.039841, -0.039841, 0.039841, 0.039841, 0.0, -0.039841, -0.039841, 0.0, -0.079682, 0.079682, 0.0, 0.039841, 0.0, -0.039841, 0.0, 0.079682, 0.039841, 0.079682, 0.0, 0.0, 0.039841, -0.039841, 0.0, 0.0, -0.039841, 0.0, -0.079682, 0.0, 0.039841, 0.119523, 0.039841, 0.039841, 0.079682, 0.0, 0.0, 0.0, 0.079682, 0.079682, -0.079682, 0.039841, 0.0, 0.039841, 0.079682, 0.039841, -0.039841, 0.0, 0.039841, 0.039841, -0.039841, 0.0, 0.0, -0.039841, 0.039841, 0.0, 0.0, 0.0, -0.039841, -0.039841, -0.039841, 0.039841, 0.0, 0.0, 0.039841, -0.079682, -0.039841, 0.0, 0.0, 0.0, -0.079682, -0.039841, 0.079682, 0.0, 0.079682, 0.0, -0.039841, 0.0, 0.0, 0.0, -0.039841, 0.0, -0.039841, 0.0, 0.0, -0.079682, -0.039841, 0.0, 0.079682, -0.039841, -0.039841, 0.039841, -0.119523, -0.039841, 0.039841, 0.039841, 0.039841, -0.039841, 0.0, 0.0]",12,6,6,91,118,0.5814,0.5617,0.4918,0.4186,1.0,0.6164,0.0833,0.4936,2026-09-19T15:26:20
db0e5579-7424-47da-9732-cf6210b63dd2,P-E83994D768,T2,low,small,google/gemma-3-4b-it,1,Neutral Engagement Agent,"A friend suggests ordering Thai food, but you are not familiar with the cuisine. How do you respond during the conversation?","[0.033826, -0.033826, -0.033826, -0.033826, -0.033826, -0.033826, 0.0, -0.101477, 0.0, -0.033826, 0.0, 0.033826, 0.101477, 0.033826, 0.0, 0.0, 0.033826, 0.033826, 0.0, 0.0, 0.0, 0.033826, -0.169128, 0.067651, 0.0, 0.0, 0.033826, 0.0, 0.033826, 0.0, -0.067651, 0.0, 0.033826, 0.033826, 0.033826, 0.0, -0.033826, 0.067651, 0.033826, 0.033826, 0.0, 0.0, 0.067651, 0.067651, 0.0, 0.0, -0.033826, 0.0, 0.135302, 0.0, 0.033826, 0.033826, 0.033826, 0.0, 0.033826, 0.0, -0.033826, 0.0, -0.067651, -0.033826, 0.033826, 0.0, -0.033826, 0.0, 0.033826, 0.0, 0.0, -0.033826, -0.033826, -0.101477, 0.033826, -0.101477, 0.0, -0.033826, 0.0, 0.0, 0.067651, 0.067651, -0.033826, -0.033826, 0.0, 0.101477, -0.067651, -0.067651, 0.0, -0.067651, 0.0, -0.101477, 0.0, -0.067651, 0.0, 0.0, 0.0, 0.0, -0.033826, 0.101477, 0.0, 0.0, -0.033826, -0.067651, -0.067651, 0.0, 0.067651, 0.033826, 0.0, -0.033826, 0.033826, 0.033826, 0.0, 0.0, 0.101477, -0.101477, 0.0, -0.033826, 0.033826, 0.067651, 0.067651, 0.0, -0.067651, 0.0, -0.033826, -0.033826, 0.067651, 0.0, 0.0, 0.0, 0.033826, 0.0, -0.033826, -0.067651, 0.0, -0.033826, 0.0, 0.135302, 0.033826, 0.033826, 0.033826, -0.067651, 0.0, 0.033826, 0.0, 0.0, -0.033826, 0.0, -0.067651, 0.0, 0.0, 0.0, 0.101477, 0.0, 0.067651, 0.0, -0.033826, 0.0, 0.033826, 0.033826, 0.0, 0.0, 0.101477, 0.0, -0.101477, 0.0, 0.0, 0.0, -0.067651, -0.033826, 0.033826, 0.0, -0.033826, 0.0, -0.067651, 0.101477, -0.067651, 0.0, -0.067651, -0.101477, -0.033826, 0.0, 0.0, 0.033826, 0.0, 0.0, 0.067651, 0.033826, 0.0, 0.067651, 0.067651, 0.101477, 0.067651, -0.033826, 0.0, 0.067651, 0.135302, 0.033826, -0.067651, 0.033826, 0.067651, -0.033826, 0.033826, -0.033826, 0.0, 0.033826, 0.0, 0.101477, 0.0, 0.067651, 0.033826, -0.033826, 0.033826, -0.067651, -0.033826, 0.101477, 0.0, -0.033826, 0.0, 0.135302, 0.0, -0.067651, 0.067651, -0.101477, 0.067651, 0.033826, -0.033826, -0.067651, 0.101477, -0.101477, 0.0, 0.067651, -0.101477, 0.033826, -0.135302, 0.0, -0.033826, -0.033826, -0.033826, 0.033826, -0.033826, 0.0, -0.033826, -0.101477, 0.0, 0.0, 0.0, 0.135302, 0.101477, 0.101477, -0.033826, 0.033826, 0.033826, -0.067651, -0.033826, 0.0, 0.101477, 0.033826, 0.0, -0.033826, -0.101477, -0.135302, -0.033826, -0.033826, -0.033826, -0.033826, 0.0, -0.067651, 0.0, 0.033826, 0.0, 0.0, 0.067651, 0.033826, -0.033826, -0.101477, 0.0, 0.033826, 0.033826, 0.0, -0.067651, 0.0, -0.033826, 0.0, 0.0, 0.101477, 0.0, 0.033826, 0.0, 0.101477, 0.0, 0.0, 0.033826, 0.033826, 0.0, -0.067651, 0.033826, 0.0, 0.0, 0.0, -0.101477, -0.033826, 0.0, 0.033826, 0.033826, 0.0, 0.0, 0.067651, 0.0, 0.0, -0.067651, 0.033826, 0.0, 0.033826, -0.101477, 0.0, 0.0, -0.033826, 0.033826, 0.0, 0.067651, -0.033826, 0.0, -0.033826, 0.0, -0.033826, -0.067651, 0.033826, 0.033826, 0.033826, -0.101477, 0.101477, 0.0, 0.033826, 0.0, 0.067651, 0.0, 0.0, -0.033826, -0.033826, 0.0, 0.0, -0.067651, 0.0, 0.033826, 0.0, -0.067651, 0.0, 0.0, 0.0, 0.033826, 0.067651, 0.0, 0.0, 0.0, 0.067651, 0.0, 0.033826, 0.0, -0.101477, 0.033826, 0.0, 0.0, 0.0, 0.067651, 0.0, 0.067651, -0.033826, 0.101477, 0.0, -0.033826, 0.0, -0.067651, -0.202953, 0.0, -0.067651, 0.067651, 0.0, -0.033826, 0.033826, 0.033826, -0.033826, -0.033826, 0.101477, 0.0, -0.033826, -0.067651, -0.033826]",12,6,6,84,109,0.5578,0.589,0.5221,0.4422,1.0,0.473,0.3333,0.5363,2026-09-19T15:26:20
0b32af5d-3a3f-454d-a5d9-ac823f3b408d,P-EAA9A620E2,T5,low,small,google/gemma-3-4b-it,0,Neutral Engagement Agent,Imagine you unexpectedly have a free evening with nothing scheduled. How would you typically spend it?,"[-0.039841, 0.039841, 0.039841, 0.0, -0.039841, 0.079682, -0.119523, -0.039841, 0.0, 0.0, 0.0, 0.039841, 0.039841, 0.0, 0.0, 0.039841, -0.039841, 0.0, 0.0, 0.039841, 0.0, 0.0, 0.0, 0.039841, 0.0, 0.039841, -0.039841, -0.039841, 0.0, 0.039841, -0.039841, 0.0, 0.079682, 0.079682, 0.119523, -0.039841, -0.119523, 0.0, 0.0, 0.0, 0.0, -0.039841, -0.039841, -0.039841, 0.0, -0.079682, 0.0, -0.079682, -0.039841, -0.079682, 0.039841, -0.039841, 0.079682, 0.039841, 0.039841, 0.0, 0.0, 0.039841, 0.0, -0.039841, -0.039841, 0.0, 0.0, 0.0, 0.0, 0.0, 0.0, 0.0, 0.0, 0.039841, -0.039841, 0.0, 0.0, 0.0, 0.0, 0.0, 0.119523, -0.039841, 0.0, -0.039841, 0.0, 0.079682, 0.0, 0.0, 0.0, -0.079682, 0.0, -0.119523, 0.0, -0.119523, 0.0, -0.079682, 0.0, 0.039841, 0.079682, -0.079682, 0.039841, -0.039841, -0.039841, -0.159364, 0.0, 0.0, 0.0, 0.079682, 0.039841, -0.039841, -0.039841, -0.039841, 0.0, 0.0, -0.039841, -0.039841, 0.0, 0.079682, -0.119523, 0.039841, 0.039841, 0.0, 0.0, -0.039841, -0.039841, 0.0, -0.039841, -0.079682, -0.039841, 0.0, 0.0, 0.0, 0.039841, 0.0, 0.039841, 0.0, 0.039841, 0.119523, 0.039841, -0.039841, 0.079682, -0.079682, -0.039841, 0.0, 0.0, 0.039841, -0.039841, -0.039841, 0.039841, 0.0, 0.0, 0.039841, 0.039841, 0.0, -0.039841, 0.0, 0.039841, 0.0, -0.079682, 0.079682, 0.039841, 0.079682, 0.119523, -0.039841, 0.039841, 0.039841, 0.0, 0.079682, 0.039841, 0.039841, -0.039841, 0.0, 0.0, -0.079682, 0.039841, 0.0, 0.039841, 0.119523, -0.079682, 0.039841, -0.079682, 0.0, -0.039841, 0.0, 0.079682, 0.0, 0.039841, 0.039841, -0.079682, -0.039841, 0.039841, 0.079682, 0.039841, 0.0, 0.159364, 0.079682, 0.159364, 0.0, -0.159364, 0.0, 0.039841, 0.0, -0.079682, 0.0, 0.0, 0.0, 0.0, -0.079682, 0.039841, 0.039841, 0.0, -0.039841, 0.0, -0.159364, 0.039841, -0.039841, 0.039841, 0.0, -0.039841, 0.039841, 0.079682, 0.039841, 0.0, 0.0, 0.039841, 0.0, 0.0, -0.079682, 0.0, 0.079682, 0.119523, 0.079682, -0.039841, 0.079682, -0.079682, 0.0, -0.039841, 0.0, 0.039841, 0.0, 0.0, -0.039841, 0.0, 0.079682, 0.0, -0.039841, 0.0, 0.119523, 0.039841, 0.0, 0.039841, -0.039841, 0.0, 0.0, 0.039841, 0.039841, 0.119523, 0.0, 0.0, 0.039841, -0.079682, -0.079682, -0.039841, 0.119523, -0.079682, -0.079682, 0.0, 0.0, 0.0, -0.039841, 0.0, 0.039841, 0.0, 0.119523, 0.039841, 0.079682, 0.0, 0.0, 0.079682, 0.079682, 0.039841, -0.039841, 0.0, -0.039841, 0.039841, 0.039841, 0.0, 0.039841, 0.0, 0.079682, -0.039841, -0.039841, 0.039841, 0.039841, 0.0, -0.039841, -0.039841, 0.0, -0.079682, 0.079682, 0.0, 0.039841, 0.0, -0.039841, 0.0, 0.079682, 0.039841, 0.079682, 0.0, 0.0, 0.039841, -0.039841, 0.0, 0.0, -0.039841, 0.0, -0.079682, 0.0, 0.039841, 0.119523, 0.039841, 0.039841, 0.079682, 0.0, 0.0, 0.0, 0.079682, 0.079682, -0.079682, 0.039841, 0.0, 0.039841, 0.079682, 0.039841, -0.039841, 0.0, 0.039841, 0.039841, -0.039841, 0.0, 0.0, -0.039841, 0.039841, 0.0, 0.0, 0.0, -0.039841, -0.039841, -0.039841, 0.039841, 0.0, 0.0, 0.039841, -0.079682, -0.039841, 0.0, 0.0, 0.0, -0.079682, -0.039841, 0.079682, 0.0, 0.079682, 0.0, -0.039841, 0.0, 0.0, 0.0, -0.039841, 0.0, -0.039841, 0.0, 0.0, -0.079682, -0.039841, 0.0, 0.079682, -0.039841, -0.039841, 0.039841, -0.119523, -0.039841, 0.039841, 0.039841, 0.039841, -0.039841, 0.0, 0.0]",12,6,6,84,108,0.514,0.5292,0.5374,0.486,1.0,0.5,0.1667,0.5108,2026-09-19T15:26:21
35ccae95-7c32-46f2-a20f-575f8de21cd8,P-EAA9A620E2,T7,high,small,google/gemma-3-4b-it,1,Neutral Engagement Agent,You are planning a small gathering at home with friends. How do you organize it so that everything runs smoothly?,"[0.0, -0.038014, -0.038014, -0.038014, -0.038014, 0.076029, -0.076029, 0.0, -0.038014, -0.038014, 0.0, 0.0, 0.076029, 0.038014, -0.038014, 0.0, 0.0, 0.038014, 0.076029, 0.0, 0.038014, 0.114043, -0.076029, 0.0, 0.038014, 0.0, 0.038014, 0.0, 0.0, 0.0, 0.0, 0.038014, 0.038014, 0.038014, 0.076029, -0.038014, -0.076029, 0.076029, 0.0, 0.0, 0.0, 0.0, 0.0, 0.0, 0.0, -0.038014, -0.038014, 0.0, 0.038014, 0.0, 0.0, 0.076029, 0.038014, 0.038014, 0.0, -0.076029, 0.0, 0.038014, -0.038014, 0.0, 0.0, 0.0, 0.038014, 0.0, 0.0, 0.038014, -0.076029, -0.038014, 0.0, 0.038014, -0.076029, 0.076029, -0.038014, -0.038014, -0.076029, -0.038014, 0.076029, -0.076029, -0.076029, -0.038014, 0.0, 0.076029, 0.0, 0.0, 0.0, -0.114043, 0.0, -0.114043, 0.076029, -0.190071, 0.0, 0.038014, -0.038014, -0.076029, 0.0, 0.0, 0.0, -0.076029, 0.038014, -0.076029, 0.0, 0.0, 0.0, 0.0, 0.0, 0.0, 0.038014, -0.038014, 0.0, 0.0, 0.076029, -0.038014, 0.0, 0.038014, -0.076029, 0.152057, 0.0, -0.038014, -0.038014, 0.076029, -0.076029, 0.0, 0.0, 0.0, -0.038014, 0.038014, -0.038014, -0.038014, -0.038014, 0.038014, 0.038014, -0.114043, -0.038014, 0.114043, 0.0, -0.038014, 0.0, 0.038014, -0.038014, -0.038014, -0.076029, 0.038014, 0.0, 0.0, -0.038014, -0.038014, 0.0, 0.0, 0.076029, 0.038014, 0.0, -0.114043, -0.038014, 0.038014, 0.038014, 0.0, 0.0, 0.038014, 0.114043, 0.0, -0.038014, 0.076029, -0.038014, -0.076029, -0.038014, 0.038014, -0.038014, 0.038014, 0.0, 0.0, 0.0, 0.0, -0.038014, 0.0, -0.038014, -0.038014, 0.0, 0.076029, -0.038014, 0.038014, -0.038014, -0.038014, 0.0, 0.114043, -0.076029, -0.076029, 0.038014, 0.0, 0.038014, 0.038014, -0.038014, 0.076029, 0.190071, -0.076029, -0.076029, 0.0, 0.076029, -0.038014, 0.038014, 0.0, 0.0, 0.038014, 0.038014, 0.0, 0.0, 0.0, -0.076029, -0.038014, 0.076029, -0.114043, 0.076029, 0.038014, 0.0, 0.076029, 0.0, 0.038014, -0.038014, 0.0, -0.038014, -0.038014, 0.038014, -0.038014, 0.076029, -0.076029, 0.076029, -0.076029, 0.0, 0.190071, -0.038014, 0.076029, -0.076029, 0.0, -0.038014, -0.038014, 0.0, -0.038014, 0.0, 0.0, 0.038014, 0.0, -0.038014, -0.076029, 0.076029, 0.152057, 0.038014, -0.076029, 0.038014, 0.038014, 0.114043, -0.038014, -0.038014, 0.038014, 0.076029, 0.0, -0.038014, -0.038014, -0.114043, -0.076029, 0.0, 0.038014, 0.038014, 0.038014, 0.0, 0.038014, 0.038014, 0.0, 0.0, 0.0, 0.0, 0.076029, -0.038014, 0.038014, 0.076029, 0.0, 0.0, -0.076029, 0.038014, -0.076029, 0.0, 0.0, 0.076029, 0.038014, 0.038014, 0.0, 0.0, 0.0, -0.076029, 0.0, 0.0, 0.076029, 0.038014, 0.076029, -0.038014, -0.076029, -0.076029, -0.038014, 0.0, 0.076029, 0.0, -0.038014, -0.038014, 0.0, 0.0, 0.114043, 0.0, 0.0, 0.038014, 0.076029, 0.038014, -0.076029, 0.0, 0.0, -0.114043, 0.0, -0.076029, 0.0, -0.038014, 0.0, 0.076029, -0.038014, 0.0, -0.038014, -0.038014, 0.038014, -0.114043, 0.0, -0.038014, 0.038014, 0.038014, -0.038014, 0.0, 0.114043, 0.0, -0.038014, 0.0, -0.076029, 0.0, -0.038014, 0.0, -0.038014, 0.038014, -0.038014, 0.0, -0.114043, -0.038014, 0.038014, 0.0, 0.0, 0.0, -0.038014, -0.038014, 0.0, 0.0, -0.038014, -0.076029, -0.038014, 0.0, 0.0, 0.0, 0.038014, 0.038014, 0.0, 0.038014, 0.0, 0.0, 0.0, 0.0, -0.038014, 0.0, -0.114043, -0.038014, 0.0, 0.076029, 0.0, 0.038014, 0.038014, -0.038014, -0.038014, 0.038014, 0.0, 0.038014, 0.0, 0.0, -0.038014]",12,6,6,87,111,0.5495,0.5593,0.5083,0.4505,1.0,0.5634,0.0833,0.4945,2026-09-19T15:26:21
38c83192-54f9-49a2-abf1-3da6585ea7e3,P-EAA9A620E2,T5,low,small,google/gemma-3-4b-it,1,Neutral Engagement Agent,Imagine you unexpectedly have a free evening with nothing scheduled. How would you typically spend it?,"[-0.039841, 0.039841, 0.039841, 0.0, -0.039841, 0.079682, -0.119523, -0.039841, 0.0, 0.0, 0.0, 0.039841, 0.039841, 0.0, 0.0, 0.039841, -0.039841, 0.0, 0.0, 0.039841, 0.0, 0.0, 0.0, 0.039841, 0.0, 0.039841, -0.039841, -0.039841, 0.0, 0.039841, -0.039841, 0.0, 0.079682, 0.079682, 0.119523, -0.039841, -0.119523, 0.0, 0.0, 0.0, 0.0, -0.039841, -0.039841, -0.039841, 0.0, -0.079682, 0.0, -0.079682, -0.039841, -0.079682, 0.039841, -0.039841, 0.079682, 0.039841, 0.039841, 0.0, 0.0, 0.039841, 0.0, -0.039841, -0.039841, 0.0, 0.0, 0.0, 0.0, 0.0, 0.0, 0.0, 0.0, 0.039841, -0.039841, 0.0, 0.0, 0.0, 0.0, 0.0, 0.119523, -0.039841, 0.0, -0.039841, 0.0, 0.079682, 0.0, 0.0, 0.0, -0.079682, 0.0, -0.119523, 0.0, -0.119523, 0.0, -0.079682, 0.0, 0.039841, 0.079682, -0.079682, 0.039841, -0.039841, -0.039841, -0.159364, 0.0, 0.0, 0.0, 0.079682, 0.039841, -0.039841, -0.039841, -0.039841, 0.0, 0.0, -0.039841, -0.039841, 0.0, 0.079682, -0.119523, 0.039841, 0.039841, 0.0, 0.0, -0.039841, -0.039841, 0.0, -0.039841, -0.079682, -0.039841, 0.0, 0.0, 0.0, 0.039841, 0.0, 0.039841, 0.0, 0.039841, 0.119523, 0.039841, -0.039841, 0.079682, -0.079682, -0.039841, 0.0, 0.0, 0.039841, -0.039841, -0.039841, 0.039841, 0.0, 0.0, 0.039841, 0.039841, 0.0, -0.039841, 0.0, 0.039841, 0.0, -0.079682, 0.079682, 0.039841, 0.079682, 0.119523, -0.039841, 0.039841, 0.039841, 0.0, 0.079682, 0.039841, 0.039841, -0.039841, 0.0, 0.0, -0.079682, 0.039841, 0.0, 0.039841, 0.119523, -0.079682, 0.039841, -0.079682, 0.0, -0.039841, 0.0, 0.079682, 0.0, 0.039841, 0.039841, -0.079682, -0.039841, 0.039841, 0.079682, 0.039841, 0.0, 0.159364, 0.079682, 0.159364, 0.0, -0.159364, 0.0, 0.039841, 0.0, -0.079682, 0.0, 0.0, 0.0, 0.0, -0.079682, 0.039841, 0.039841, 0.0, -0.039841, 0.0, -0.159364, 0.039841, -0.039841, 0.039841, 0.0, -0.039841, 0.039841, 0.079682, 0.039841, 0.0, 0.0, 0.039841, 0.0, 0.0, -0.079682, 0.0, 0.079682, 0.119523, 0.079682, -0.039841, 0.079682, -0.079682, 0.0, -0.039841, 0.0, 0.039841, 0.0, 0.0, -0.039841, 0.0, 0.079682, 0.0, -0.039841, 0.0, 0.119523, 0.039841, 0.0, 0.039841, -0.039841, 0.0, 0.0, 0.039841, 0.039841, 0.119523, 0.0, 0.0, 0.039841, -0.079682, -0.079682, -0.039841, 0.119523, -0.079682, -0.079682, 0.0, 0.0, 0.0, -0.039841, 0.0, 0.039841, 0.0, 0.119523, 0.039841, 0.079682, 0.0, 0.0, 0.079682, 0.079682, 0.039841, -0.039841, 0.0, -0.039841, 0.039841, 0.039841, 0.0, 0.039841, 0.0, 0.079682, -0.039841, -0.039841, 0.039841, 0.039841, 0.0, -0.039841, -0.039841, 0.0, -0.079682, 0.079682, 0.0, 0.039841, 0.0, -0.039841, 0.0, 0.079682, 0.039841, 0.079682, 0.0, 0.0, 0.039841, -0.039841, 0.0, 0.0, -0.039841, 0.0, -0.079682, 0.0, 0.039841, 0.119523, 0.039841, 0.039841, 0.079682, 0.0, 0.0, 0.0, 0.079682, 0.079682, -0.079682, 0.039841, 0.0, 0.039841, 0.079682, 0.039841, -0.039841, 0.0, 0.039841, 0.039841, -0.039841, 0.0, 0.0, -0.039841, 0.039841, 0.0, 0.0, 0.0, -0.039841, -0.039841, -0.039841, 0.039841, 0.0, 0.0, 0.039841, -0.079682, -0.039841, 0.0, 0.0, 0.0, -0.079682, -0.039841, 0.079682, 0.0, 0.079682, 0.0, -0.039841, 0.0, 0.0, 0.0, -0.039841, 0.0, -0.039841, 0.0, 0.0, -0.079682, -0.039841, 0.0, 0.079682, -0.039841, -0.039841, 0.039841, -0.119523, -0.039841, 0.039841, 0.039841, 0.039841, -0.039841, 0.0, 0.0]",12,6,6,109,142,0.5585,0.5576,0.519,0.4415,1.0,0.7317,0.0833,0.4981,2026-09-19T15:26:21
598ed132-9be0-43f4-8e6e-34fdd5df50e5,P-EAA9A620E2,T5,low,medium,google/gemma-4-31b-it,0,Neutral Engagement Agent,Imagine you unexpectedly have a free evening with nothing scheduled. How would you typically spend it?,"[-0.039841, 0.039841, 0.039841, 0.0, -0.039841, 0.079682, -0.119523, -0.039841, 0.0, 0.0, 0.0, 0.039841, 0.039841, 0.0, 0.0, 0.039841, -0.039841, 0.0, 0.0, 0.039841, 0.0, 0.0, 0.0, 0.039841, 0.0, 0.039841, -0.039841, -0.039841, 0.0, 0.039841, -0.039841, 0.0, 0.079682, 0.079682, 0.119523, -0.039841, -0.119523, 0.0, 0.0, 0.0, 0.0, -0.039841, -0.039841, -0.039841, 0.0, -0.079682, 0.0, -0.079682, -0.039841, -0.079682, 0.039841, -0.039841, 0.079682, 0.039841, 0.039841, 0.0, 0.0, 0.039841, 0.0, -0.039841, -0.039841, 0.0, 0.0, 0.0, 0.0, 0.0, 0.0, 0.0, 0.0, 0.039841, -0.039841, 0.0, 0.0, 0.0, 0.0, 0.0, 0.119523, -0.039841, 0.0, -0.039841, 0.0, 0.079682, 0.0, 0.0, 0.0, -0.079682, 0.0, -0.119523, 0.0, -0.119523, 0.0, -0.079682, 0.0, 0.039841, 0.079682, -0.079682, 0.039841, -0.039841, -0.039841, -0.159364, 0.0, 0.0, 0.0, 0.079682, 0.039841, -0.039841, -0.039841, -0.039841, 0.0, 0.0, -0.039841, -0.039841, 0.0, 0.079682, -0.119523, 0.039841, 0.039841, 0.0, 0.0, -0.039841, -0.039841, 0.0, -0.039841, -0.079682, -0.039841, 0.0, 0.0, 0.0, 0.039841, 0.0, 0.039841, 0.0, 0.039841, 0.119523, 0.039841, -0.039841, 0.079682, -0.079682, -0.039841, 0.0, 0.0, 0.039841, -0.039841, -0.039841, 0.039841, 0.0, 0.0, 0.039841, 0.039841, 0.0, -0.039841, 0.0, 0.039841, 0.0, -0.079682, 0.079682, 0.039841, 0.079682, 0.119523, -0.039841, 0.039841, 0.039841, 0.0, 0.079682, 0.039841, 0.039841, -0.039841, 0.0, 0.0, -0.079682, 0.039841, 0.0, 0.039841, 0.119523, -0.079682, 0.039841, -0.079682, 0.0, -0.039841, 0.0, 0.079682, 0.0, 0.039841, 0.039841, -0.079682, -0.039841, 0.039841, 0.079682, 0.039841, 0.0, 0.159364, 0.079682, 0.159364, 0.0, -0.159364, 0.0, 0.039841, 0.0, -0.079682, 0.0, 0.0, 0.0, 0.0, -0.079682, 0.039841, 0.039841, 0.0, -0.039841, 0.0, -0.159364, 0.039841, -0.039841, 0.039841, 0.0, -0.039841, 0.039841, 0.079682, 0.039841, 0.0, 0.0, 0.039841, 0.0, 0.0, -0.079682, 0.0, 0.079682, 0.119523, 0.079682, -0.039841, 0.079682, -0.079682, 0.0, -0.039841, 0.0, 0.039841, 0.0, 0.0, -0.039841, 0.0, 0.079682, 0.0, -0.039841, 0.0, 0.119523, 0.039841, 0.0, 0.039841, -0.039841, 0.0, 0.0, 0.039841, 0.039841, 0.119523, 0.0, 0.0, 0.039841, -0.079682, -0.079682, -0.039841, 0.119523, -0.079682, -0.079682, 0.0, 0.0, 0.0, -0.039841, 0.0, 0.039841, 0.0, 0.119523, 0.039841, 0.079682, 0.0, 0.0, 0.079682, 0.079682, 0.039841, -0.039841, 0.0, -0.039841, 0.039841, 0.039841, 0.0, 0.039841, 0.0, 0.079682, -0.039841, -0.039841, 0.039841, 0.039841, 0.0, -0.039841, -0.039841, 0.0, -0.079682, 0.079682, 0.0, 0.039841, 0.0, -0.039841, 0.0, 0.079682, 0.039841, 0.079682, 0.0, 0.0, 0.039841, -0.039841, 0.0, 0.0, -0.039841, 0.0, -0.079682, 0.0, 0.039841, 0.119523, 0.039841, 0.039841, 0.079682, 0.0, 0.0, 0.0, 0.079682, 0.079682, -0.079682, 0.039841, 0.0, 0.039841, 0.079682, 0.039841, -0.039841, 0.0, 0.039841, 0.039841, -0.039841, 0.0, 0.0, -0.039841, 0.039841, 0.0, 0.0, 0.0, -0.039841, -0.039841, -0.039841, 0.039841, 0.0, 0.0, 0.039841, -0.079682, -0.039841, 0.0, 0.0, 0.0, -0.079682, -0.039841, 0.079682, 0.0, 0.079682, 0.0, -0.039841, 0.0, 0.0, 0.0, -0.039841, 0.0, -0.039841, 0.0, 0.0, -0.079682, -0.039841, 0.0, 0.079682, -0.039841, -0.039841, 0.039841, -0.119523, -0.039841, 0.039841, 0.039841, 0.039841, -0.039841, 0.0, 0.0]",12,6,6,125,164,0.5227,0.558,0.5357,0.4773,1.0,0.7083,0.0,0.4862,2026-09-19T15:26:21
5b82a4e9-55a0-42f4-9c6e-396d7b15985e,P-EAA9A620E2,T7,high,medium,google/gemma-4-31b-it,0,Neutral Engagement Agent,You are planning a small gathering at home with friends. How do you organize it so that everything runs smoothly?,"[0.0, -0.038014, -0.038014, -0.038014, -0.038014, 0.076029, -0.076029, 0.0, -0.038014, -0.038014, 0.0, 0.0, 0.076029, 0.038014, -0.038014, 0.0, 0.0, 0.038014, 0.076029, 0.0, 0.038014, 0.114043, -0.076029, 0.0, 0.038014, 0.0, 0.038014, 0.0, 0.0, 0.0, 0.0, 0.038014, 0.038014, 0.038014, 0.076029, -0.038014, -0.076029, 0.076029, 0.0, 0.0, 0.0, 0.0, 0.0, 0.0, 0.0, -0.038014, -0.038014, 0.0, 0.038014, 0.0, 0.0, 0.076029, 0.038014, 0.038014, 0.0, -0.076029, 0.0, 0.038014, -0.038014, 0.0, 0.0, 0.0, 0.038014, 0.0, 0.0, 0.038014, -0.076029, -0.038014, 0.0, 0.038014, -0.076029, 0.076029, -0.038014, -0.038014, -0.076029, -0.038014, 0.076029, -0.076029, -0.076029, -0.038014, 0.0, 0.076029, 0.0, 0.0, 0.0, -0.114043, 0.0, -0.114043, 0.076029, -0.190071, 0.0, 0.038014, -0.038014, -0.076029, 0.0, 0.0, 0.0, -0.076029, 0.038014, -0.076029, 0.0, 0.0, 0.0, 0.0, 0.0, 0.0, 0.038014, -0.038014, 0.0, 0.0, 0.076029, -0.038014, 0.0, 0.038014, -0.076029, 0.152057, 0.0, -0.038014, -0.038014, 0.076029, -0.076029, 0.0, 0.0, 0.0, -0.038014, 0.038014, -0.038014, -0.038014, -0.038014, 0.038014, 0.038014, -0.114043, -0.038014, 0.114043, 0.0, -0.038014, 0.0, 0.038014, -0.038014, -0.038014, -0.076029, 0.038014, 0.0, 0.0, -0.038014, -0.038014, 0.0, 0.0, 0.076029, 0.038014, 0.0, -0.114043, -0.038014, 0.038014, 0.038014, 0.0, 0.0, 0.038014, 0.114043, 0.0, -0.038014, 0.076029, -0.038014, -0.076029, -0.038014, 0.038014, -0.038014, 0.038014, 0.0, 0.0, 0.0, 0.0, -0.038014, 0.0, -0.038014, -0.038014, 0.0, 0.076029, -0.038014, 0.038014, -0.038014, -0.038014, 0.0, 0.114043, -0.076029, -0.076029, 0.038014, 0.0, 0.038014, 0.038014, -0.038014, 0.076029, 0.190071, -0.076029, -0.076029, 0.0, 0.076029, -0.038014, 0.038014, 0.0, 0.0, 0.038014, 0.038014, 0.0, 0.0, 0.0, -0.076029, -0.038014, 0.076029, -0.114043, 0.076029, 0.038014, 0.0, 0.076029, 0.0, 0.038014, -0.038014, 0.0, -0.038014, -0.038014, 0.038014, -0.038014, 0.076029, -0.076029, 0.076029, -0.076029, 0.0, 0.190071, -0.038014, 0.076029, -0.076029, 0.0, -0.038014, -0.038014, 0.0, -0.038014, 0.0, 0.0, 0.038014, 0.0, -0.038014, -0.076029, 0.076029, 0.152057, 0.038014, -0.076029, 0.038014, 0.038014, 0.114043, -0.038014, -0.038014, 0.038014, 0.076029, 0.0, -0.038014, -0.038014, -0.114043, -0.076029, 0.0, 0.038014, 0.038014, 0.038014, 0.0, 0.038014, 0.038014, 0.0, 0.0, 0.0, 0.0, 0.076029, -0.038014, 0.038014, 0.076029, 0.0, 0.0, -0.076029, 0.038014, -0.076029, 0.0, 0.0, 0.076029, 0.038014, 0.038014, 0.0, 0.0, 0.0, -0.076029, 0.0, 0.0, 0.076029, 0.038014, 0.076029, -0.038014, -0.076029, -0.076029, -0.038014, 0.0, 0.076029, 0.0, -0.038014, -0.038014, 0.0, 0.0, 0.114043, 0.0, 0.0, 0.038014, 0.076029, 0.038014, -0.076029, 0.0, 0.0, -0.114043, 0.0, -0.076029, 0.0, -0.038014, 0.0, 0.076029, -0.038014, 0.0, -0.038014, -0.038014, 0.038014, -0.114043, 0.0, -0.038014, 0.038014, 0.038014, -0.038014, 0.0, 0.114043, 0.0, -0.038014, 0.0, -0.076029, 0.0, -0.038014, 0.0, -0.038014, 0.038014, -0.038014, 0.0, -0.114043, -0.038014, 0.038014, 0.0, 0.0, 0.0, -0.038014, -0.038014, 0.0, 0.0, -0.038014, -0.076029, -0.038014, 0.0, 0.0, 0.0, 0.038014, 0.038014, 0.0, 0.038014, 0.0, 0.0, 0.0, 0.0, -0.038014, 0.0, -0.114043, -0.038014, 0.0, 0.076029, 0.0, 0.038014, 0.038014, -0.038014, -0.038014, 0.038014, 0.0, 0.038014, 0.0, 0.0, -0.038014]",12,6,6,158,204,0.5361,0.5745,0.529,0.4639,1.0,0.6452,0.0,0.4859,2026-09-19T15:26:21
6f3b5e60-b304-4220-9899-20b0ded39255,P-EAA9A620E2,T5,low,medium,google/gemma-4-31b-it,0,Neutral Engagement Agent,"After completing a demanding task or exam, you finally have some free time. How do you usually relax?","[0.0, 0.0, 0.037743, 0.0, -0.037743, -0.075485, 0.0, -0.075485, 0.0, 0.0, 0.0, 0.0, 0.075485, 0.075485, 0.0, 0.037743, -0.075485, 0.037743, 0.0, 0.0, 0.0, 0.037743, 0.0, -0.037743, -0.037743, 0.037743, 0.0, 0.0, 0.0, 0.037743, 0.0, 0.0, -0.037743, 0.113228, 0.075485, -0.037743, 0.0, 0.113228, 0.0, 0.037743, 0.037743, 0.037743, 0.075485, -0.075485, -0.037743, -0.113228, 0.037743, 0.0, 0.0, 0.0, 0.037743, 0.037743, 0.037743, 0.075485, 0.037743, 0.0, 0.0, -0.037743, -0.037743, -0.075485, -0.037743, 0.0, 0.0, 0.0, -0.037743, 0.0, -0.037743, 0.0, 0.037743, 0.037743, 0.037743, -0.037743, 0.0, 0.0, 0.0, 0.0, 0.113228, 0.0, 0.037743, 0.0, 0.0, 0.226455, 0.0, -0.037743, 0.113228, -0.075485, 0.037743, -0.113228, 0.0, 0.0, 0.0, -0.037743, 0.037743, 0.037743, -0.075485, -0.113228, 0.0, -0.037743, 0.0, 0.0, 0.037743, 0.037743, -0.037743, 0.037743, 0.037743, 0.037743, 0.0, 0.0, 0.0, -0.037743, 0.037743, 0.0, 0.0, 0.037743, -0.075485, -0.037743, -0.037743, 0.037743, -0.037743, -0.037743, 0.0, 0.0, 0.0, 0.0, -0.037743, -0.037743, 0.0, 0.0, -0.037743, -0.037743, 0.0, 0.075485, 0.0, 0.113228, 0.0, 0.037743, 0.0, -0.075485, 0.075485, 0.0, 0.0, 0.0, -0.037743, 0.0, -0.037743, 0.0, 0.0, -0.037743, 0.075485, 0.0, -0.037743, -0.113228, -0.037743, 0.037743, 0.037743, 0.037743, -0.037743, 0.037743, 0.113228, 0.0, 0.037743, 0.037743, 0.0, 0.037743, -0.037743, 0.113228, 0.0, -0.037743, -0.037743, 0.0, 0.037743, 0.037743, 0.0, 0.113228, 0.037743, 0.037743, -0.075485, -0.037743, -0.037743, 0.0, 0.113228, 0.037743, 0.113228, 0.0, 0.0, 0.0, 0.0, 0.075485, -0.037743, 0.0, 0.0, 0.075485, 0.15097, 0.0, -0.15097, 0.075485, 0.037743, 0.037743, -0.037743, 0.0, -0.037743, 0.037743, 0.037743, 0.075485, 0.075485, -0.037743, -0.037743, -0.037743, -0.037743, -0.113228, 0.15097, -0.037743, 0.075485, 0.037743, 0.0, 0.0, 0.037743, -0.037743, 0.037743, 0.0, 0.0, -0.075485, 0.037743, -0.075485, 0.0, 0.037743, 0.037743, 0.075485, -0.037743, -0.113228, 0.0, 0.075485, -0.075485, -0.037743, -0.037743, -0.037743, -0.037743, 0.037743, 0.037743, -0.037743, -0.037743, 0.037743, 0.037743, 0.113228, 0.075485, 0.0, 0.0, -0.037743, 0.0, 0.0, -0.037743, 0.0, 0.15097, 0.0, -0.037743, -0.075485, -0.037743, -0.113228, -0.075485, 0.0, -0.037743, -0.037743, 0.0, 0.037743, 0.037743, -0.037743, 0.075485, 0.037743, 0.075485, 0.113228, -0.075485, 0.0, 0.0, 0.0, 0.0, 0.0, -0.037743, -0.037743, -0.075485, 0.0, -0.075485, 0.0, 0.037743, -0.037743, -0.113228, 0.113228, -0.037743, -0.075485, -0.037743, 0.0, 0.037743, 0.0, -0.037743, 0.075485, -0.037743, 0.113228, -0.075485, 0.0, -0.037743, 0.037743, -0.037743, 0.0, -0.037743, 0.113228, 0.037743, 0.037743, 0.0, 0.037743, 0.037743, -0.037743, 0.0, 0.037743, -0.075485, 0.037743, 0.075485, 0.0, 0.0, 0.037743, 0.0, 0.0, 0.037743, -0.037743, 0.0, 0.037743, 0.0, 0.0, 0.0, -0.113228, 0.0, 0.037743, -0.037743, 0.0, -0.037743, 0.037743, 0.075485, 0.0, 0.0, -0.037743, 0.0, 0.0, 0.037743, 0.037743, -0.037743, -0.037743, 0.0, -0.037743, 0.0, 0.0, 0.037743, -0.037743, -0.037743, 0.0, -0.075485, 0.0, 0.0, -0.113228, 0.0, -0.037743, -0.037743, -0.037743, 0.037743, 0.0, 0.037743, 0.0, -0.037743, 0.0, 0.0, 0.0, 0.0, -0.188713, 0.0, 0.0, 0.0, -0.075485, 0.0, 0.037743, 0.037743, 0.0, -0.075485, -0.037743, 0.075485, 0.0, 0.0, 0.0]",12,6,6,142,185,0.5549,0.5603,0.5527,0.4451,1.0,0.5948,0.1667,0.5187,2026-09-19T15:26:21
70711db8-3df0-4bea-adda-9f62d30fd46c,P-EAA9A620E2,T7,high,small,google/gemma-3-4b-it,1,Neutral Engagement Agent,You are planning a casual dinner with a few friends. How do you prepare and organize the event?,"[0.079556, -0.079556, 0.0, -0.039778, 0.0, 0.0, -0.039778, -0.039778, -0.039778, -0.039778, 0.0, 0.0, 0.119334, 0.0, 0.0, 0.079556, 0.0, 0.0, 0.039778, 0.0, 0.039778, 0.079556, -0.079556, 0.0, 0.039778, 0.0, -0.039778, 0.0, 0.0, 0.079556, 0.0, 0.0, 0.039778, 0.039778, 0.079556, -0.079556, -0.039778, 0.079556, -0.039778, -0.039778, -0.039778, 0.039778, 0.039778, 0.0, 0.039778, -0.039778, -0.039778, 0.0, 0.119334, 0.0, 0.039778, 0.039778, 0.0, 0.0, 0.039778, -0.039778, 0.039778, 0.0, -0.039778, -0.119334, -0.039778, 0.039778, -0.039778, -0.039778, 0.0, 0.039778, -0.079556, -0.039778, 0.0, 0.0, -0.039778, 0.039778, 0.0, 0.0, -0.039778, 0.0, 0.039778, 0.079556, 0.0, 0.0, 0.0, 0.079556, 0.0, 0.0, 0.039778, -0.119334, -0.039778, -0.159111, 0.0, -0.159111, 0.039778, 0.0, 0.039778, 0.0, -0.039778, 0.0, 0.0, -0.039778, -0.039778, -0.039778, 0.0, 0.0, 0.039778, 0.0, 0.0, 0.0, 0.039778, 0.0, 0.039778, -0.039778, 0.039778, -0.079556, 0.039778, 0.079556, -0.119334, 0.039778, 0.039778, 0.039778, -0.039778, 0.079556, 0.039778, -0.039778, -0.039778, 0.0, 0.0, -0.039778, -0.039778, 0.0, -0.079556, 0.039778, 0.0, -0.079556, -0.039778, 0.079556, 0.079556, -0.119334, 0.039778, 0.0, -0.079556, 0.0, 0.0, 0.0, -0.079556, -0.039778, -0.039778, -0.039778, 0.0, 0.0, 0.039778, 0.039778, 0.039778, -0.039778, -0.079556, 0.039778, 0.0, 0.0, 0.039778, 0.079556, 0.159111, 0.0, -0.039778, 0.079556, -0.039778, 0.039778, -0.039778, 0.0, 0.0, 0.0, 0.0, -0.039778, 0.0, 0.079556, -0.039778, 0.039778, 0.0, -0.079556, -0.039778, 0.0, -0.039778, 0.039778, 0.039778, 0.0, 0.119334, 0.079556, -0.079556, 0.039778, 0.039778, 0.079556, 0.039778, 0.079556, -0.039778, 0.119334, 0.039778, -0.079556, -0.079556, 0.079556, 0.0, -0.119334, -0.039778, 0.039778, 0.0, 0.039778, 0.0, 0.0, 0.039778, 0.039778, -0.039778, 0.0, 0.039778, -0.079556, -0.039778, 0.0, 0.039778, 0.0, 0.0, 0.0, 0.0, 0.0, 0.0, 0.0, 0.039778, 0.0, 0.0, -0.079556, 0.119334, 0.0, 0.0, 0.079556, -0.119334, 0.0, -0.039778, 0.0, -0.039778, 0.0, -0.079556, -0.039778, -0.039778, 0.0, 0.0, 0.039778, 0.0, 0.0, 0.039778, 0.159111, 0.079556, 0.0, 0.039778, 0.039778, 0.039778, 0.0, -0.159111, 0.039778, 0.079556, 0.039778, 0.0, 0.0, -0.079556, -0.039778, 0.039778, 0.079556, 0.039778, 0.039778, 0.0, 0.0, 0.039778, -0.039778, -0.039778, 0.0, 0.0, 0.079556, -0.079556, -0.039778, 0.039778, 0.0, 0.0, -0.039778, 0.0, -0.079556, -0.039778, 0.079556, 0.0, -0.039778, 0.0, -0.039778, 0.039778, 0.039778, -0.039778, -0.039778, -0.039778, 0.039778, 0.039778, 0.0, 0.0, -0.079556, 0.0, -0.039778, -0.039778, -0.039778, 0.0, 0.0, 0.0, 0.0, 0.0, -0.039778, 0.0, -0.039778, -0.039778, 0.039778, 0.039778, 0.0, -0.039778, 0.0, -0.079556, -0.039778, -0.039778, -0.079556, 0.039778, -0.039778, 0.039778, -0.119334, 0.0, 0.0, 0.0, 0.039778, -0.039778, 0.079556, 0.0, 0.0, 0.039778, 0.039778, -0.039778, 0.039778, -0.039778, 0.0, 0.0, -0.079556, 0.0, -0.039778, 0.0, 0.0, 0.039778, 0.0, 0.039778, 0.0, 0.0, 0.039778, 0.0, 0.119334, 0.0, 0.0, -0.039778, 0.039778, 0.0, 0.0, 0.039778, -0.039778, -0.039778, 0.0, 0.0, 0.079556, 0.039778, 0.079556, 0.0, 0.0, 0.119334, 0.0, 0.039778, -0.039778, -0.039778, -0.238667, -0.039778, -0.039778, 0.079556, -0.039778, 0.0, 0.079556, -0.039778, -0.039778, 0.0, 0.039778, 0.079556, 0.0, -0.039778, -0.039778]",12,6,6,110,142,0.5473,0.5619,0.5431,0.4527,1.0,0.7531,0.0833,0.503,2026-09-19T15:26:21
a09667b0-7080-41c5-97f2-fd7b262f2207,P-EAA9A620E2,T7,high,small,google/gemma-3-4b-it,0,Neutral Engagement Agent,You are planning a small gathering at home with friends. How do you organize it so that everything runs smoothly?,"[0.0, -0.038014, -0.038014, -0.038014, -0.038014, 0.076029, -0.076029, 0.0, -0.038014, -0.038014, 0.0, 0.0, 0.076029, 0.038014, -0.038014, 0.0, 0.0, 0.038014, 0.076029, 0.0, 0.038014, 0.114043, -0.076029, 0.0, 0.038014, 0.0, 0.038014, 0.0, 0.0, 0.0, 0.0, 0.038014, 0.038014, 0.038014, 0.076029, -0.038014, -0.076029, 0.076029, 0.0, 0.0, 0.0, 0.0, 0.0, 0.0, 0.0, -0.038014, -0.038014, 0.0, 0.038014, 0.0, 0.0, 0.076029, 0.038014, 0.038014, 0.0, -0.076029, 0.0, 0.038014, -0.038014, 0.0, 0.0, 0.0, 0.038014, 0.0, 0.0, 0.038014, -0.076029, -0.038014, 0.0, 0.038014, -0.076029, 0.076029, -0.038014, -0.038014, -0.076029, -0.038014, 0.076029, -0.076029, -0.076029, -0.038014, 0.0, 0.076029, 0.0, 0.0, 0.0, -0.114043, 0.0, -0.114043, 0.076029, -0.190071, 0.0, 0.038014, -0.038014, -0.076029, 0.0, 0.0, 0.0, -0.076029, 0.038014, -0.076029, 0.0, 0.0, 0.0, 0.0, 0.0, 0.0, 0.038014, -0.038014, 0.0, 0.0, 0.076029, -0.038014, 0.0, 0.038014, -0.076029, 0.152057, 0.0, -0.038014, -0.038014, 0.076029, -0.076029, 0.0, 0.0, 0.0, -0.038014, 0.038014, -0.038014, -0.038014, -0.038014, 0.038014, 0.038014, -0.114043, -0.038014, 0.114043, 0.0, -0.038014, 0.0, 0.038014, -0.038014, -0.038014, -0.076029, 0.038014, 0.0, 0.0, -0.038014, -0.038014, 0.0, 0.0, 0.076029, 0.038014, 0.0, -0.114043, -0.038014, 0.038014, 0.038014, 0.0, 0.0, 0.038014, 0.114043, 0.0, -0.038014, 0.076029, -0.038014, -0.076029, -0.038014, 0.038014, -0.038014, 0.038014, 0.0, 0.0, 0.0, 0.0, -0.038014, 0.0, -0.038014, -0.038014, 0.0, 0.076029, -0.038014, 0.038014, -0.038014, -0.038014, 0.0, 0.114043, -0.076029, -0.076029, 0.038014, 0.0, 0.038014, 0.038014, -0.038014, 0.076029, 0.190071, -0.076029, -0.076029, 0.0, 0.076029, -0.038014, 0.038014, 0.0, 0.0, 0.038014, 0.038014, 0.0, 0.0, 0.0, -0.076029, -0.038014, 0.076029, -0.114043, 0.076029, 0.038014, 0.0, 0.076029, 0.0, 0.038014, -0.038014, 0.0, -0.038014, -0.038014, 0.038014, -0.038014, 0.076029, -0.076029, 0.076029, -0.076029, 0.0, 0.190071, -0.038014, 0.076029, -0.076029, 0.0, -0.038014, -0.038014, 0.0, -0.038014, 0.0, 0.0, 0.038014, 0.0, -0.038014, -0.076029, 0.076029, 0.152057, 0.038014, -0.076029, 0.038014, 0.038014, 0.114043, -0.038014, -0.038014, 0.038014, 0.076029, 0.0, -0.038014, -0.038014, -0.114043, -0.076029, 0.0, 0.038014, 0.038014, 0.038014, 0.0, 0.038014, 0.038014, 0.0, 0.0, 0.0, 0.0, 0.076029, -0.038014, 0.038014, 0.076029, 0.0, 0.0, -0.076029, 0.038014, -0.076029, 0.0, 0.0, 0.076029, 0.038014, 0.038014, 0.0, 0.0, 0.0, -0.076029, 0.0, 0.0, 0.076029, 0.038014, 0.076029, -0.038014, -0.076029, -0.076029, -0.038014, 0.0, 0.076029, 0.0, -0.038014, -0.038014, 0.0, 0.0, 0.114043, 0.0, 0.0, 0.038014, 0.076029, 0.038014, -0.076029, 0.0, 0.0, -0.114043, 0.0, -0.076029, 0.0, -0.038014, 0.0, 0.076029, -0.038014, 0.0, -0.038014, -0.038014, 0.038014, -0.114043, 0.0, -0.038014, 0.038014, 0.038014, -0.038014, 0.0, 0.114043, 0.0, -0.038014, 0.0, -0.076029, 0.0, -0.038014, 0.0, -0.038014, 0.038014, -0.038014, 0.0, -0.114043, -0.038014, 0.038014, 0.0, 0.0, 0.0, -0.038014, -0.038014, 0.0, 0.0, -0.038014, -0.076029, -0.038014, 0.0, 0.0, 0.0, 0.038014, 0.038014, 0.0, 0.038014, 0.0, 0.0, 0.0, 0.0, -0.038014, 0.0, -0.114043, -0.038014, 0.0, 0.076029, 0.0, 0.038014, 0.038014, -0.038014, -0.038014, 0.038014, 0.0, 0.038014, 0.0, 0.0, -0.038014]",12,6,6,109,142,0.5265,0.544,0.5099,0.4735,1.0,0.5604,0.1667,0.5051,2026-09-19T15:26:21
a5fdc4e4-17ed-4bcb-9549-06a8c3dcf097,P-EAA9A620E2,T5,low,small,google/gemma-3-4b-it,0,Neutral Engagement Agent,"After completing a demanding task or exam, you finally have some free time. How do you usually relax?","[0.0, 0.0, 0.037743, 0.0, -0.037743, -0.075485, 0.0, -0.075485, 0.0, 0.0, 0.0, 0.0, 0.075485, 0.075485, 0.0, 0.037743, -0.075485, 0.037743, 0.0, 0.0, 0.0, 0.037743, 0.0, -0.037743, -0.037743, 0.037743, 0.0, 0.0, 0.0, 0.037743, 0.0, 0.0, -0.037743, 0.113228, 0.075485, -0.037743, 0.0, 0.113228, 0.0, 0.037743, 0.037743, 0.037743, 0.075485, -0.075485, -0.037743, -0.113228, 0.037743, 0.0, 0.0, 0.0, 0.037743, 0.037743, 0.037743, 0.075485, 0.037743, 0.0, 0.0, -0.037743, -0.037743, -0.075485, -0.037743, 0.0, 0.0, 0.0, -0.037743, 0.0, -0.037743, 0.0, 0.037743, 0.037743, 0.037743, -0.037743, 0.0, 0.0, 0.0, 0.0, 0.113228, 0.0, 0.037743, 0.0, 0.0, 0.226455, 0.0, -0.037743, 0.113228, -0.075485, 0.037743, -0.113228, 0.0, 0.0, 0.0, -0.037743, 0.037743, 0.037743, -0.075485, -0.113228, 0.0, -0.037743, 0.0, 0.0, 0.037743, 0.037743, -0.037743, 0.037743, 0.037743, 0.037743, 0.0, 0.0, 0.0, -0.037743, 0.037743, 0.0, 0.0, 0.037743, -0.075485, -0.037743, -0.037743, 0.037743, -0.037743, -0.037743, 0.0, 0.0, 0.0, 0.0, -0.037743, -0.037743, 0.0, 0.0, -0.037743, -0.037743, 0.0, 0.075485, 0.0, 0.113228, 0.0, 0.037743, 0.0, -0.075485, 0.075485, 0.0, 0.0, 0.0, -0.037743, 0.0, -0.037743, 0.0, 0.0, -0.037743, 0.075485, 0.0, -0.037743, -0.113228, -0.037743, 0.037743, 0.037743, 0.037743, -0.037743, 0.037743, 0.113228, 0.0, 0.037743, 0.037743, 0.0, 0.037743, -0.037743, 0.113228, 0.0, -0.037743, -0.037743, 0.0, 0.037743, 0.037743, 0.0, 0.113228, 0.037743, 0.037743, -0.075485, -0.037743, -0.037743, 0.0, 0.113228, 0.037743, 0.113228, 0.0, 0.0, 0.0, 0.0, 0.075485, -0.037743, 0.0, 0.0, 0.075485, 0.15097, 0.0, -0.15097, 0.075485, 0.037743, 0.037743, -0.037743, 0.0, -0.037743, 0.037743, 0.037743, 0.075485, 0.075485, -0.037743, -0.037743, -0.037743, -0.037743, -0.113228, 0.15097, -0.037743, 0.075485, 0.037743, 0.0, 0.0, 0.037743, -0.037743, 0.037743, 0.0, 0.0, -0.075485, 0.037743, -0.075485, 0.0, 0.037743, 0.037743, 0.075485, -0.037743, -0.113228, 0.0, 0.075485, -0.075485, -0.037743, -0.037743, -0.037743, -0.037743, 0.037743, 0.037743, -0.037743, -0.037743, 0.037743, 0.037743, 0.113228, 0.075485, 0.0, 0.0, -0.037743, 0.0, 0.0, -0.037743, 0.0, 0.15097, 0.0, -0.037743, -0.075485, -0.037743, -0.113228, -0.075485, 0.0, -0.037743, -0.037743, 0.0, 0.037743, 0.037743, -0.037743, 0.075485, 0.037743, 0.075485, 0.113228, -0.075485, 0.0, 0.0, 0.0, 0.0, 0.0, -0.037743, -0.037743, -0.075485, 0.0, -0.075485, 0.0, 0.037743, -0.037743, -0.113228, 0.113228, -0.037743, -0.075485, -0.037743, 0.0, 0.037743, 0.0, -0.037743, 0.075485, -0.037743, 0.113228, -0.075485, 0.0, -0.037743, 0.037743, -0.037743, 0.0, -0.037743, 0.113228, 0.037743, 0.037743, 0.0, 0.037743, 0.037743, -0.037743, 0.0, 0.037743, -0.075485, 0.037743, 0.075485, 0.0, 0.0, 0.037743, 0.0, 0.0, 0.037743, -0.037743, 0.0, 0.037743, 0.0, 0.0, 0.0, -0.113228, 0.0, 0.037743, -0.037743, 0.0, -0.037743, 0.037743, 0.075485, 0.0, 0.0, -0.037743, 0.0, 0.0, 0.037743, 0.037743, -0.037743, -0.037743, 0.0, -0.037743, 0.0, 0.0, 0.037743, -0.037743, -0.037743, 0.0, -0.075485, 0.0, 0.0, -0.113228, 0.0, -0.037743, -0.037743, -0.037743, 0.037743, 0.0, 0.037743, 0.0, -0.037743, 0.0, 0.0, 0.0, 0.0, -0.188713, 0.0, 0.0, 0.0, -0.075485, 0.0, 0.037743, 0.037743, 0.0, -0.075485, -0.037743, 0.075485, 0.0, 0.0, 0.0]",12,6,6,87,113,0.5375,0.5517,0.5397,0.4625,1.0,0.4868,0.1667,0.5137,2026-09-19T15:26:21
a618d45e-cc43-4e72-884b-10e39cff9236,P-EAA9A620E2,T5,low,medium,google/gemma-4-31b-it,1,Neutral Engagement Agent,Imagine you unexpectedly have a free evening with nothing scheduled. How would you typically spend it?,"[-0.039841, 0.039841, 0.039841, 0.0, -0.039841, 0.079682, -0.119523, -0.039841, 0.0, 0.0, 0.0, 0.039841, 0.039841, 0.0, 0.0, 0.039841, -0.039841, 0.0, 0.0, 0.039841, 0.0, 0.0, 0.0, 0.039841, 0.0, 0.039841, -0.039841, -0.039841, 0.0, 0.039841, -0.039841, 0.0, 0.079682, 0.079682, 0.119523, -0.039841, -0.119523, 0.0, 0.0, 0.0, 0.0, -0.039841, -0.039841, -0.039841, 0.0, -0.079682, 0.0, -0.079682, -0.039841, -0.079682, 0.039841, -0.039841, 0.079682, 0.039841, 0.039841, 0.0, 0.0, 0.039841, 0.0, -0.039841, -0.039841, 0.0, 0.0, 0.0, 0.0, 0.0, 0.0, 0.0, 0.0, 0.039841, -0.039841, 0.0, 0.0, 0.0, 0.0, 0.0, 0.119523, -0.039841, 0.0, -0.039841, 0.0, 0.079682, 0.0, 0.0, 0.0, -0.079682, 0.0, -0.119523, 0.0, -0.119523, 0.0, -0.079682, 0.0, 0.039841, 0.079682, -0.079682, 0.039841, -0.039841, -0.039841, -0.159364, 0.0, 0.0, 0.0, 0.079682, 0.039841, -0.039841, -0.039841, -0.039841, 0.0, 0.0, -0.039841, -0.039841, 0.0, 0.079682, -0.119523, 0.039841, 0.039841, 0.0, 0.0, -0.039841, -0.039841, 0.0, -0.039841, -0.079682, -0.039841, 0.0, 0.0, 0.0, 0.039841, 0.0, 0.039841, 0.0, 0.039841, 0.119523, 0.039841, -0.039841, 0.079682, -0.079682, -0.039841, 0.0, 0.0, 0.039841, -0.039841, -0.039841, 0.039841, 0.0, 0.0, 0.039841, 0.039841, 0.0, -0.039841, 0.0, 0.039841, 0.0, -0.079682, 0.079682, 0.039841, 0.079682, 0.119523, -0.039841, 0.039841, 0.039841, 0.0, 0.079682, 0.039841, 0.039841, -0.039841, 0.0, 0.0, -0.079682, 0.039841, 0.0, 0.039841, 0.119523, -0.079682, 0.039841, -0.079682, 0.0, -0.039841, 0.0, 0.079682, 0.0, 0.039841, 0.039841, -0.079682, -0.039841, 0.039841, 0.079682, 0.039841, 0.0, 0.159364, 0.079682, 0.159364, 0.0, -0.159364, 0.0, 0.039841, 0.0, -0.079682, 0.0, 0.0, 0.0, 0.0, -0.079682, 0.039841, 0.039841, 0.0, -0.039841, 0.0, -0.159364, 0.039841, -0.039841, 0.039841, 0.0, -0.039841, 0.039841, 0.079682, 0.039841, 0.0, 0.0, 0.039841, 0.0, 0.0, -0.079682, 0.0, 0.079682, 0.119523, 0.079682, -0.039841, 0.079682, -0.079682, 0.0, -0.039841, 0.0, 0.039841, 0.0, 0.0, -0.039841, 0.0, 0.079682, 0.0, -0.039841, 0.0, 0.119523, 0.039841, 0.0, 0.039841, -0.039841, 0.0, 0.0, 0.039841, 0.039841, 0.119523, 0.0, 0.0, 0.039841, -0.079682, -0.079682, -0.039841, 0.119523, -0.079682, -0.079682, 0.0, 0.0, 0.0, -0.039841, 0.0, 0.039841, 0.0, 0.119523, 0.039841, 0.079682, 0.0, 0.0, 0.079682, 0.079682, 0.039841, -0.039841, 0.0, -0.039841, 0.039841, 0.039841, 0.0, 0.039841, 0.0, 0.079682, -0.039841, -0.039841, 0.039841, 0.039841, 0.0, -0.039841, -0.039841, 0.0, -0.079682, 0.079682, 0.0, 0.039841, 0.0, -0.039841, 0.0, 0.079682, 0.039841, 0.079682, 0.0, 0.0, 0.039841, -0.039841, 0.0, 0.0, -0.039841, 0.0, -0.079682, 0.0, 0.039841, 0.119523, 0.039841, 0.039841, 0.079682, 0.0, 0.0, 0.0, 0.079682, 0.079682, -0.079682, 0.039841, 0.0, 0.039841, 0.079682, 0.039841, -0.039841, 0.0, 0.039841, 0.039841, -0.039841, 0.0, 0.0, -0.039841, 0.039841, 0.0, 0.0, 0.0, -0.039841, -0.039841, -0.039841, 0.039841, 0.0, 0.0, 0.039841, -0.079682, -0.039841, 0.0, 0.0, 0.0, -0.079682, -0.039841, 0.079682, 0.0, 0.079682, 0.0, -0.039841, 0.0, 0.0, 0.0, -0.039841, 0.0, -0.039841, 0.0, 0.0, -0.079682, -0.039841, 0.0, 0.079682, -0.039841, -0.039841, 0.039841, -0.119523, -0.039841, 0.039841, 0.039841, 0.039841, -0.039841, 0.0, 0.0]",12,6,6,108,139,0.53,0.5512,0.5368,0.47,1.0,0.433,0.0833,0.4997,2026-09-19T15:26:21
a7f36feb-2582-49c6-90ab-39ad9e1f99ec,P-EAA9A620E2,T5,low,medium,google/gemma-4-31b-it,1,Neutral Engagement Agent,"After completing a demanding task or exam, you finally have some free time. How do you usually relax?","[0.0, 0.0, 0.037743, 0.0, -0.037743, -0.075485, 0.0, -0.075485, 0.0, 0.0, 0.0, 0.0, 0.075485, 0.075485, 0.0, 0.037743, -0.075485, 0.037743, 0.0, 0.0, 0.0, 0.037743, 0.0, -0.037743, -0.037743, 0.037743, 0.0, 0.0, 0.0, 0.037743, 0.0, 0.0, -0.037743, 0.113228, 0.075485, -0.037743, 0.0, 0.113228, 0.0, 0.037743, 0.037743, 0.037743, 0.075485, -0.075485, -0.037743, -0.113228, 0.037743, 0.0, 0.0, 0.0, 0.037743, 0.037743, 0.037743, 0.075485, 0.037743, 0.0, 0.0, -0.037743, -0.037743, -0.075485, -0.037743, 0.0, 0.0, 0.0, -0.037743, 0.0, -0.037743, 0.0, 0.037743, 0.037743, 0.037743, -0.037743, 0.0, 0.0, 0.0, 0.0, 0.113228, 0.0, 0.037743, 0.0, 0.0, 0.226455, 0.0, -0.037743, 0.113228, -0.075485, 0.037743, -0.113228, 0.0, 0.0, 0.0, -0.037743, 0.037743, 0.037743, -0.075485, -0.113228, 0.0, -0.037743, 0.0, 0.0, 0.037743, 0.037743, -0.037743, 0.037743, 0.037743, 0.037743, 0.0, 0.0, 0.0, -0.037743, 0.037743, 0.0, 0.0, 0.037743, -0.075485, -0.037743, -0.037743, 0.037743, -0.037743, -0.037743, 0.0, 0.0, 0.0, 0.0, -0.037743, -0.037743, 0.0, 0.0, -0.037743, -0.037743, 0.0, 0.075485, 0.0, 0.113228, 0.0, 0.037743, 0.0, -0.075485, 0.075485, 0.0, 0.0, 0.0, -0.037743, 0.0, -0.037743, 0.0, 0.0, -0.037743, 0.075485, 0.0, -0.037743, -0.113228, -0.037743, 0.037743, 0.037743, 0.037743, -0.037743, 0.037743, 0.113228, 0.0, 0.037743, 0.037743, 0.0, 0.037743, -0.037743, 0.113228, 0.0, -0.037743, -0.037743, 0.0, 0.037743, 0.037743, 0.0, 0.113228, 0.037743, 0.037743, -0.075485, -0.037743, -0.037743, 0.0, 0.113228, 0.037743, 0.113228, 0.0, 0.0, 0.0, 0.0, 0.075485, -0.037743, 0.0, 0.0, 0.075485, 0.15097, 0.0, -0.15097, 0.075485, 0.037743, 0.037743, -0.037743, 0.0, -0.037743, 0.037743, 0.037743, 0.075485, 0.075485, -0.037743, -0.037743, -0.037743, -0.037743, -0.113228, 0.15097, -0.037743, 0.075485, 0.037743, 0.0, 0.0, 0.037743, -0.037743, 0.037743, 0.0, 0.0, -0.075485, 0.037743, -0.075485, 0.0, 0.037743, 0.037743, 0.075485, -0.037743, -0.113228, 0.0, 0.075485, -0.075485, -0.037743, -0.037743, -0.037743, -0.037743, 0.037743, 0.037743, -0.037743, -0.037743, 0.037743, 0.037743, 0.113228, 0.075485, 0.0, 0.0, -0.037743, 0.0, 0.0, -0.037743, 0.0, 0.15097, 0.0, -0.037743, -0.075485, -0.037743, -0.113228, -0.075485, 0.0, -0.037743, -0.037743, 0.0, 0.037743, 0.037743, -0.037743, 0.075485, 0.037743, 0.075485, 0.113228, -0.075485, 0.0, 0.0, 0.0, 0.0, 0.0, -0.037743, -0.037743, -0.075485, 0.0, -0.075485, 0.0, 0.037743, -0.037743, -0.113228, 0.113228, -0.037743, -0.075485, -0.037743, 0.0, 0.037743, 0.0, -0.037743, 0.075485, -0.037743, 0.113228, -0.075485, 0.0, -0.037743, 0.037743, -0.037743, 0.0, -0.037743, 0.113228, 0.037743, 0.037743, 0.0, 0.037743, 0.037743, -0.037743, 0.0, 0.037743, -0.075485, 0.037743, 0.075485, 0.0, 0.0, 0.037743, 0.0, 0.0, 0.037743, -0.037743, 0.0, 0.037743, 0.0, 0.0, 0.0, -0.113228, 0.0, 0.037743, -0.037743, 0.0, -0.037743, 0.037743, 0.075485, 0.0, 0.0, -0.037743, 0.0, 0.0, 0.037743, 0.037743, -0.037743, -0.037743, 0.0, -0.037743, 0.0, 0.0, 0.037743, -0.037743, -0.037743, 0.0, -0.075485, 0.0, 0.0, -0.113228, 0.0, -0.037743, -0.037743, -0.037743, 0.037743, 0.0, 0.037743, 0.0, -0.037743, 0.0, 0.0, 0.0, 0.0, -0.188713, 0.0, 0.0, 0.0, -0.075485, 0.0, 0.037743, 0.037743, 0.0, -0.075485, -0.037743, 0.075485, 0.0, 0.0, 0.0]",12,6,6,118,153,0.5491,0.5646,0.5466,0.4509,1.0,0.4571,0.0,0.4916,2026-09-19T15:26:21
c7c227c9-e8f1-43a6-8523-d7a04e2047f4,P-EAA9A620E2,T7,high,small,google/gemma-3-4b-it,0,Neutral Engagement Agent,You are planning a casual dinner with a few friends. How do you prepare and organize the event?,"[0.079556, -0.079556, 0.0, -0.039778, 0.0, 0.0, -0.039778, -0.039778, -0.039778, -0.039778, 0.0, 0.0, 0.119334, 0.0, 0.0, 0.079556, 0.0, 0.0, 0.039778, 0.0, 0.039778, 0.079556, -0.079556, 0.0, 0.039778, 0.0, -0.039778, 0.0, 0.0, 0.079556, 0.0, 0.0, 0.039778, 0.039778, 0.079556, -0.079556, -0.039778, 0.079556, -0.039778, -0.039778, -0.039778, 0.039778, 0.039778, 0.0, 0.039778, -0.039778, -0.039778, 0.0, 0.119334, 0.0, 0.039778, 0.039778, 0.0, 0.0, 0.039778, -0.039778, 0.039778, 0.0, -0.039778, -0.119334, -0.039778, 0.039778, -0.039778, -0.039778, 0.0, 0.039778, -0.079556, -0.039778, 0.0, 0.0, -0.039778, 0.039778, 0.0, 0.0, -0.039778, 0.0, 0.039778, 0.079556, 0.0, 0.0, 0.0, 0.079556, 0.0, 0.0, 0.039778, -0.119334, -0.039778, -0.159111, 0.0, -0.159111, 0.039778, 0.0, 0.039778, 0.0, -0.039778, 0.0, 0.0, -0.039778, -0.039778, -0.039778, 0.0, 0.0, 0.039778, 0.0, 0.0, 0.0, 0.039778, 0.0, 0.039778, -0.039778, 0.039778, -0.079556, 0.039778, 0.079556, -0.119334, 0.039778, 0.039778, 0.039778, -0.039778, 0.079556, 0.039778, -0.039778, -0.039778, 0.0, 0.0, -0.039778, -0.039778, 0.0, -0.079556, 0.039778, 0.0, -0.079556, -0.039778, 0.079556, 0.079556, -0.119334, 0.039778, 0.0, -0.079556, 0.0, 0.0, 0.0, -0.079556, -0.039778, -0.039778, -0.039778, 0.0, 0.0, 0.039778, 0.039778, 0.039778, -0.039778, -0.079556, 0.039778, 0.0, 0.0, 0.039778, 0.079556, 0.159111, 0.0, -0.039778, 0.079556, -0.039778, 0.039778, -0.039778, 0.0, 0.0, 0.0, 0.0, -0.039778, 0.0, 0.079556, -0.039778, 0.039778, 0.0, -0.079556, -0.039778, 0.0, -0.039778, 0.039778, 0.039778, 0.0, 0.119334, 0.079556, -0.079556, 0.039778, 0.039778, 0.079556, 0.039778, 0.079556, -0.039778, 0.119334, 0.039778, -0.079556, -0.079556, 0.079556, 0.0, -0.119334, -0.039778, 0.039778, 0.0, 0.039778, 0.0, 0.0, 0.039778, 0.039778, -0.039778, 0.0, 0.039778, -0.079556, -0.039778, 0.0, 0.039778, 0.0, 0.0, 0.0, 0.0, 0.0, 0.0, 0.0, 0.039778, 0.0, 0.0, -0.079556, 0.119334, 0.0, 0.0, 0.079556, -0.119334, 0.0, -0.039778, 0.0, -0.039778, 0.0, -0.079556, -0.039778, -0.039778, 0.0, 0.0, 0.039778, 0.0, 0.0, 0.039778, 0.159111, 0.079556, 0.0, 0.039778, 0.039778, 0.039778, 0.0, -0.159111, 0.039778, 0.079556, 0.039778, 0.0, 0.0, -0.079556, -0.039778, 0.039778, 0.079556, 0.039778, 0.039778, 0.0, 0.0, 0.039778, -0.039778, -0.039778, 0.0, 0.0, 0.079556, -0.079556, -0.039778, 0.039778, 0.0, 0.0, -0.039778, 0.0, -0.079556, -0.039778, 0.079556, 0.0, -0.039778, 0.0, -0.039778, 0.039778, 0.039778, -0.039778, -0.039778, -0.039778, 0.039778, 0.039778, 0.0, 0.0, -0.079556, 0.0, -0.039778, -0.039778, -0.039778, 0.0, 0.0, 0.0, 0.0, 0.0, -0.039778, 0.0, -0.039778, -0.039778, 0.039778, 0.039778, 0.0, -0.039778, 0.0, -0.079556, -0.039778, -0.039778, -0.079556, 0.039778, -0.039778, 0.039778, -0.119334, 0.0, 0.0, 0.0, 0.039778, -0.039778, 0.079556, 0.0, 0.0, 0.039778, 0.039778, -0.039778, 0.039778, -0.039778, 0.0, 0.0, -0.079556, 0.0, -0.039778, 0.0, 0.0, 0.039778, 0.0, 0.039778, 0.0, 0.0, 0.039778, 0.0, 0.119334, 0.0, 0.0, -0.039778, 0.039778, 0.0, 0.0, 0.039778, -0.039778, -0.039778, 0.0, 0.0, 0.079556, 0.039778, 0.079556, 0.0, 0.0, 0.119334, 0.0, 0.039778, -0.039778, -0.039778, -0.238667, -0.039778, -0.039778, 0.079556, -0.039778, 0.0, 0.079556, -0.039778, -0.039778, 0.0, 0.039778, 0.079556, 0.0, -0.039778, -0.039778]",12,6,6,107,140,0.5551,0.5729,0.5402,0.4449,1.0,0.6667,0.1667,0.5156,2026-09-19T15:26:21
cc8a0eab-f211-4e74-82bd-ff6eca8334f7,P-EAA9A620E2,T5,low,small,google/gemma-3-4b-it,1,Neutral Engagement Agent,"After completing a demanding task or exam, you finally have some free time. How do you usually relax?","[0.0, 0.0, 0.037743, 0.0, -0.037743, -0.075485, 0.0, -0.075485, 0.0, 0.0, 0.0, 0.0, 0.075485, 0.075485, 0.0, 0.037743, -0.075485, 0.037743, 0.0, 0.0, 0.0, 0.037743, 0.0, -0.037743, -0.037743, 0.037743, 0.0, 0.0, 0.0, 0.037743, 0.0, 0.0, -0.037743, 0.113228, 0.075485, -0.037743, 0.0, 0.113228, 0.0, 0.037743, 0.037743, 0.037743, 0.075485, -0.075485, -0.037743, -0.113228, 0.037743, 0.0, 0.0, 0.0, 0.037743, 0.037743, 0.037743, 0.075485, 0.037743, 0.0, 0.0, -0.037743, -0.037743, -0.075485, -0.037743, 0.0, 0.0, 0.0, -0.037743, 0.0, -0.037743, 0.0, 0.037743, 0.037743, 0.037743, -0.037743, 0.0, 0.0, 0.0, 0.0, 0.113228, 0.0, 0.037743, 0.0, 0.0, 0.226455, 0.0, -0.037743, 0.113228, -0.075485, 0.037743, -0.113228, 0.0, 0.0, 0.0, -0.037743, 0.037743, 0.037743, -0.075485, -0.113228, 0.0, -0.037743, 0.0, 0.0, 0.037743, 0.037743, -0.037743, 0.037743, 0.037743, 0.037743, 0.0, 0.0, 0.0, -0.037743, 0.037743, 0.0, 0.0, 0.037743, -0.075485, -0.037743, -0.037743, 0.037743, -0.037743, -0.037743, 0.0, 0.0, 0.0, 0.0, -0.037743, -0.037743, 0.0, 0.0, -0.037743, -0.037743, 0.0, 0.075485, 0.0, 0.113228, 0.0, 0.037743, 0.0, -0.075485, 0.075485, 0.0, 0.0, 0.0, -0.037743, 0.0, -0.037743, 0.0, 0.0, -0.037743, 0.075485, 0.0, -0.037743, -0.113228, -0.037743, 0.037743, 0.037743, 0.037743, -0.037743, 0.037743, 0.113228, 0.0, 0.037743, 0.037743, 0.0, 0.037743, -0.037743, 0.113228, 0.0, -0.037743, -0.037743, 0.0, 0.037743, 0.037743, 0.0, 0.113228, 0.037743, 0.037743, -0.075485, -0.037743, -0.037743, 0.0, 0.113228, 0.037743, 0.113228, 0.0, 0.0, 0.0, 0.0, 0.075485, -0.037743, 0.0, 0.0, 0.075485, 0.15097, 0.0, -0.15097, 0.075485, 0.037743, 0.037743, -0.037743, 0.0, -0.037743, 0.037743, 0.037743, 0.075485, 0.075485, -0.037743, -0.037743, -0.037743, -0.037743, -0.113228, 0.15097, -0.037743, 0.075485, 0.037743, 0.0, 0.0, 0.037743, -0.037743, 0.037743, 0.0, 0.0, -0.075485, 0.037743, -0.075485, 0.0, 0.037743, 0.037743, 0.075485, -0.037743, -0.113228, 0.0, 0.075485, -0.075485, -0.037743, -0.037743, -0.037743, -0.037743, 0.037743, 0.037743, -0.037743, -0.037743, 0.037743, 0.037743, 0.113228, 0.075485, 0.0, 0.0, -0.037743, 0.0, 0.0, -0.037743, 0.0, 0.15097, 0.0, -0.037743, -0.075485, -0.037743, -0.113228, -0.075485, 0.0, -0.037743, -0.037743, 0.0, 0.037743, 0.037743, -0.037743, 0.075485, 0.037743, 0.075485, 0.113228, -0.075485, 0.0, 0.0, 0.0, 0.0, 0.0, -0.037743, -0.037743, -0.075485, 0.0, -0.075485, 0.0, 0.037743, -0.037743, -0.113228, 0.113228, -0.037743, -0.075485, -0.037743, 0.0, 0.037743, 0.0, -0.037743, 0.075485, -0.037743, 0.113228, -0.075485, 0.0, -0.037743, 0.037743, -0.037743, 0.0, -0.037743, 0.113228, 0.037743, 0.037743, 0.0, 0.037743, 0.037743, -0.037743, 0.0, 0.037743, -0.075485, 0.037743, 0.075485, 0.0, 0.0, 0.037743, 0.0, 0.0, 0.037743, -0.037743, 0.0, 0.037743, 0.0, 0.0, 0.0, -0.113228, 0.0, 0.037743, -0.037743, 0.0, -0.037743, 0.037743, 0.075485, 0.0, 0.0, -0.037743, 0.0, 0.0, 0.037743, 0.037743, -0.037743, -0.037743, 0.0, -0.037743, 0.0, 0.0, 0.037743, -0.037743, -0.037743, 0.0, -0.075485, 0.0, 0.0, -0.113228, 0.0, -0.037743, -0.037743, -0.037743, 0.037743, 0.0, 0.037743, 0.0, -0.037743, 0.0, 0.0, 0.0, 0.0, -0.188713, 0.0, 0.0, 0.0, -0.075485, 0.0, 0.037743, 0.037743, 0.0, -0.075485, -0.037743, 0.075485, 0.0, 0.0, 0.0]",12,6,6,111,145,0.552,0.565,0.532,0.448,1.0,0.8354,0.1667,0.5132,2026-09-19T15:26:21
d960c850-c058-4f71-b62e-52152adca27e,P-EAA9A620E2,T7,high,medium,google/gemma-4-31b-it,1,Neutral Engagement Agent,You are planning a small gathering at home with friends. How do you organize it so that everything runs smoothly?,"[0.0, -0.038014, -0.038014, -0.038014, -0.038014, 0.076029, -0.076029, 0.0, -0.038014, -0.038014, 0.0, 0.0, 0.076029, 0.038014, -0.038014, 0.0, 0.0, 0.038014, 0.076029, 0.0, 0.038014, 0.114043, -0.076029, 0.0, 0.038014, 0.0, 0.038014, 0.0, 0.0, 0.0, 0.0, 0.038014, 0.038014, 0.038014, 0.076029, -0.038014, -0.076029, 0.076029, 0.0, 0.0, 0.0, 0.0, 0.0, 0.0, 0.0, -0.038014, -0.038014, 0.0, 0.038014, 0.0, 0.0, 0.076029, 0.038014, 0.038014, 0.0, -0.076029, 0.0, 0.038014, -0.038014, 0.0, 0.0, 0.0, 0.038014, 0.0, 0.0, 0.038014, -0.076029, -0.038014, 0.0, 0.038014, -0.076029, 0.076029, -0.038014, -0.038014, -0.076029, -0.038014, 0.076029, -0.076029, -0.076029, -0.038014, 0.0, 0.076029, 0.0, 0.0, 0.0, -0.114043, 0.0, -0.114043, 0.076029, -0.190071, 0.0, 0.038014, -0.038014, -0.076029, 0.0, 0.0, 0.0, -0.076029, 0.038014, -0.076029, 0.0, 0.0, 0.0, 0.0, 0.0, 0.0, 0.038014, -0.038014, 0.0, 0.0, 0.076029, -0.038014, 0.0, 0.038014, -0.076029, 0.152057, 0.0, -0.038014, -0.038014, 0.076029, -0.076029, 0.0, 0.0, 0.0, -0.038014, 0.038014, -0.038014, -0.038014, -0.038014, 0.038014, 0.038014, -0.114043, -0.038014, 0.114043, 0.0, -0.038014, 0.0, 0.038014, -0.038014, -0.038014, -0.076029, 0.038014, 0.0, 0.0, -0.038014, -0.038014, 0.0, 0.0, 0.076029, 0.038014, 0.0, -0.114043, -0.038014, 0.038014, 0.038014, 0.0, 0.0, 0.038014, 0.114043, 0.0, -0.038014, 0.076029, -0.038014, -0.076029, -0.038014, 0.038014, -0.038014, 0.038014, 0.0, 0.0, 0.0, 0.0, -0.038014, 0.0, -0.038014, -0.038014, 0.0, 0.076029, -0.038014, 0.038014, -0.038014, -0.038014, 0.0, 0.114043, -0.076029, -0.076029, 0.038014, 0.0, 0.038014, 0.038014, -0.038014, 0.076029, 0.190071, -0.076029, -0.076029, 0.0, 0.076029, -0.038014, 0.038014, 0.0, 0.0, 0.038014, 0.038014, 0.0, 0.0, 0.0, -0.076029, -0.038014, 0.076029, -0.114043, 0.076029, 0.038014, 0.0, 0.076029, 0.0, 0.038014, -0.038014, 0.0, -0.038014, -0.038014, 0.038014, -0.038014, 0.076029, -0.076029, 0.076029, -0.076029, 0.0, 0.190071, -0.038014, 0.076029, -0.076029, 0.0, -0.038014, -0.038014, 0.0, -0.038014, 0.0, 0.0, 0.038014, 0.0, -0.038014, -0.076029, 0.076029, 0.152057, 0.038014, -0.076029, 0.038014, 0.038014, 0.114043, -0.038014, -0.038014, 0.038014, 0.076029, 0.0, -0.038014, -0.038014, -0.114043, -0.076029, 0.0, 0.038014, 0.038014, 0.038014, 0.0, 0.038014, 0.038014, 0.0, 0.0, 0.0, 0.0, 0.076029, -0.038014, 0.038014, 0.076029, 0.0, 0.0, -0.076029, 0.038014, -0.076029, 0.0, 0.0, 0.076029, 0.038014, 0.038014, 0.0, 0.0, 0.0, -0.076029, 0.0, 0.0, 0.076029, 0.038014, 0.076029, -0.038014, -0.076029, -0.076029, -0.038014, 0.0, 0.076029, 0.0, -0.038014, -0.038014, 0.0, 0.0, 0.114043, 0.0, 0.0, 0.038014, 0.076029, 0.038014, -0.076029, 0.0, 0.0, -0.114043, 0.0, -0.076029, 0.0, -0.038014, 0.0, 0.076029, -0.038014, 0.0, -0.038014, -0.038014, 0.038014, -0.114043, 0.0, -0.038014, 0.038014, 0.038014, -0.038014, 0.0, 0.114043, 0.0, -0.038014, 0.0, -0.076029, 0.0, -0.038014, 0.0, -0.038014, 0.038014, -0.038014, 0.0, -0.114043, -0.038014, 0.038014, 0.0, 0.0, 0.0, -0.038014, -0.038014, 0.0, 0.0, -0.038014, -0.076029, -0.038014, 0.0, 0.0, 0.0, 0.038014, 0.038014, 0.0, 0.038014, 0.0, 0.0, 0.0, 0.0, -0.038014, 0.0, -0.114043, -0.038014, 0.0, 0.076029, 0.0, 0.038014, 0.038014, -0.038014, -0.038014, 0.038014, 0.0, 0.038014, 0.0, 0.0, -0.038014]",12,6,6,161,209,0.5489,0.5842,0.5351,0.4511,1.0,0.8017,0.0,0.4887,2026-09-19T15:26:21
e94c2542-320d-4105-9e20-feed7c615f52,P-EAA9A620E2,T7,high,medium,google/gemma-4-31b-it,0,Neutral Engagement Agent,You are planning a casual dinner with a few friends. How do you prepare and organize the event?,"[0.079556, -0.079556, 0.0, -0.039778, 0.0, 0.0, -0.039778, -0.039778, -0.039778, -0.039778, 0.0, 0.0, 0.119334, 0.0, 0.0, 0.079556, 0.0, 0.0, 0.039778, 0.0, 0.039778, 0.079556, -0.079556, 0.0, 0.039778, 0.0, -0.039778, 0.0, 0.0, 0.079556, 0.0, 0.0, 0.039778, 0.039778, 0.079556, -0.079556, -0.039778, 0.079556, -0.039778, -0.039778, -0.039778, 0.039778, 0.039778, 0.0, 0.039778, -0.039778, -0.039778, 0.0, 0.119334, 0.0, 0.039778, 0.039778, 0.0, 0.0, 0.039778, -0.039778, 0.039778, 0.0, -0.039778, -0.119334, -0.039778, 0.039778, -0.039778, -0.039778, 0.0, 0.039778, -0.079556, -0.039778, 0.0, 0.0, -0.039778, 0.039778, 0.0, 0.0, -0.039778, 0.0, 0.039778, 0.079556, 0.0, 0.0, 0.0, 0.079556, 0.0, 0.0, 0.039778, -0.119334, -0.039778, -0.159111, 0.0, -0.159111, 0.039778, 0.0, 0.039778, 0.0, -0.039778, 0.0, 0.0, -0.039778, -0.039778, -0.039778, 0.0, 0.0, 0.039778, 0.0, 0.0, 0.0, 0.039778, 0.0, 0.039778, -0.039778, 0.039778, -0.079556, 0.039778, 0.079556, -0.119334, 0.039778, 0.039778, 0.039778, -0.039778, 0.079556, 0.039778, -0.039778, -0.039778, 0.0, 0.0, -0.039778, -0.039778, 0.0, -0.079556, 0.039778, 0.0, -0.079556, -0.039778, 0.079556, 0.079556, -0.119334, 0.039778, 0.0, -0.079556, 0.0, 0.0, 0.0, -0.079556, -0.039778, -0.039778, -0.039778, 0.0, 0.0, 0.039778, 0.039778, 0.039778, -0.039778, -0.079556, 0.039778, 0.0, 0.0, 0.039778, 0.079556, 0.159111, 0.0, -0.039778, 0.079556, -0.039778, 0.039778, -0.039778, 0.0, 0.0, 0.0, 0.0, -0.039778, 0.0, 0.079556, -0.039778, 0.039778, 0.0, -0.079556, -0.039778, 0.0, -0.039778, 0.039778, 0.039778, 0.0, 0.119334, 0.079556, -0.079556, 0.039778, 0.039778, 0.079556, 0.039778, 0.079556, -0.039778, 0.119334, 0.039778, -0.079556, -0.079556, 0.079556, 0.0, -0.119334, -0.039778, 0.039778, 0.0, 0.039778, 0.0, 0.0, 0.039778, 0.039778, -0.039778, 0.0, 0.039778, -0.079556, -0.039778, 0.0, 0.039778, 0.0, 0.0, 0.0, 0.0, 0.0, 0.0, 0.0, 0.039778, 0.0, 0.0, -0.079556, 0.119334, 0.0, 0.0, 0.079556, -0.119334, 0.0, -0.039778, 0.0, -0.039778, 0.0, -0.079556, -0.039778, -0.039778, 0.0, 0.0, 0.039778, 0.0, 0.0, 0.039778, 0.159111, 0.079556, 0.0, 0.039778, 0.039778, 0.039778, 0.0, -0.159111, 0.039778, 0.079556, 0.039778, 0.0, 0.0, -0.079556, -0.039778, 0.039778, 0.079556, 0.039778, 0.039778, 0.0, 0.0, 0.039778, -0.039778, -0.039778, 0.0, 0.0, 0.079556, -0.079556, -0.039778, 0.039778, 0.0, 0.0, -0.039778, 0.0, -0.079556, -0.039778, 0.079556, 0.0, -0.039778, 0.0, -0.039778, 0.039778, 0.039778, -0.039778, -0.039778, -0.039778, 0.039778, 0.039778, 0.0, 0.0, -0.079556, 0.0, -0.039778, -0.039778, -0.039778, 0.0, 0.0, 0.0, 0.0, 0.0, -0.039778, 0.0, -0.039778, -0.039778, 0.039778, 0.039778, 0.0, -0.039778, 0.0, -0.079556, -0.039778, -0.039778, -0.079556, 0.039778, -0.039778, 0.039778, -0.119334, 0.0, 0.0, 0.0, 0.039778, -0.039778, 0.079556, 0.0, 0.0, 0.039778, 0.039778, -0.039778, 0.039778, -0.039778, 0.0, 0.0, -0.079556, 0.0, -0.039778, 0.0, 0.0, 0.039778, 0.0, 0.039778, 0.0, 0.0, 0.039778, 0.0, 0.119334, 0.0, 0.0, -0.039778, 0.039778, 0.0, 0.0, 0.039778, -0.039778, -0.039778, 0.0, 0.0, 0.079556, 0.039778, 0.079556, 0.0, 0.0, 0.119334, 0.0, 0.039778, -0.039778, -0.039778, -0.238667, -0.039778, -0.039778, 0.079556, -0.039778, 0.0, 0.079556, -0.039778, -0.039778, 0.0, 0.039778, 0.079556, 0.0, -0.039778, -0.039778]",12,6,6,141,183,0.5255,0.5679,0.5401,0.4745,1.0,0.5124,0.0,0.4876,2026-09-19T15:26:21
ef0f49a4-9aaf-4882-ba4b-480382324fec,P-EAA9A620E2,T7,high,medium,google/gemma-4-31b-it,1,Neutral Engagement Agent,You are planning a casual dinner with a few friends. How do you prepare and organize the event?,"[0.079556, -0.079556, 0.0, -0.039778, 0.0, 0.0, -0.039778, -0.039778, -0.039778, -0.039778, 0.0, 0.0, 0.119334, 0.0, 0.0, 0.079556, 0.0, 0.0, 0.039778, 0.0, 0.039778, 0.079556, -0.079556, 0.0, 0.039778, 0.0, -0.039778, 0.0, 0.0, 0.079556, 0.0, 0.0, 0.039778, 0.039778, 0.079556, -0.079556, -0.039778, 0.079556, -0.039778, -0.039778, -0.039778, 0.039778, 0.039778, 0.0, 0.039778, -0.039778, -0.039778, 0.0, 0.119334, 0.0, 0.039778, 0.039778, 0.0, 0.0, 0.039778, -0.039778, 0.039778, 0.0, -0.039778, -0.119334, -0.039778, 0.039778, -0.039778, -0.039778, 0.0, 0.039778, -0.079556, -0.039778, 0.0, 0.0, -0.039778, 0.039778, 0.0, 0.0, -0.039778, 0.0, 0.039778, 0.079556, 0.0, 0.0, 0.0, 0.079556, 0.0, 0.0, 0.039778, -0.119334, -0.039778, -0.159111, 0.0, -0.159111, 0.039778, 0.0, 0.039778, 0.0, -0.039778, 0.0, 0.0, -0.039778, -0.039778, -0.039778, 0.0, 0.0, 0.039778, 0.0, 0.0, 0.0, 0.039778, 0.0, 0.039778, -0.039778, 0.039778, -0.079556, 0.039778, 0.079556, -0.119334, 0.039778, 0.039778, 0.039778, -0.039778, 0.079556, 0.039778, -0.039778, -0.039778, 0.0, 0.0, -0.039778, -0.039778, 0.0, -0.079556, 0.039778, 0.0, -0.079556, -0.039778, 0.079556, 0.079556, -0.119334, 0.039778, 0.0, -0.079556, 0.0, 0.0, 0.0, -0.079556, -0.039778, -0.039778, -0.039778, 0.0, 0.0, 0.039778, 0.039778, 0.039778, -0.039778, -0.079556, 0.039778, 0.0, 0.0, 0.039778, 0.079556, 0.159111, 0.0, -0.039778, 0.079556, -0.039778, 0.039778, -0.039778, 0.0, 0.0, 0.0, 0.0, -0.039778, 0.0, 0.079556, -0.039778, 0.039778, 0.0, -0.079556, -0.039778, 0.0, -0.039778, 0.039778, 0.039778, 0.0, 0.119334, 0.079556, -0.079556, 0.039778, 0.039778, 0.079556, 0.039778, 0.079556, -0.039778, 0.119334, 0.039778, -0.079556, -0.079556, 0.079556, 0.0, -0.119334, -0.039778, 0.039778, 0.0, 0.039778, 0.0, 0.0, 0.039778, 0.039778, -0.039778, 0.0, 0.039778, -0.079556, -0.039778, 0.0, 0.039778, 0.0, 0.0, 0.0, 0.0, 0.0, 0.0, 0.0, 0.039778, 0.0, 0.0, -0.079556, 0.119334, 0.0, 0.0, 0.079556, -0.119334, 0.0, -0.039778, 0.0, -0.039778, 0.0, -0.079556, -0.039778, -0.039778, 0.0, 0.0, 0.039778, 0.0, 0.0, 0.039778, 0.159111, 0.079556, 0.0, 0.039778, 0.039778, 0.039778, 0.0, -0.159111, 0.039778, 0.079556, 0.039778, 0.0, 0.0, -0.079556, -0.039778, 0.039778, 0.079556, 0.039778, 0.039778, 0.0, 0.0, 0.039778, -0.039778, -0.039778, 0.0, 0.0, 0.079556, -0.079556, -0.039778, 0.039778, 0.0, 0.0, -0.039778, 0.0, -0.079556, -0.039778, 0.079556, 0.0, -0.039778, 0.0, -0.039778, 0.039778, 0.039778, -0.039778, -0.039778, -0.039778, 0.039778, 0.039778, 0.0, 0.0, -0.079556, 0.0, -0.039778, -0.039778, -0.039778, 0.0, 0.0, 0.0, 0.0, 0.0, -0.039778, 0.0, -0.039778, -0.039778, 0.039778, 0.039778, 0.0, -0.039778, 0.0, -0.079556, -0.039778, -0.039778, -0.079556, 0.039778, -0.039778, 0.039778, -0.119334, 0.0, 0.0, 0.0, 0.039778, -0.039778, 0.079556, 0.0, 0.0, 0.039778, 0.039778, -0.039778, 0.039778, -0.039778, 0.0, 0.0, -0.079556, 0.0, -0.039778, 0.0, 0.0, 0.039778, 0.0, 0.039778, 0.0, 0.0, 0.039778, 0.0, 0.119334, 0.0, 0.0, -0.039778, 0.039778, 0.0, 0.0, 0.039778, -0.039778, -0.039778, 0.0, 0.0, 0.079556, 0.039778, 0.079556, 0.0, 0.0, 0.119334, 0.0, 0.039778, -0.039778, -0.039778, -0.238667, -0.039778, -0.039778, 0.079556, -0.039778, 0.0, 0.079556, -0.039778, -0.039778, 0.0, 0.039778, 0.079556, 0.0, -0.039778, -0.039778]",12,6,6,139,179,0.541,0.5716,0.533,0.459,1.0,0.5299,0.0833,0.4998,2026-09-19T15:26:21
102a4379-3100-42eb-a56a-34160dcd3891,P-FB0E050FB9,T7,high,small,google/gemma-3-4b-it,1,Neutral Engagement Agent,You are organizing a small birthday celebration at home. How do you make sure everything is ready?,"[0.0411, 0.0, 0.0, -0.0411, -0.082199, 0.0, 0.0, 0.0, 0.0411, -0.0411, 0.0, 0.0411, 0.082199, 0.0, -0.0411, 0.0411, -0.0411, 0.0, 0.0, 0.0411, 0.0411, 0.082199, -0.082199, 0.0, 0.0, 0.0, 0.0, 0.0, 0.0, 0.0411, -0.0411, 0.0, 0.0, 0.082199, 0.123299, -0.082199, -0.0411, 0.0411, 0.0411, 0.0411, 0.0, -0.0411, 0.0411, 0.0, 0.0, -0.082199, 0.0411, -0.0411, 0.0, -0.0411, 0.0, 0.0411, 0.0, 0.0, 0.0, -0.0411, 0.0, -0.0411, 0.0411, -0.0411, 0.0, 0.0, 0.0411, 0.0411, 0.0, -0.123299, 0.0, -0.0411, 0.0, -0.082199, -0.0411, 0.0411, 0.0, -0.0411, 0.0, -0.082199, 0.082199, -0.082199, -0.123299, -0.0411, 0.0411, 0.082199, -0.0411, -0.0411, 0.0, -0.123299, 0.0, -0.123299, 0.0411, -0.082199, 0.0, 0.123299, -0.082199, -0.082199, -0.0411, 0.0, 0.0, -0.082199, 0.0411, 0.0, 0.0411, 0.0, -0.0411, 0.0411, 0.0411, 0.0411, 0.0, 0.0, 0.0411, 0.0411, 0.0411, 0.0, 0.0, 0.0411, -0.082199, 0.082199, -0.082199, -0.0411, -0.0411, 0.0, 0.0, -0.0411, -0.0411, 0.0, 0.0, 0.0, -0.082199, 0.0, -0.0411, 0.0411, 0.082199, 0.0, -0.0411, 0.164399, -0.0411, 0.0411, 0.0, -0.082199, 0.0, 0.0, -0.082199, 0.0, 0.0, 0.0411, 0.0411, 0.0, 0.0, -0.0411, 0.0411, 0.0411, 0.0, -0.164399, 0.0, 0.0411, 0.0, -0.0411, 0.0, 0.0411, 0.123299, -0.082199, 0.0, -0.0411, 0.0, 0.0, -0.0411, 0.0411, 0.0411, 0.0411, 0.0, 0.0411, 0.0411, 0.0411, 0.0, 0.0411, 0.0, 0.0, 0.164399, 0.082199, -0.0411, 0.0, -0.123299, 0.0, 0.082199, 0.0411, -0.082199, 0.0, 0.0411, 0.082199, 0.0411, 0.0411, 0.0, 0.123299, 0.082199, -0.0411, -0.082199, 0.0, 0.082199, 0.0, 0.0, 0.0, 0.0, -0.0411, 0.0411, -0.0411, -0.0411, 0.0411, 0.0, 0.0, 0.0, -0.082199, 0.0411, 0.0, 0.0, 0.0, 0.0411, 0.082199, -0.0411, -0.082199, -0.0411, 0.0, 0.0411, 0.0, 0.082199, -0.082199, -0.0411, 0.0, -0.0411, 0.164399, -0.164399, 0.0411, 0.0, -0.082199, -0.123299, -0.082199, 0.0, -0.082199, 0.0, 0.0, 0.0, 0.0411, 0.0, -0.0411, 0.082199, 0.082199, 0.0411, -0.0411, 0.0, 0.082199, 0.0411, 0.0411, -0.0411, 0.0, 0.0411, 0.0411, 0.0411, -0.082199, -0.0411, -0.0411, -0.0411, 0.0411, 0.0, -0.0411, 0.0, 0.0411, 0.0, -0.082199, -0.0411, 0.0411, 0.0411, 0.082199, -0.0411, -0.0411, 0.0411, -0.0411, -0.0411, -0.0411, 0.0, -0.082199, 0.0, 0.0411, 0.0411, -0.0411, 0.0, 0.0, 0.0, 0.0411, -0.0411, 0.0, 0.0, 0.0, 0.0, 0.0411, 0.0, 0.0411, 0.0, 0.0, -0.0411, 0.123299, 0.0, 0.0, 0.0, 0.0411, 0.0, 0.0, 0.0, 0.082199, -0.0411, 0.0411, 0.0, 0.0, 0.082199, 0.0, -0.123299, 0.0411, -0.123299, 0.0411, 0.0, 0.0, 0.0, 0.0, 0.0, -0.0411, 0.0, 0.0411, -0.082199, 0.0, -0.0411, 0.0411, 0.0, 0.0, 0.0411, 0.123299, 0.0, -0.0411, 0.082199, -0.0411, 0.0, -0.0411, 0.0, 0.0, 0.0, -0.082199, -0.0411, -0.082199, 0.0, 0.0, 0.0, 0.0, -0.0411, -0.0411, 0.0, 0.0, 0.0, -0.0411, -0.0411, -0.0411, 0.0, 0.0411, 0.0, 0.0411, 0.0, 0.0411, 0.0, 0.0, 0.0, -0.0411, -0.0411, -0.082199, 0.0, -0.123299, 0.0, 0.0, 0.0411, -0.082199, 0.0, 0.0, -0.082199, 0.0, 0.0, 0.0, 0.0411, 0.0, -0.0411, -0.082199]",12,6,6,95,122,0.5273,0.5313,0.5178,0.4727,1.0,0.3708,0.25,0.5197,2026-09-19T15:26:20
11fccb7d-fc4c-4d22-bfd8-5cf5ed18a76c,P-FB0E050FB9,T7,high,small,google/gemma-3-4b-it,1,Neutral Engagement Agent,You are hosting friends for an evening of games and conversation. How do you plan the gathering?,"[0.042954, -0.085907, 0.0, 0.0, -0.042954, 0.085907, 0.0, -0.042954, -0.042954, 0.042954, -0.042954, 0.042954, 0.042954, 0.0, 0.042954, 0.0, 0.0, 0.0, 0.042954, 0.0, 0.042954, -0.085907, -0.085907, -0.128861, -0.042954, 0.0, 0.0, 0.0, 0.042954, -0.042954, 0.0, 0.0, 0.042954, 0.085907, 0.085907, 0.0, 0.0, 0.085907, 0.042954, -0.042954, 0.0, 0.0, 0.042954, 0.0, 0.0, 0.0, -0.042954, 0.042954, 0.085907, 0.0, -0.042954, 0.128861, 0.042954, 0.042954, -0.042954, 0.0, 0.0, 0.042954, 0.042954, 0.0, -0.042954, -0.042954, 0.0, 0.0, 0.0, 0.042954, -0.042954, -0.042954, 0.042954, 0.042954, -0.042954, -0.128861, 0.0, -0.042954, 0.0, 0.0, 0.085907, 0.042954, 0.0, 0.0, 0.0, 0.042954, 0.0, -0.042954, 0.0, -0.042954, 0.042954, -0.171815, -0.042954, -0.085907, -0.042954, 0.0, -0.042954, 0.0, 0.042954, 0.042954, 0.0, 0.0, -0.042954, -0.128861, -0.042954, 0.042954, 0.0, 0.0, 0.0, 0.0, 0.042954, 0.0, 0.042954, -0.042954, 0.085907, -0.042954, 0.0, 0.0, -0.042954, 0.042954, 0.042954, 0.042954, -0.042954, 0.0, 0.0, 0.042954, -0.042954, 0.0, 0.0, 0.0, -0.042954, -0.042954, -0.042954, 0.042954, 0.0, 0.0, -0.042954, 0.085907, 0.085907, 0.0, 0.0, -0.085907, 0.0, 0.0, 0.0, 0.0, 0.0, -0.042954, -0.042954, -0.042954, 0.085907, 0.0, 0.085907, -0.128861, 0.128861, -0.042954, 0.0, 0.0, 0.042954, 0.128861, 0.0, 0.085907, 0.085907, 0.042954, -0.085907, 0.0, 0.0, 0.042954, -0.128861, -0.042954, 0.128861, 0.0, -0.042954, -0.085907, 0.0, 0.042954, 0.0, 0.042954, -0.042954, 0.0, -0.085907, -0.042954, 0.042954, 0.042954, -0.085907, -0.042954, 0.042954, 0.0, -0.042954, 0.042954, 0.042954, 0.085907, 0.042954, 0.0, -0.085907, 0.042954, 0.085907, -0.042954, -0.085907, 0.042954, 0.0, -0.042954, 0.0, 0.042954, -0.085907, 0.0, 0.0, -0.042954, 0.0, 0.085907, 0.0, -0.042954, 0.042954, -0.085907, 0.0, -0.042954, 0.0, 0.0, 0.0, 0.042954, -0.085907, -0.042954, 0.085907, 0.042954, 0.0, 0.0, -0.042954, -0.085907, 0.042954, -0.085907, -0.042954, 0.128861, -0.128861, 0.0, 0.0, 0.042954, -0.042954, -0.085907, -0.042954, -0.042954, -0.042954, 0.0, 0.0, 0.042954, 0.0, 0.0, -0.042954, 0.085907, 0.042954, -0.042954, 0.0, 0.042954, 0.0, -0.042954, -0.085907, 0.0, 0.042954, 0.042954, 0.0, 0.0, 0.0, 0.0, -0.085907, 0.042954, 0.042954, 0.0, 0.0, 0.042954, 0.085907, -0.042954, 0.0, 0.0, 0.0, 0.128861, 0.0, -0.085907, 0.042954, 0.0, 0.0, -0.042954, 0.0, 0.0, 0.0, -0.042954, 0.0, 0.042954, -0.042954, 0.042954, 0.042954, 0.085907, 0.0, -0.085907, 0.042954, -0.042954, 0.042954, -0.042954, -0.042954, 0.042954, -0.042954, -0.085907, 0.0, 0.0, 0.0, 0.0, 0.042954, 0.042954, -0.042954, 0.128861, 0.042954, -0.085907, 0.0, 0.0, 0.042954, -0.042954, 0.0, -0.042954, -0.085907, 0.0, -0.085907, -0.042954, -0.042954, 0.0, 0.042954, 0.042954, -0.042954, 0.0, 0.0, 0.042954, -0.042954, 0.085907, -0.042954, 0.042954, -0.042954, -0.042954, -0.042954, 0.085907, -0.085907, 0.085907, 0.0, -0.042954, -0.042954, -0.042954, 0.0, 0.042954, 0.085907, -0.042954, 0.0, 0.0, -0.042954, 0.0, 0.0, 0.042954, 0.042954, -0.042954, 0.0, 0.042954, 0.0, 0.0, -0.042954, -0.042954, 0.042954, 0.0, 0.042954, 0.0, 0.085907, 0.042954, -0.042954, 0.0, 0.042954, 0.0, -0.042954, -0.042954, 0.0, -0.128861, 0.042954, -0.085907, 0.085907, -0.085907, 0.042954, 0.042954, 0.0, 0.0, -0.042954, 0.085907, -0.042954, 0.042954, -0.042954, -0.085907]",12,6,6,82,104,0.5261,0.5934,0.5543,0.4739,1.0,0.4857,0.25,0.5287,2026-09-19T15:26:20
1228302a-1aea-4c92-bfb7-7d3be34ec87c,P-FB0E050FB9,T1,low,small,google/gemma-3-4b-it,0,Neutral Engagement Agent,"You are at a supermarket in Greece, choosing cheese. You notice both branded options and supermarket own brands. What factors do you consider before deciding?","[0.031311, -0.062622, 0.031311, -0.031311, 0.0, 0.031311, 0.031311, -0.031311, 0.031311, -0.031311, -0.031311, -0.062622, 0.125245, 0.031311, -0.062622, 0.0, -0.031311, 0.031311, -0.031311, -0.031311, 0.031311, 0.031311, -0.093934, -0.031311, -0.031311, -0.031311, 0.0, 0.0, 0.0, 0.031311, 0.0, 0.031311, -0.031311, 0.125245, 0.093934, -0.031311, 0.062622, 0.031311, 0.031311, -0.031311, 0.062622, 0.0, 0.062622, 0.031311, 0.031311, 0.0, 0.0, -0.062622, -0.031311, 0.031311, 0.062622, 0.031311, 0.0, 0.0, 0.0, 0.031311, 0.0, -0.031311, 0.0, -0.031311, -0.031311, 0.031311, 0.062622, 0.0, -0.031311, -0.031311, 0.031311, -0.062622, -0.031311, 0.0, 0.031311, 0.031311, 0.0, -0.031311, 0.031311, 0.031311, 0.0, 0.062622, 0.0, 0.062622, 0.0, 0.093934, 0.0, -0.093934, 0.031311, -0.093934, 0.031311, -0.156556, 0.031311, -0.156556, 0.031311, 0.093934, -0.031311, 0.062622, -0.031311, -0.031311, 0.062622, 0.0, 0.062622, -0.031311, 0.031311, 0.062622, 0.0, -0.031311, 0.062622, -0.062622, -0.031311, -0.031311, 0.031311, 0.0, 0.062622, -0.093934, 0.0, 0.0, -0.062622, 0.031311, -0.031311, -0.031311, -0.093934, 0.0, 0.093934, 0.031311, 0.031311, 0.0, 0.0, 0.031311, -0.031311, -0.031311, -0.031311, 0.062622, 0.0, -0.031311, -0.031311, 0.125245, 0.0, -0.062622, 0.0, 0.0, -0.093934, 0.031311, 0.0, 0.031311, -0.093934, -0.062622, -0.031311, -0.031311, 0.0, 0.0, 0.0, 0.031311, 0.0, -0.062622, -0.062622, 0.0, -0.031311, 0.031311, 0.062622, 0.031311, 0.093934, 0.031311, -0.093934, 0.0, -0.031311, 0.031311, 0.031311, 0.031311, 0.0, 0.031311, 0.0, -0.125245, 0.031311, -0.031311, -0.031311, 0.125245, 0.0, 0.031311, -0.031311, 0.0, 0.031311, 0.125245, -0.031311, 0.0, 0.0, 0.0, 0.0, -0.031311, 0.093934, 0.062622, 0.062622, -0.062622, 0.0, 0.031311, 0.093934, 0.031311, -0.062622, -0.031311, 0.031311, 0.0, 0.0, 0.031311, 0.0, -0.031311, 0.093934, 0.0, -0.031311, 0.0, 0.062622, -0.031311, -0.062622, -0.062622, 0.0, 0.093934, -0.062622, 0.0, 0.031311, -0.031311, -0.031311, 0.031311, -0.062622, 0.062622, 0.062622, 0.0, 0.0, -0.093934, 0.062622, -0.062622, 0.0, 0.219179, -0.125245, 0.031311, -0.031311, 0.031311, 0.031311, 0.062622, 0.187867, -0.031311, 0.031311, -0.062622, -0.062622, -0.031311, 0.0, -0.062622, 0.0, 0.125245, 0.031311, -0.093934, 0.0, 0.031311, 0.031311, 0.0, 0.0, -0.031311, 0.0, -0.062622, -0.062622, 0.031311, -0.062622, -0.031311, -0.031311, 0.093934, -0.031311, 0.062622, 0.031311, 0.031311, 0.062622, -0.125245, -0.062622, -0.031311, -0.031311, 0.093934, 0.0, 0.062622, 0.0, 0.0, 0.0, -0.062622, 0.0, 0.031311, -0.062622, 0.062622, 0.0, 0.0, 0.0, 0.0, -0.031311, 0.031311, -0.031311, 0.031311, -0.031311, 0.0, -0.031311, 0.0, -0.031311, -0.031311, 0.0, 0.0, 0.062622, -0.062622, -0.093934, 0.0, 0.031311, 0.0, 0.0, 0.062622, 0.031311, -0.031311, -0.062622, 0.062622, 0.062622, 0.0, 0.0, -0.093934, -0.062622, -0.031311, 0.0, 0.0, 0.031311, 0.0, 0.031311, 0.0, 0.0, 0.0, 0.031311, 0.031311, -0.093934, 0.062622, -0.031311, 0.031311, 0.0, 0.093934, -0.062622, 0.031311, 0.0, 0.062622, 0.0, -0.093934, 0.0, 0.031311, 0.062622, 0.0, 0.031311, 0.0, 0.031311, 0.0, -0.062622, 0.0, 0.093934, -0.031311, 0.0, 0.0, -0.093934, 0.062622, 0.0, 0.0, -0.031311, -0.031311, 0.031311, 0.031311, -0.062622, 0.031311, 0.031311, 0.031311, 0.031311, -0.031311, 0.0, 0.0, -0.062622, 0.0, 0.0, -0.187867, 0.031311, 0.0, 0.062622, 0.093934, 0.031311, 0.0, -0.031311, -0.062622, 0.031311, 0.031311, 0.031311, 0.031311, 0.031311, -0.031311]",12,6,6,75,97,0.5076,0.5158,0.5235,0.4924,1.0,0.3108,0.0,0.4816,2026-09-19T15:26:20
27f7a938-d24f-4a30-85c1-c187c3938199,P-FB0E050FB9,T7,high,medium,google/gemma-4-31b-it,0,Neutral Engagement Agent,You are organizing a small birthday celebration at home. How do you make sure everything is ready?,"[0.0411, 0.0, 0.0, -0.0411, -0.082199, 0.0, 0.0, 0.0, 0.0411, -0.0411, 0.0, 0.0411, 0.082199, 0.0, -0.0411, 0.0411, -0.0411, 0.0, 0.0, 0.0411, 0.0411, 0.082199, -0.082199, 0.0, 0.0, 0.0, 0.0, 0.0, 0.0, 0.0411, -0.0411, 0.0, 0.0, 0.082199, 0.123299, -0.082199, -0.0411, 0.0411, 0.0411, 0.0411, 0.0, -0.0411, 0.0411, 0.0, 0.0, -0.082199, 0.0411, -0.0411, 0.0, -0.0411, 0.0, 0.0411, 0.0, 0.0, 0.0, -0.0411, 0.0, -0.0411, 0.0411, -0.0411, 0.0, 0.0, 0.0411, 0.0411, 0.0, -0.123299, 0.0, -0.0411, 0.0, -0.082199, -0.0411, 0.0411, 0.0, -0.0411, 0.0, -0.082199, 0.082199, -0.082199, -0.123299, -0.0411, 0.0411, 0.082199, -0.0411, -0.0411, 0.0, -0.123299, 0.0, -0.123299, 0.0411, -0.082199, 0.0, 0.123299, -0.082199, -0.082199, -0.0411, 0.0, 0.0, -0.082199, 0.0411, 0.0, 0.0411, 0.0, -0.0411, 0.0411, 0.0411, 0.0411, 0.0, 0.0, 0.0411, 0.0411, 0.0411, 0.0, 0.0, 0.0411, -0.082199, 0.082199, -0.082199, -0.0411, -0.0411, 0.0, 0.0, -0.0411, -0.0411, 0.0, 0.0, 0.0, -0.082199, 0.0, -0.0411, 0.0411, 0.082199, 0.0, -0.0411, 0.164399, -0.0411, 0.0411, 0.0, -0.082199, 0.0, 0.0, -0.082199, 0.0, 0.0, 0.0411, 0.0411, 0.0, 0.0, -0.0411, 0.0411, 0.0411, 0.0, -0.164399, 0.0, 0.0411, 0.0, -0.0411, 0.0, 0.0411, 0.123299, -0.082199, 0.0, -0.0411, 0.0, 0.0, -0.0411, 0.0411, 0.0411, 0.0411, 0.0, 0.0411, 0.0411, 0.0411, 0.0, 0.0411, 0.0, 0.0, 0.164399, 0.082199, -0.0411, 0.0, -0.123299, 0.0, 0.082199, 0.0411, -0.082199, 0.0, 0.0411, 0.082199, 0.0411, 0.0411, 0.0, 0.123299, 0.082199, -0.0411, -0.082199, 0.0, 0.082199, 0.0, 0.0, 0.0, 0.0, -0.0411, 0.0411, -0.0411, -0.0411, 0.0411, 0.0, 0.0, 0.0, -0.082199, 0.0411, 0.0, 0.0, 0.0, 0.0411, 0.082199, -0.0411, -0.082199, -0.0411, 0.0, 0.0411, 0.0, 0.082199, -0.082199, -0.0411, 0.0, -0.0411, 0.164399, -0.164399, 0.0411, 0.0, -0.082199, -0.123299, -0.082199, 0.0, -0.082199, 0.0, 0.0, 0.0, 0.0411, 0.0, -0.0411, 0.082199, 0.082199, 0.0411, -0.0411, 0.0, 0.082199, 0.0411, 0.0411, -0.0411, 0.0, 0.0411, 0.0411, 0.0411, -0.082199, -0.0411, -0.0411, -0.0411, 0.0411, 0.0, -0.0411, 0.0, 0.0411, 0.0, -0.082199, -0.0411, 0.0411, 0.0411, 0.082199, -0.0411, -0.0411, 0.0411, -0.0411, -0.0411, -0.0411, 0.0, -0.082199, 0.0, 0.0411, 0.0411, -0.0411, 0.0, 0.0, 0.0, 0.0411, -0.0411, 0.0, 0.0, 0.0, 0.0, 0.0411, 0.0, 0.0411, 0.0, 0.0, -0.0411, 0.123299, 0.0, 0.0, 0.0, 0.0411, 0.0, 0.0, 0.0, 0.082199, -0.0411, 0.0411, 0.0, 0.0, 0.082199, 0.0, -0.123299, 0.0411, -0.123299, 0.0411, 0.0, 0.0, 0.0, 0.0, 0.0, -0.0411, 0.0, 0.0411, -0.082199, 0.0, -0.0411, 0.0411, 0.0, 0.0, 0.0411, 0.123299, 0.0, -0.0411, 0.082199, -0.0411, 0.0, -0.0411, 0.0, 0.0, 0.0, -0.082199, -0.0411, -0.082199, 0.0, 0.0, 0.0, 0.0, -0.0411, -0.0411, 0.0, 0.0, 0.0, -0.0411, -0.0411, -0.0411, 0.0, 0.0411, 0.0, 0.0411, 0.0, 0.0411, 0.0, 0.0, 0.0, -0.0411, -0.0411, -0.082199, 0.0, -0.123299, 0.0, 0.0, 0.0411, -0.082199, 0.0, 0.0, -0.082199, 0.0, 0.0, 0.0, 0.0411, 0.0, -0.0411, -0.082199]",12,6,6,94,122,0.5382,0.5426,0.5395,0.4618,1.0,0.3708,0.25,0.5262,2026-09-19T15:26:20
3888a4ac-30bf-4804-98d4-5dd2450e35d8,P-FB0E050FB9,T7,high,small,google/gemma-3-4b-it,0,Neutral Engagement Agent,You are organizing a small birthday celebration at home. How do you make sure everything is ready?,"[0.0411, 0.0, 0.0, -0.0411, -0.082199, 0.0, 0.0, 0.0, 0.0411, -0.0411, 0.0, 0.0411, 0.082199, 0.0, -0.0411, 0.0411, -0.0411, 0.0, 0.0, 0.0411, 0.0411, 0.082199, -0.082199, 0.0, 0.0, 0.0, 0.0, 0.0, 0.0, 0.0411, -0.0411, 0.0, 0.0, 0.082199, 0.123299, -0.082199, -0.0411, 0.0411, 0.0411, 0.0411, 0.0, -0.0411, 0.0411, 0.0, 0.0, -0.082199, 0.0411, -0.0411, 0.0, -0.0411, 0.0, 0.0411, 0.0, 0.0, 0.0, -0.0411, 0.0, -0.0411, 0.0411, -0.0411, 0.0, 0.0, 0.0411, 0.0411, 0.0, -0.123299, 0.0, -0.0411, 0.0, -0.082199, -0.0411, 0.0411, 0.0, -0.0411, 0.0, -0.082199, 0.082199, -0.082199, -0.123299, -0.0411, 0.0411, 0.082199, -0.0411, -0.0411, 0.0, -0.123299, 0.0, -0.123299, 0.0411, -0.082199, 0.0, 0.123299, -0.082199, -0.082199, -0.0411, 0.0, 0.0, -0.082199, 0.0411, 0.0, 0.0411, 0.0, -0.0411, 0.0411, 0.0411, 0.0411, 0.0, 0.0, 0.0411, 0.0411, 0.0411, 0.0, 0.0, 0.0411, -0.082199, 0.082199, -0.082199, -0.0411, -0.0411, 0.0, 0.0, -0.0411, -0.0411, 0.0, 0.0, 0.0, -0.082199, 0.0, -0.0411, 0.0411, 0.082199, 0.0, -0.0411, 0.164399, -0.0411, 0.0411, 0.0, -0.082199, 0.0, 0.0, -0.082199, 0.0, 0.0, 0.0411, 0.0411, 0.0, 0.0, -0.0411, 0.0411, 0.0411, 0.0, -0.164399, 0.0, 0.0411, 0.0, -0.0411, 0.0, 0.0411, 0.123299, -0.082199, 0.0, -0.0411, 0.0, 0.0, -0.0411, 0.0411, 0.0411, 0.0411, 0.0, 0.0411, 0.0411, 0.0411, 0.0, 0.0411, 0.0, 0.0, 0.164399, 0.082199, -0.0411, 0.0, -0.123299, 0.0, 0.082199, 0.0411, -0.082199, 0.0, 0.0411, 0.082199, 0.0411, 0.0411, 0.0, 0.123299, 0.082199, -0.0411, -0.082199, 0.0, 0.082199, 0.0, 0.0, 0.0, 0.0, -0.0411, 0.0411, -0.0411, -0.0411, 0.0411, 0.0, 0.0, 0.0, -0.082199, 0.0411, 0.0, 0.0, 0.0, 0.0411, 0.082199, -0.0411, -0.082199, -0.0411, 0.0, 0.0411, 0.0, 0.082199, -0.082199, -0.0411, 0.0, -0.0411, 0.164399, -0.164399, 0.0411, 0.0, -0.082199, -0.123299, -0.082199, 0.0, -0.082199, 0.0, 0.0, 0.0, 0.0411, 0.0, -0.0411, 0.082199, 0.082199, 0.0411, -0.0411, 0.0, 0.082199, 0.0411, 0.0411, -0.0411, 0.0, 0.0411, 0.0411, 0.0411, -0.082199, -0.0411, -0.0411, -0.0411, 0.0411, 0.0, -0.0411, 0.0, 0.0411, 0.0, -0.082199, -0.0411, 0.0411, 0.0411, 0.082199, -0.0411, -0.0411, 0.0411, -0.0411, -0.0411, -0.0411, 0.0, -0.082199, 0.0, 0.0411, 0.0411, -0.0411, 0.0, 0.0, 0.0, 0.0411, -0.0411, 0.0, 0.0, 0.0, 0.0, 0.0411, 0.0, 0.0411, 0.0, 0.0, -0.0411, 0.123299, 0.0, 0.0, 0.0, 0.0411, 0.0, 0.0, 0.0, 0.082199, -0.0411, 0.0411, 0.0, 0.0, 0.082199, 0.0, -0.123299, 0.0411, -0.123299, 0.0411, 0.0, 0.0, 0.0, 0.0, 0.0, -0.0411, 0.0, 0.0411, -0.082199, 0.0, -0.0411, 0.0411, 0.0, 0.0, 0.0411, 0.123299, 0.0, -0.0411, 0.082199, -0.0411, 0.0, -0.0411, 0.0, 0.0, 0.0, -0.082199, -0.0411, -0.082199, 0.0, 0.0, 0.0, 0.0, -0.0411, -0.0411, 0.0, 0.0, 0.0, -0.0411, -0.0411, -0.0411, 0.0, 0.0411, 0.0, 0.0411, 0.0, 0.0411, 0.0, 0.0, 0.0, -0.0411, -0.0411, -0.082199, 0.0, -0.123299, 0.0, 0.0, 0.0411, -0.082199, 0.0, 0.0, -0.082199, 0.0, 0.0, 0.0, 0.0411, 0.0, -0.0411, -0.082199]",12,6,6,89,115,0.5317,0.5486,0.5158,0.4683,1.0,0.1735,0.4167,0.5446,2026-09-19T15:26:20
3abb7580-b3da-4149-82eb-e03c4e3a2e78,P-FB0E050FB9,T7,high,small,google/gemma-3-4b-it,0,Neutral Engagement Agent,You are hosting friends for an evening of games and conversation. How do you plan the gathering?,"[0.042954, -0.085907, 0.0, 0.0, -0.042954, 0.085907, 0.0, -0.042954, -0.042954, 0.042954, -0.042954, 0.042954, 0.042954, 0.0, 0.042954, 0.0, 0.0, 0.0, 0.042954, 0.0, 0.042954, -0.085907, -0.085907, -0.128861, -0.042954, 0.0, 0.0, 0.0, 0.042954, -0.042954, 0.0, 0.0, 0.042954, 0.085907, 0.085907, 0.0, 0.0, 0.085907, 0.042954, -0.042954, 0.0, 0.0, 0.042954, 0.0, 0.0, 0.0, -0.042954, 0.042954, 0.085907, 0.0, -0.042954, 0.128861, 0.042954, 0.042954, -0.042954, 0.0, 0.0, 0.042954, 0.042954, 0.0, -0.042954, -0.042954, 0.0, 0.0, 0.0, 0.042954, -0.042954, -0.042954, 0.042954, 0.042954, -0.042954, -0.128861, 0.0, -0.042954, 0.0, 0.0, 0.085907, 0.042954, 0.0, 0.0, 0.0, 0.042954, 0.0, -0.042954, 0.0, -0.042954, 0.042954, -0.171815, -0.042954, -0.085907, -0.042954, 0.0, -0.042954, 0.0, 0.042954, 0.042954, 0.0, 0.0, -0.042954, -0.128861, -0.042954, 0.042954, 0.0, 0.0, 0.0, 0.0, 0.042954, 0.0, 0.042954, -0.042954, 0.085907, -0.042954, 0.0, 0.0, -0.042954, 0.042954, 0.042954, 0.042954, -0.042954, 0.0, 0.0, 0.042954, -0.042954, 0.0, 0.0, 0.0, -0.042954, -0.042954, -0.042954, 0.042954, 0.0, 0.0, -0.042954, 0.085907, 0.085907, 0.0, 0.0, -0.085907, 0.0, 0.0, 0.0, 0.0, 0.0, -0.042954, -0.042954, -0.042954, 0.085907, 0.0, 0.085907, -0.128861, 0.128861, -0.042954, 0.0, 0.0, 0.042954, 0.128861, 0.0, 0.085907, 0.085907, 0.042954, -0.085907, 0.0, 0.0, 0.042954, -0.128861, -0.042954, 0.128861, 0.0, -0.042954, -0.085907, 0.0, 0.042954, 0.0, 0.042954, -0.042954, 0.0, -0.085907, -0.042954, 0.042954, 0.042954, -0.085907, -0.042954, 0.042954, 0.0, -0.042954, 0.042954, 0.042954, 0.085907, 0.042954, 0.0, -0.085907, 0.042954, 0.085907, -0.042954, -0.085907, 0.042954, 0.0, -0.042954, 0.0, 0.042954, -0.085907, 0.0, 0.0, -0.042954, 0.0, 0.085907, 0.0, -0.042954, 0.042954, -0.085907, 0.0, -0.042954, 0.0, 0.0, 0.0, 0.042954, -0.085907, -0.042954, 0.085907, 0.042954, 0.0, 0.0, -0.042954, -0.085907, 0.042954, -0.085907, -0.042954, 0.128861, -0.128861, 0.0, 0.0, 0.042954, -0.042954, -0.085907, -0.042954, -0.042954, -0.042954, 0.0, 0.0, 0.042954, 0.0, 0.0, -0.042954, 0.085907, 0.042954, -0.042954, 0.0, 0.042954, 0.0, -0.042954, -0.085907, 0.0, 0.042954, 0.042954, 0.0, 0.0, 0.0, 0.0, -0.085907, 0.042954, 0.042954, 0.0, 0.0, 0.042954, 0.085907, -0.042954, 0.0, 0.0, 0.0, 0.128861, 0.0, -0.085907, 0.042954, 0.0, 0.0, -0.042954, 0.0, 0.0, 0.0, -0.042954, 0.0, 0.042954, -0.042954, 0.042954, 0.042954, 0.085907, 0.0, -0.085907, 0.042954, -0.042954, 0.042954, -0.042954, -0.042954, 0.042954, -0.042954, -0.085907, 0.0, 0.0, 0.0, 0.0, 0.042954, 0.042954, -0.042954, 0.128861, 0.042954, -0.085907, 0.0, 0.0, 0.042954, -0.042954, 0.0, -0.042954, -0.085907, 0.0, -0.085907, -0.042954, -0.042954, 0.0, 0.042954, 0.042954, -0.042954, 0.0, 0.0, 0.042954, -0.042954, 0.085907, -0.042954, 0.042954, -0.042954, -0.042954, -0.042954, 0.085907, -0.085907, 0.085907, 0.0, -0.042954, -0.042954, -0.042954, 0.0, 0.042954, 0.085907, -0.042954, 0.0, 0.0, -0.042954, 0.0, 0.0, 0.042954, 0.042954, -0.042954, 0.0, 0.042954, 0.0, 0.0, -0.042954, -0.042954, 0.042954, 0.0, 0.042954, 0.0, 0.085907, 0.042954, -0.042954, 0.0, 0.042954, 0.0, -0.042954, -0.042954, 0.0, -0.128861, 0.042954, -0.085907, 0.085907, -0.085907, 0.042954, 0.042954, 0.0, 0.0, -0.042954, 0.085907, -0.042954, 0.042954, -0.042954, -0.085907]",12,6,6,82,106,0.5207,0.5328,0.5262,0.4793,1.0,0.2927,0.4167,0.5461,2026-09-19T15:26:20
4496c586-964d-4b84-83f6-213cdde3aa4a,P-FB0E050FB9,T1,low,medium,google/gemma-4-31b-it,1,Neutral Engagement Agent,"You are at a supermarket in Greece, choosing cheese. You notice both branded options and supermarket own brands. What factors do you consider before deciding?","[0.031311, -0.062622, 0.031311, -0.031311, 0.0, 0.031311, 0.031311, -0.031311, 0.031311, -0.031311, -0.031311, -0.062622, 0.125245, 0.031311, -0.062622, 0.0, -0.031311, 0.031311, -0.031311, -0.031311, 0.031311, 0.031311, -0.093934, -0.031311, -0.031311, -0.031311, 0.0, 0.0, 0.0, 0.031311, 0.0, 0.031311, -0.031311, 0.125245, 0.093934, -0.031311, 0.062622, 0.031311, 0.031311, -0.031311, 0.062622, 0.0, 0.062622, 0.031311, 0.031311, 0.0, 0.0, -0.062622, -0.031311, 0.031311, 0.062622, 0.031311, 0.0, 0.0, 0.0, 0.031311, 0.0, -0.031311, 0.0, -0.031311, -0.031311, 0.031311, 0.062622, 0.0, -0.031311, -0.031311, 0.031311, -0.062622, -0.031311, 0.0, 0.031311, 0.031311, 0.0, -0.031311, 0.031311, 0.031311, 0.0, 0.062622, 0.0, 0.062622, 0.0, 0.093934, 0.0, -0.093934, 0.031311, -0.093934, 0.031311, -0.156556, 0.031311, -0.156556, 0.031311, 0.093934, -0.031311, 0.062622, -0.031311, -0.031311, 0.062622, 0.0, 0.062622, -0.031311, 0.031311, 0.062622, 0.0, -0.031311, 0.062622, -0.062622, -0.031311, -0.031311, 0.031311, 0.0, 0.062622, -0.093934, 0.0, 0.0, -0.062622, 0.031311, -0.031311, -0.031311, -0.093934, 0.0, 0.093934, 0.031311, 0.031311, 0.0, 0.0, 0.031311, -0.031311, -0.031311, -0.031311, 0.062622, 0.0, -0.031311, -0.031311, 0.125245, 0.0, -0.062622, 0.0, 0.0, -0.093934, 0.031311, 0.0, 0.031311, -0.093934, -0.062622, -0.031311, -0.031311, 0.0, 0.0, 0.0, 0.031311, 0.0, -0.062622, -0.062622, 0.0, -0.031311, 0.031311, 0.062622, 0.031311, 0.093934, 0.031311, -0.093934, 0.0, -0.031311, 0.031311, 0.031311, 0.031311, 0.0, 0.031311, 0.0, -0.125245, 0.031311, -0.031311, -0.031311, 0.125245, 0.0, 0.031311, -0.031311, 0.0, 0.031311, 0.125245, -0.031311, 0.0, 0.0, 0.0, 0.0, -0.031311, 0.093934, 0.062622, 0.062622, -0.062622, 0.0, 0.031311, 0.093934, 0.031311, -0.062622, -0.031311, 0.031311, 0.0, 0.0, 0.031311, 0.0, -0.031311, 0.093934, 0.0, -0.031311, 0.0, 0.062622, -0.031311, -0.062622, -0.062622, 0.0, 0.093934, -0.062622, 0.0, 0.031311, -0.031311, -0.031311, 0.031311, -0.062622, 0.062622, 0.062622, 0.0, 0.0, -0.093934, 0.062622, -0.062622, 0.0, 0.219179, -0.125245, 0.031311, -0.031311, 0.031311, 0.031311, 0.062622, 0.187867, -0.031311, 0.031311, -0.062622, -0.062622, -0.031311, 0.0, -0.062622, 0.0, 0.125245, 0.031311, -0.093934, 0.0, 0.031311, 0.031311, 0.0, 0.0, -0.031311, 0.0, -0.062622, -0.062622, 0.031311, -0.062622, -0.031311, -0.031311, 0.093934, -0.031311, 0.062622, 0.031311, 0.031311, 0.062622, -0.125245, -0.062622, -0.031311, -0.031311, 0.093934, 0.0, 0.062622, 0.0, 0.0, 0.0, -0.062622, 0.0, 0.031311, -0.062622, 0.062622, 0.0, 0.0, 0.0, 0.0, -0.031311, 0.031311, -0.031311, 0.031311, -0.031311, 0.0, -0.031311, 0.0, -0.031311, -0.031311, 0.0, 0.0, 0.062622, -0.062622, -0.093934, 0.0, 0.031311, 0.0, 0.0, 0.062622, 0.031311, -0.031311, -0.062622, 0.062622, 0.062622, 0.0, 0.0, -0.093934, -0.062622, -0.031311, 0.0, 0.0, 0.031311, 0.0, 0.031311, 0.0, 0.0, 0.0, 0.031311, 0.031311, -0.093934, 0.062622, -0.031311, 0.031311, 0.0, 0.093934, -0.062622, 0.031311, 0.0, 0.062622, 0.0, -0.093934, 0.0, 0.031311, 0.062622, 0.0, 0.031311, 0.0, 0.031311, 0.0, -0.062622, 0.0, 0.093934, -0.031311, 0.0, 0.0, -0.093934, 0.062622, 0.0, 0.0, -0.031311, -0.031311, 0.031311, 0.031311, -0.062622, 0.031311, 0.031311, 0.031311, 0.031311, -0.031311, 0.0, 0.0, -0.062622, 0.0, 0.0, -0.187867, 0.031311, 0.0, 0.062622, 0.093934, 0.031311, 0.0, -0.031311, -0.062622, 0.031311, 0.031311, 0.031311, 0.031311, 0.031311, -0.031311]",12,6,6,128,165,0.5272,0.5685,0.5156,0.4728,1.0,0.2992,0.1667,0.5066,2026-09-19T15:26:20
523eade3-b0ff-422f-b7b9-ce1819526ab2,P-FB0E050FB9,T7,high,medium,google/gemma-4-31b-it,0,Neutral Engagement Agent,You are hosting friends for an evening of games and conversation. How do you plan the gathering?,"[0.042954, -0.085907, 0.0, 0.0, -0.042954, 0.085907, 0.0, -0.042954, -0.042954, 0.042954, -0.042954, 0.042954, 0.042954, 0.0, 0.042954, 0.0, 0.0, 0.0, 0.042954, 0.0, 0.042954, -0.085907, -0.085907, -0.128861, -0.042954, 0.0, 0.0, 0.0, 0.042954, -0.042954, 0.0, 0.0, 0.042954, 0.085907, 0.085907, 0.0, 0.0, 0.085907, 0.042954, -0.042954, 0.0, 0.0, 0.042954, 0.0, 0.0, 0.0, -0.042954, 0.042954, 0.085907, 0.0, -0.042954, 0.128861, 0.042954, 0.042954, -0.042954, 0.0, 0.0, 0.042954, 0.042954, 0.0, -0.042954, -0.042954, 0.0, 0.0, 0.0, 0.042954, -0.042954, -0.042954, 0.042954, 0.042954, -0.042954, -0.128861, 0.0, -0.042954, 0.0, 0.0, 0.085907, 0.042954, 0.0, 0.0, 0.0, 0.042954, 0.0, -0.042954, 0.0, -0.042954, 0.042954, -0.171815, -0.042954, -0.085907, -0.042954, 0.0, -0.042954, 0.0, 0.042954, 0.042954, 0.0, 0.0, -0.042954, -0.128861, -0.042954, 0.042954, 0.0, 0.0, 0.0, 0.0, 0.042954, 0.0, 0.042954, -0.042954, 0.085907, -0.042954, 0.0, 0.0, -0.042954, 0.042954, 0.042954, 0.042954, -0.042954, 0.0, 0.0, 0.042954, -0.042954, 0.0, 0.0, 0.0, -0.042954, -0.042954, -0.042954, 0.042954, 0.0, 0.0, -0.042954, 0.085907, 0.085907, 0.0, 0.0, -0.085907, 0.0, 0.0, 0.0, 0.0, 0.0, -0.042954, -0.042954, -0.042954, 0.085907, 0.0, 0.085907, -0.128861, 0.128861, -0.042954, 0.0, 0.0, 0.042954, 0.128861, 0.0, 0.085907, 0.085907, 0.042954, -0.085907, 0.0, 0.0, 0.042954, -0.128861, -0.042954, 0.128861, 0.0, -0.042954, -0.085907, 0.0, 0.042954, 0.0, 0.042954, -0.042954, 0.0, -0.085907, -0.042954, 0.042954, 0.042954, -0.085907, -0.042954, 0.042954, 0.0, -0.042954, 0.042954, 0.042954, 0.085907, 0.042954, 0.0, -0.085907, 0.042954, 0.085907, -0.042954, -0.085907, 0.042954, 0.0, -0.042954, 0.0, 0.042954, -0.085907, 0.0, 0.0, -0.042954, 0.0, 0.085907, 0.0, -0.042954, 0.042954, -0.085907, 0.0, -0.042954, 0.0, 0.0, 0.0, 0.042954, -0.085907, -0.042954, 0.085907, 0.042954, 0.0, 0.0, -0.042954, -0.085907, 0.042954, -0.085907, -0.042954, 0.128861, -0.128861, 0.0, 0.0, 0.042954, -0.042954, -0.085907, -0.042954, -0.042954, -0.042954, 0.0, 0.0, 0.042954, 0.0, 0.0, -0.042954, 0.085907, 0.042954, -0.042954, 0.0, 0.042954, 0.0, -0.042954, -0.085907, 0.0, 0.042954, 0.042954, 0.0, 0.0, 0.0, 0.0, -0.085907, 0.042954, 0.042954, 0.0, 0.0, 0.042954, 0.085907, -0.042954, 0.0, 0.0, 0.0, 0.128861, 0.0, -0.085907, 0.042954, 0.0, 0.0, -0.042954, 0.0, 0.0, 0.0, -0.042954, 0.0, 0.042954, -0.042954, 0.042954, 0.042954, 0.085907, 0.0, -0.085907, 0.042954, -0.042954, 0.042954, -0.042954, -0.042954, 0.042954, -0.042954, -0.085907, 0.0, 0.0, 0.0, 0.0, 0.042954, 0.042954, -0.042954, 0.128861, 0.042954, -0.085907, 0.0, 0.0, 0.042954, -0.042954, 0.0, -0.042954, -0.085907, 0.0, -0.085907, -0.042954, -0.042954, 0.0, 0.042954, 0.042954, -0.042954, 0.0, 0.0, 0.042954, -0.042954, 0.085907, -0.042954, 0.042954, -0.042954, -0.042954, -0.042954, 0.085907, -0.085907, 0.085907, 0.0, -0.042954, -0.042954, -0.042954, 0.0, 0.042954, 0.085907, -0.042954, 0.0, 0.0, -0.042954, 0.0, 0.0, 0.042954, 0.042954, -0.042954, 0.0, 0.042954, 0.0, 0.0, -0.042954, -0.042954, 0.042954, 0.0, 0.042954, 0.0, 0.085907, 0.042954, -0.042954, 0.0, 0.042954, 0.0, -0.042954, -0.042954, 0.0, -0.128861, 0.042954, -0.085907, 0.085907, -0.085907, 0.042954, 0.042954, 0.0, 0.0, -0.042954, 0.085907, -0.042954, 0.042954, -0.042954, -0.085907]",12,6,6,112,145,0.5426,0.5872,0.5204,0.4574,1.0,0.3182,0.25,0.5219,2026-09-19T15:26:20
7b504fc6-de4d-4dde-9b5f-1ea68305d5ad,P-FB0E050FB9,T7,high,medium,google/gemma-4-31b-it,1,Neutral Engagement Agent,You are hosting friends for an evening of games and conversation. How do you plan the gathering?,"[0.042954, -0.085907, 0.0, 0.0, -0.042954, 0.085907, 0.0, -0.042954, -0.042954, 0.042954, -0.042954, 0.042954, 0.042954, 0.0, 0.042954, 0.0, 0.0, 0.0, 0.042954, 0.0, 0.042954, -0.085907, -0.085907, -0.128861, -0.042954, 0.0, 0.0, 0.0, 0.042954, -0.042954, 0.0, 0.0, 0.042954, 0.085907, 0.085907, 0.0, 0.0, 0.085907, 0.042954, -0.042954, 0.0, 0.0, 0.042954, 0.0, 0.0, 0.0, -0.042954, 0.042954, 0.085907, 0.0, -0.042954, 0.128861, 0.042954, 0.042954, -0.042954, 0.0, 0.0, 0.042954, 0.042954, 0.0, -0.042954, -0.042954, 0.0, 0.0, 0.0, 0.042954, -0.042954, -0.042954, 0.042954, 0.042954, -0.042954, -0.128861, 0.0, -0.042954, 0.0, 0.0, 0.085907, 0.042954, 0.0, 0.0, 0.0, 0.042954, 0.0, -0.042954, 0.0, -0.042954, 0.042954, -0.171815, -0.042954, -0.085907, -0.042954, 0.0, -0.042954, 0.0, 0.042954, 0.042954, 0.0, 0.0, -0.042954, -0.128861, -0.042954, 0.042954, 0.0, 0.0, 0.0, 0.0, 0.042954, 0.0, 0.042954, -0.042954, 0.085907, -0.042954, 0.0, 0.0, -0.042954, 0.042954, 0.042954, 0.042954, -0.042954, 0.0, 0.0, 0.042954, -0.042954, 0.0, 0.0, 0.0, -0.042954, -0.042954, -0.042954, 0.042954, 0.0, 0.0, -0.042954, 0.085907, 0.085907, 0.0, 0.0, -0.085907, 0.0, 0.0, 0.0, 0.0, 0.0, -0.042954, -0.042954, -0.042954, 0.085907, 0.0, 0.085907, -0.128861, 0.128861, -0.042954, 0.0, 0.0, 0.042954, 0.128861, 0.0, 0.085907, 0.085907, 0.042954, -0.085907, 0.0, 0.0, 0.042954, -0.128861, -0.042954, 0.128861, 0.0, -0.042954, -0.085907, 0.0, 0.042954, 0.0, 0.042954, -0.042954, 0.0, -0.085907, -0.042954, 0.042954, 0.042954, -0.085907, -0.042954, 0.042954, 0.0, -0.042954, 0.042954, 0.042954, 0.085907, 0.042954, 0.0, -0.085907, 0.042954, 0.085907, -0.042954, -0.085907, 0.042954, 0.0, -0.042954, 0.0, 0.042954, -0.085907, 0.0, 0.0, -0.042954, 0.0, 0.085907, 0.0, -0.042954, 0.042954, -0.085907, 0.0, -0.042954, 0.0, 0.0, 0.0, 0.042954, -0.085907, -0.042954, 0.085907, 0.042954, 0.0, 0.0, -0.042954, -0.085907, 0.042954, -0.085907, -0.042954, 0.128861, -0.128861, 0.0, 0.0, 0.042954, -0.042954, -0.085907, -0.042954, -0.042954, -0.042954, 0.0, 0.0, 0.042954, 0.0, 0.0, -0.042954, 0.085907, 0.042954, -0.042954, 0.0, 0.042954, 0.0, -0.042954, -0.085907, 0.0, 0.042954, 0.042954, 0.0, 0.0, 0.0, 0.0, -0.085907, 0.042954, 0.042954, 0.0, 0.0, 0.042954, 0.085907, -0.042954, 0.0, 0.0, 0.0, 0.128861, 0.0, -0.085907, 0.042954, 0.0, 0.0, -0.042954, 0.0, 0.0, 0.0, -0.042954, 0.0, 0.042954, -0.042954, 0.042954, 0.042954, 0.085907, 0.0, -0.085907, 0.042954, -0.042954, 0.042954, -0.042954, -0.042954, 0.042954, -0.042954, -0.085907, 0.0, 0.0, 0.0, 0.0, 0.042954, 0.042954, -0.042954, 0.128861, 0.042954, -0.085907, 0.0, 0.0, 0.042954, -0.042954, 0.0, -0.042954, -0.085907, 0.0, -0.085907, -0.042954, -0.042954, 0.0, 0.042954, 0.042954, -0.042954, 0.0, 0.0, 0.042954, -0.042954, 0.085907, -0.042954, 0.042954, -0.042954, -0.042954, -0.042954, 0.085907, -0.085907, 0.085907, 0.0, -0.042954, -0.042954, -0.042954, 0.0, 0.042954, 0.085907, -0.042954, 0.0, 0.0, -0.042954, 0.0, 0.0, 0.042954, 0.042954, -0.042954, 0.0, 0.042954, 0.0, 0.0, -0.042954, -0.042954, 0.042954, 0.0, 0.042954, 0.0, 0.085907, 0.042954, -0.042954, 0.0, 0.042954, 0.0, -0.042954, -0.042954, 0.0, -0.128861, 0.042954, -0.085907, 0.085907, -0.085907, 0.042954, 0.042954, 0.0, 0.0, -0.042954, 0.085907, -0.042954, 0.042954, -0.042954, -0.085907]",12,6,6,132,172,0.5308,0.5385,0.529,0.4692,1.0,0.0955,0.3333,0.5353,2026-09-19T15:26:20
8b1946f9-afa0-4eab-a94d-3e57bdc33a9c,P-FB0E050FB9,T1,low,small,google/gemma-3-4b-it,0,Neutral Engagement Agent,"You are at a supermarket in Greece, choosing pasta. You notice both branded options and supermarket own brands. What factors do you consider before deciding?","[0.062137, -0.062137, 0.031068, -0.031068, 0.0, 0.031068, 0.031068, -0.031068, 0.031068, -0.031068, 0.0, -0.062137, 0.124274, 0.031068, -0.062137, 0.0, -0.031068, 0.031068, -0.031068, -0.031068, 0.031068, 0.031068, -0.124274, -0.031068, -0.031068, -0.031068, 0.0, 0.0, 0.0, 0.031068, 0.0, 0.0, -0.031068, 0.093205, 0.124274, -0.031068, 0.062137, 0.031068, 0.031068, -0.031068, 0.093205, 0.0, 0.062137, 0.031068, 0.031068, 0.0, 0.0, -0.062137, -0.031068, 0.031068, 0.062137, 0.031068, 0.0, 0.0, 0.0, 0.031068, 0.0, -0.031068, 0.0, -0.031068, -0.031068, 0.031068, 0.062137, -0.031068, -0.031068, -0.031068, 0.031068, -0.062137, -0.031068, 0.0, 0.031068, 0.031068, 0.0, -0.031068, 0.031068, 0.031068, 0.0, 0.062137, 0.0, 0.062137, 0.0, 0.093205, 0.0, -0.093205, 0.031068, -0.093205, 0.031068, -0.155342, 0.031068, -0.124274, 0.031068, 0.093205, -0.062137, 0.062137, -0.031068, -0.031068, 0.062137, 0.0, 0.031068, -0.031068, 0.031068, 0.062137, 0.0, 0.0, 0.062137, -0.062137, -0.031068, -0.031068, 0.031068, 0.0, 0.062137, -0.093205, 0.0, 0.0, -0.062137, 0.031068, -0.031068, -0.031068, -0.093205, 0.0, 0.093205, 0.0, 0.031068, 0.0, 0.062137, 0.031068, -0.062137, -0.031068, -0.031068, 0.062137, -0.031068, -0.031068, 0.0, 0.124274, 0.0, -0.093205, -0.031068, 0.0, -0.093205, 0.031068, 0.0, 0.031068, -0.093205, -0.062137, -0.031068, -0.031068, 0.0, 0.0, 0.0, 0.031068, 0.0, -0.062137, -0.062137, 0.0, -0.031068, 0.031068, 0.062137, 0.031068, 0.124274, 0.031068, -0.093205, 0.0, -0.031068, 0.031068, 0.0, 0.062137, 0.0, 0.031068, 0.0, -0.124274, 0.031068, -0.031068, -0.031068, 0.124274, 0.0, 0.031068, -0.031068, 0.0, 0.0, 0.124274, -0.031068, 0.0, 0.0, 0.0, 0.0, -0.031068, 0.093205, 0.062137, 0.062137, -0.062137, 0.0, 0.031068, 0.093205, 0.031068, -0.062137, -0.031068, 0.031068, -0.031068, 0.0, 0.031068, 0.0, -0.031068, 0.093205, 0.0, -0.062137, 0.0, 0.062137, -0.031068, -0.093205, -0.062137, 0.0, 0.093205, -0.062137, 0.0, 0.031068, -0.031068, -0.031068, 0.031068, -0.062137, 0.062137, 0.062137, 0.0, 0.0, -0.093205, 0.062137, -0.062137, 0.0, 0.186411, -0.124274, 0.031068, -0.031068, 0.031068, 0.031068, 0.093205, 0.186411, -0.031068, 0.031068, -0.062137, -0.062137, -0.031068, 0.0, -0.062137, 0.0, 0.093205, 0.031068, -0.062137, 0.0, 0.0, 0.031068, 0.0, 0.0, -0.062137, 0.0, -0.062137, -0.062137, 0.031068, -0.062137, -0.062137, -0.031068, 0.093205, -0.062137, 0.062137, 0.0, 0.0, 0.0, -0.124274, -0.062137, -0.031068, -0.031068, 0.062137, 0.0, 0.062137, 0.0, 0.0, 0.0, -0.062137, 0.0, 0.031068, -0.062137, 0.062137, 0.0, 0.0, 0.0, 0.0, -0.031068, 0.031068, -0.031068, 0.031068, -0.031068, 0.0, -0.031068, 0.0, -0.031068, -0.031068, 0.0, 0.0, 0.031068, -0.031068, -0.093205, 0.0, 0.031068, 0.0, -0.031068, 0.062137, -0.031068, -0.031068, -0.062137, 0.062137, 0.031068, 0.0, 0.031068, -0.093205, -0.062137, -0.031068, 0.0, 0.0, 0.031068, -0.031068, 0.031068, 0.0, 0.031068, 0.0, 0.031068, 0.031068, -0.093205, 0.062137, -0.031068, 0.031068, 0.0, 0.093205, -0.062137, 0.031068, 0.0, 0.093205, 0.0, -0.093205, 0.0, 0.031068, 0.062137, 0.0, 0.031068, 0.0, 0.031068, 0.0, -0.093205, 0.0, 0.124274, -0.031068, -0.031068, 0.0, -0.093205, 0.062137, 0.0, 0.0, -0.031068, -0.031068, 0.031068, 0.031068, -0.031068, 0.031068, 0.031068, 0.031068, 0.031068, -0.031068, 0.0, 0.0, -0.062137, 0.0, 0.0, -0.186411, 0.031068, 0.0, 0.062137, 0.062137, 0.062137, 0.0, -0.031068, -0.062137, 0.031068, 0.0, 0.031068, 0.031068, 0.031068, 0.0]",12,6,6,89,115,0.5355,0.5855,0.537,0.4645,1.0,0.4557,0.0,0.4878,2026-09-19T15:26:20
97f45085-0598-44f3-bd78-f95e9a7fb1cb,P-FB0E050FB9,T1,low,small,google/gemma-3-4b-it,1,Neutral Engagement Agent,"You are at a supermarket in Greece, choosing cheese. You notice both branded options and supermarket own brands. What factors do you consider before deciding?","[0.031311, -0.062622, 0.031311, -0.031311, 0.0, 0.031311, 0.031311, -0.031311, 0.031311, -0.031311, -0.031311, -0.062622, 0.125245, 0.031311, -0.062622, 0.0, -0.031311, 0.031311, -0.031311, -0.031311, 0.031311, 0.031311, -0.093934, -0.031311, -0.031311, -0.031311, 0.0, 0.0, 0.0, 0.031311, 0.0, 0.031311, -0.031311, 0.125245, 0.093934, -0.031311, 0.062622, 0.031311, 0.031311, -0.031311, 0.062622, 0.0, 0.062622, 0.031311, 0.031311, 0.0, 0.0, -0.062622, -0.031311, 0.031311, 0.062622, 0.031311, 0.0, 0.0, 0.0, 0.031311, 0.0, -0.031311, 0.0, -0.031311, -0.031311, 0.031311, 0.062622, 0.0, -0.031311, -0.031311, 0.031311, -0.062622, -0.031311, 0.0, 0.031311, 0.031311, 0.0, -0.031311, 0.031311, 0.031311, 0.0, 0.062622, 0.0, 0.062622, 0.0, 0.093934, 0.0, -0.093934, 0.031311, -0.093934, 0.031311, -0.156556, 0.031311, -0.156556, 0.031311, 0.093934, -0.031311, 0.062622, -0.031311, -0.031311, 0.062622, 0.0, 0.062622, -0.031311, 0.031311, 0.062622, 0.0, -0.031311, 0.062622, -0.062622, -0.031311, -0.031311, 0.031311, 0.0, 0.062622, -0.093934, 0.0, 0.0, -0.062622, 0.031311, -0.031311, -0.031311, -0.093934, 0.0, 0.093934, 0.031311, 0.031311, 0.0, 0.0, 0.031311, -0.031311, -0.031311, -0.031311, 0.062622, 0.0, -0.031311, -0.031311, 0.125245, 0.0, -0.062622, 0.0, 0.0, -0.093934, 0.031311, 0.0, 0.031311, -0.093934, -0.062622, -0.031311, -0.031311, 0.0, 0.0, 0.0, 0.031311, 0.0, -0.062622, -0.062622, 0.0, -0.031311, 0.031311, 0.062622, 0.031311, 0.093934, 0.031311, -0.093934, 0.0, -0.031311, 0.031311, 0.031311, 0.031311, 0.0, 0.031311, 0.0, -0.125245, 0.031311, -0.031311, -0.031311, 0.125245, 0.0, 0.031311, -0.031311, 0.0, 0.031311, 0.125245, -0.031311, 0.0, 0.0, 0.0, 0.0, -0.031311, 0.093934, 0.062622, 0.062622, -0.062622, 0.0, 0.031311, 0.093934, 0.031311, -0.062622, -0.031311, 0.031311, 0.0, 0.0, 0.031311, 0.0, -0.031311, 0.093934, 0.0, -0.031311, 0.0, 0.062622, -0.031311, -0.062622, -0.062622, 0.0, 0.093934, -0.062622, 0.0, 0.031311, -0.031311, -0.031311, 0.031311, -0.062622, 0.062622, 0.062622, 0.0, 0.0, -0.093934, 0.062622, -0.062622, 0.0, 0.219179, -0.125245, 0.031311, -0.031311, 0.031311, 0.031311, 0.062622, 0.187867, -0.031311, 0.031311, -0.062622, -0.062622, -0.031311, 0.0, -0.062622, 0.0, 0.125245, 0.031311, -0.093934, 0.0, 0.031311, 0.031311, 0.0, 0.0, -0.031311, 0.0, -0.062622, -0.062622, 0.031311, -0.062622, -0.031311, -0.031311, 0.093934, -0.031311, 0.062622, 0.031311, 0.031311, 0.062622, -0.125245, -0.062622, -0.031311, -0.031311, 0.093934, 0.0, 0.062622, 0.0, 0.0, 0.0, -0.062622, 0.0, 0.031311, -0.062622, 0.062622, 0.0, 0.0, 0.0, 0.0, -0.031311, 0.031311, -0.031311, 0.031311, -0.031311, 0.0, -0.031311, 0.0, -0.031311, -0.031311, 0.0, 0.0, 0.062622, -0.062622, -0.093934, 0.0, 0.031311, 0.0, 0.0, 0.062622, 0.031311, -0.031311, -0.062622, 0.062622, 0.062622, 0.0, 0.0, -0.093934, -0.062622, -0.031311, 0.0, 0.0, 0.031311, 0.0, 0.031311, 0.0, 0.0, 0.0, 0.031311, 0.031311, -0.093934, 0.062622, -0.031311, 0.031311, 0.0, 0.093934, -0.062622, 0.031311, 0.0, 0.062622, 0.0, -0.093934, 0.0, 0.031311, 0.062622, 0.0, 0.031311, 0.0, 0.031311, 0.0, -0.062622, 0.0, 0.093934, -0.031311, 0.0, 0.0, -0.093934, 0.062622, 0.0, 0.0, -0.031311, -0.031311, 0.031311, 0.031311, -0.062622, 0.031311, 0.031311, 0.031311, 0.031311, -0.031311, 0.0, 0.0, -0.062622, 0.0, 0.0, -0.187867, 0.031311, 0.0, 0.062622, 0.093934, 0.031311, 0.0, -0.031311, -0.062622, 0.031311, 0.031311, 0.031311, 0.031311, 0.031311, -0.031311]",12,6,6,69,90,0.5493,0.5545,0.5407,0.4507,1.0,0.3846,0.4167,0.5526,2026-09-19T15:26:20
9e46aafb-c72d-4fa7-8535-097a2a39785a,P-FB0E050FB9,T1,low,medium,google/gemma-4-31b-it,0,Neutral Engagement Agent,"You are at a supermarket in Greece, choosing pasta. You notice both branded options and supermarket own brands. What factors do you consider before deciding?","[0.062137, -0.062137, 0.031068, -0.031068, 0.0, 0.031068, 0.031068, -0.031068, 0.031068, -0.031068, 0.0, -0.062137, 0.124274, 0.031068, -0.062137, 0.0, -0.031068, 0.031068, -0.031068, -0.031068, 0.031068, 0.031068, -0.124274, -0.031068, -0.031068, -0.031068, 0.0, 0.0, 0.0, 0.031068, 0.0, 0.0, -0.031068, 0.093205, 0.124274, -0.031068, 0.062137, 0.031068, 0.031068, -0.031068, 0.093205, 0.0, 0.062137, 0.031068, 0.031068, 0.0, 0.0, -0.062137, -0.031068, 0.031068, 0.062137, 0.031068, 0.0, 0.0, 0.0, 0.031068, 0.0, -0.031068, 0.0, -0.031068, -0.031068, 0.031068, 0.062137, -0.031068, -0.031068, -0.031068, 0.031068, -0.062137, -0.031068, 0.0, 0.031068, 0.031068, 0.0, -0.031068, 0.031068, 0.031068, 0.0, 0.062137, 0.0, 0.062137, 0.0, 0.093205, 0.0, -0.093205, 0.031068, -0.093205, 0.031068, -0.155342, 0.031068, -0.124274, 0.031068, 0.093205, -0.062137, 0.062137, -0.031068, -0.031068, 0.062137, 0.0, 0.031068, -0.031068, 0.031068, 0.062137, 0.0, 0.0, 0.062137, -0.062137, -0.031068, -0.031068, 0.031068, 0.0, 0.062137, -0.093205, 0.0, 0.0, -0.062137, 0.031068, -0.031068, -0.031068, -0.093205, 0.0, 0.093205, 0.0, 0.031068, 0.0, 0.062137, 0.031068, -0.062137, -0.031068, -0.031068, 0.062137, -0.031068, -0.031068, 0.0, 0.124274, 0.0, -0.093205, -0.031068, 0.0, -0.093205, 0.031068, 0.0, 0.031068, -0.093205, -0.062137, -0.031068, -0.031068, 0.0, 0.0, 0.0, 0.031068, 0.0, -0.062137, -0.062137, 0.0, -0.031068, 0.031068, 0.062137, 0.031068, 0.124274, 0.031068, -0.093205, 0.0, -0.031068, 0.031068, 0.0, 0.062137, 0.0, 0.031068, 0.0, -0.124274, 0.031068, -0.031068, -0.031068, 0.124274, 0.0, 0.031068, -0.031068, 0.0, 0.0, 0.124274, -0.031068, 0.0, 0.0, 0.0, 0.0, -0.031068, 0.093205, 0.062137, 0.062137, -0.062137, 0.0, 0.031068, 0.093205, 0.031068, -0.062137, -0.031068, 0.031068, -0.031068, 0.0, 0.031068, 0.0, -0.031068, 0.093205, 0.0, -0.062137, 0.0, 0.062137, -0.031068, -0.093205, -0.062137, 0.0, 0.093205, -0.062137, 0.0, 0.031068, -0.031068, -0.031068, 0.031068, -0.062137, 0.062137, 0.062137, 0.0, 0.0, -0.093205, 0.062137, -0.062137, 0.0, 0.186411, -0.124274, 0.031068, -0.031068, 0.031068, 0.031068, 0.093205, 0.186411, -0.031068, 0.031068, -0.062137, -0.062137, -0.031068, 0.0, -0.062137, 0.0, 0.093205, 0.031068, -0.062137, 0.0, 0.0, 0.031068, 0.0, 0.0, -0.062137, 0.0, -0.062137, -0.062137, 0.031068, -0.062137, -0.062137, -0.031068, 0.093205, -0.062137, 0.062137, 0.0, 0.0, 0.0, -0.124274, -0.062137, -0.031068, -0.031068, 0.062137, 0.0, 0.062137, 0.0, 0.0, 0.0, -0.062137, 0.0, 0.031068, -0.062137, 0.062137, 0.0, 0.0, 0.0, 0.0, -0.031068, 0.031068, -0.031068, 0.031068, -0.031068, 0.0, -0.031068, 0.0, -0.031068, -0.031068, 0.0, 0.0, 0.031068, -0.031068, -0.093205, 0.0, 0.031068, 0.0, -0.031068, 0.062137, -0.031068, -0.031068, -0.062137, 0.062137, 0.031068, 0.0, 0.031068, -0.093205, -0.062137, -0.031068, 0.0, 0.0, 0.031068, -0.031068, 0.031068, 0.0, 0.031068, 0.0, 0.031068, 0.031068, -0.093205, 0.062137, -0.031068, 0.031068, 0.0, 0.093205, -0.062137, 0.031068, 0.0, 0.093205, 0.0, -0.093205, 0.0, 0.031068, 0.062137, 0.0, 0.031068, 0.0, 0.031068, 0.0, -0.093205, 0.0, 0.124274, -0.031068, -0.031068, 0.0, -0.093205, 0.062137, 0.0, 0.0, -0.031068, -0.031068, 0.031068, 0.031068, -0.031068, 0.031068, 0.031068, 0.031068, 0.031068, -0.031068, 0.0, 0.0, -0.062137, 0.0, 0.0, -0.186411, 0.031068, 0.0, 0.062137, 0.062137, 0.062137, 0.0, -0.031068, -0.062137, 0.031068, 0.0, 0.031068, 0.031068, 0.031068, 0.0]",12,6,6,104,137,0.5732,0.5747,0.5166,0.4268,1.0,0.3301,0.1667,0.5115,2026-09-19T15:26:20
b16124aa-b8be-4fa5-b25c-9b2908ffa7e5,P-FB0E050FB9,T1,low,medium,google/gemma-4-31b-it,1,Neutral Engagement Agent,"You are at a supermarket in Greece, choosing pasta. You notice both branded options and supermarket own brands. What factors do you consider before deciding?","[0.062137, -0.062137, 0.031068, -0.031068, 0.0, 0.031068, 0.031068, -0.031068, 0.031068, -0.031068, 0.0, -0.062137, 0.124274, 0.031068, -0.062137, 0.0, -0.031068, 0.031068, -0.031068, -0.031068, 0.031068, 0.031068, -0.124274, -0.031068, -0.031068, -0.031068, 0.0, 0.0, 0.0, 0.031068, 0.0, 0.0, -0.031068, 0.093205, 0.124274, -0.031068, 0.062137, 0.031068, 0.031068, -0.031068, 0.093205, 0.0, 0.062137, 0.031068, 0.031068, 0.0, 0.0, -0.062137, -0.031068, 0.031068, 0.062137, 0.031068, 0.0, 0.0, 0.0, 0.031068, 0.0, -0.031068, 0.0, -0.031068, -0.031068, 0.031068, 0.062137, -0.031068, -0.031068, -0.031068, 0.031068, -0.062137, -0.031068, 0.0, 0.031068, 0.031068, 0.0, -0.031068, 0.031068, 0.031068, 0.0, 0.062137, 0.0, 0.062137, 0.0, 0.093205, 0.0, -0.093205, 0.031068, -0.093205, 0.031068, -0.155342, 0.031068, -0.124274, 0.031068, 0.093205, -0.062137, 0.062137, -0.031068, -0.031068, 0.062137, 0.0, 0.031068, -0.031068, 0.031068, 0.062137, 0.0, 0.0, 0.062137, -0.062137, -0.031068, -0.031068, 0.031068, 0.0, 0.062137, -0.093205, 0.0, 0.0, -0.062137, 0.031068, -0.031068, -0.031068, -0.093205, 0.0, 0.093205, 0.0, 0.031068, 0.0, 0.062137, 0.031068, -0.062137, -0.031068, -0.031068, 0.062137, -0.031068, -0.031068, 0.0, 0.124274, 0.0, -0.093205, -0.031068, 0.0, -0.093205, 0.031068, 0.0, 0.031068, -0.093205, -0.062137, -0.031068, -0.031068, 0.0, 0.0, 0.0, 0.031068, 0.0, -0.062137, -0.062137, 0.0, -0.031068, 0.031068, 0.062137, 0.031068, 0.124274, 0.031068, -0.093205, 0.0, -0.031068, 0.031068, 0.0, 0.062137, 0.0, 0.031068, 0.0, -0.124274, 0.031068, -0.031068, -0.031068, 0.124274, 0.0, 0.031068, -0.031068, 0.0, 0.0, 0.124274, -0.031068, 0.0, 0.0, 0.0, 0.0, -0.031068, 0.093205, 0.062137, 0.062137, -0.062137, 0.0, 0.031068, 0.093205, 0.031068, -0.062137, -0.031068, 0.031068, -0.031068, 0.0, 0.031068, 0.0, -0.031068, 0.093205, 0.0, -0.062137, 0.0, 0.062137, -0.031068, -0.093205, -0.062137, 0.0, 0.093205, -0.062137, 0.0, 0.031068, -0.031068, -0.031068, 0.031068, -0.062137, 0.062137, 0.062137, 0.0, 0.0, -0.093205, 0.062137, -0.062137, 0.0, 0.186411, -0.124274, 0.031068, -0.031068, 0.031068, 0.031068, 0.093205, 0.186411, -0.031068, 0.031068, -0.062137, -0.062137, -0.031068, 0.0, -0.062137, 0.0, 0.093205, 0.031068, -0.062137, 0.0, 0.0, 0.031068, 0.0, 0.0, -0.062137, 0.0, -0.062137, -0.062137, 0.031068, -0.062137, -0.062137, -0.031068, 0.093205, -0.062137, 0.062137, 0.0, 0.0, 0.0, -0.124274, -0.062137, -0.031068, -0.031068, 0.062137, 0.0, 0.062137, 0.0, 0.0, 0.0, -0.062137, 0.0, 0.031068, -0.062137, 0.062137, 0.0, 0.0, 0.0, 0.0, -0.031068, 0.031068, -0.031068, 0.031068, -0.031068, 0.0, -0.031068, 0.0, -0.031068, -0.031068, 0.0, 0.0, 0.031068, -0.031068, -0.093205, 0.0, 0.031068, 0.0, -0.031068, 0.062137, -0.031068, -0.031068, -0.062137, 0.062137, 0.031068, 0.0, 0.031068, -0.093205, -0.062137, -0.031068, 0.0, 0.0, 0.031068, -0.031068, 0.031068, 0.0, 0.031068, 0.0, 0.031068, 0.031068, -0.093205, 0.062137, -0.031068, 0.031068, 0.0, 0.093205, -0.062137, 0.031068, 0.0, 0.093205, 0.0, -0.093205, 0.0, 0.031068, 0.062137, 0.0, 0.031068, 0.0, 0.031068, 0.0, -0.093205, 0.0, 0.124274, -0.031068, -0.031068, 0.0, -0.093205, 0.062137, 0.0, 0.0, -0.031068, -0.031068, 0.031068, 0.031068, -0.031068, 0.031068, 0.031068, 0.031068, 0.031068, -0.031068, 0.0, 0.0, -0.062137, 0.0, 0.0, -0.186411, 0.031068, 0.0, 0.062137, 0.062137, 0.062137, 0.0, -0.031068, -0.062137, 0.031068, 0.0, 0.031068, 0.031068, 0.031068, 0.0]",12,6,6,115,147,0.5749,0.6405,0.507,0.4251,1.0,0.3364,0.0833,0.4967,2026-09-19T15:26:20
b5fd0a33-4c23-4e12-a6f4-c85d58265b6c,P-FB0E050FB9,T1,low,medium,google/gemma-4-31b-it,0,Neutral Engagement Agent,"You are at a supermarket in Greece, choosing cheese. You notice both branded options and supermarket own brands. What factors do you consider before deciding?","[0.031311, -0.062622, 0.031311, -0.031311, 0.0, 0.031311, 0.031311, -0.031311, 0.031311, -0.031311, -0.031311, -0.062622, 0.125245, 0.031311, -0.062622, 0.0, -0.031311, 0.031311, -0.031311, -0.031311, 0.031311, 0.031311, -0.093934, -0.031311, -0.031311, -0.031311, 0.0, 0.0, 0.0, 0.031311, 0.0, 0.031311, -0.031311, 0.125245, 0.093934, -0.031311, 0.062622, 0.031311, 0.031311, -0.031311, 0.062622, 0.0, 0.062622, 0.031311, 0.031311, 0.0, 0.0, -0.062622, -0.031311, 0.031311, 0.062622, 0.031311, 0.0, 0.0, 0.0, 0.031311, 0.0, -0.031311, 0.0, -0.031311, -0.031311, 0.031311, 0.062622, 0.0, -0.031311, -0.031311, 0.031311, -0.062622, -0.031311, 0.0, 0.031311, 0.031311, 0.0, -0.031311, 0.031311, 0.031311, 0.0, 0.062622, 0.0, 0.062622, 0.0, 0.093934, 0.0, -0.093934, 0.031311, -0.093934, 0.031311, -0.156556, 0.031311, -0.156556, 0.031311, 0.093934, -0.031311, 0.062622, -0.031311, -0.031311, 0.062622, 0.0, 0.062622, -0.031311, 0.031311, 0.062622, 0.0, -0.031311, 0.062622, -0.062622, -0.031311, -0.031311, 0.031311, 0.0, 0.062622, -0.093934, 0.0, 0.0, -0.062622, 0.031311, -0.031311, -0.031311, -0.093934, 0.0, 0.093934, 0.031311, 0.031311, 0.0, 0.0, 0.031311, -0.031311, -0.031311, -0.031311, 0.062622, 0.0, -0.031311, -0.031311, 0.125245, 0.0, -0.062622, 0.0, 0.0, -0.093934, 0.031311, 0.0, 0.031311, -0.093934, -0.062622, -0.031311, -0.031311, 0.0, 0.0, 0.0, 0.031311, 0.0, -0.062622, -0.062622, 0.0, -0.031311, 0.031311, 0.062622, 0.031311, 0.093934, 0.031311, -0.093934, 0.0, -0.031311, 0.031311, 0.031311, 0.031311, 0.0, 0.031311, 0.0, -0.125245, 0.031311, -0.031311, -0.031311, 0.125245, 0.0, 0.031311, -0.031311, 0.0, 0.031311, 0.125245, -0.031311, 0.0, 0.0, 0.0, 0.0, -0.031311, 0.093934, 0.062622, 0.062622, -0.062622, 0.0, 0.031311, 0.093934, 0.031311, -0.062622, -0.031311, 0.031311, 0.0, 0.0, 0.031311, 0.0, -0.031311, 0.093934, 0.0, -0.031311, 0.0, 0.062622, -0.031311, -0.062622, -0.062622, 0.0, 0.093934, -0.062622, 0.0, 0.031311, -0.031311, -0.031311, 0.031311, -0.062622, 0.062622, 0.062622, 0.0, 0.0, -0.093934, 0.062622, -0.062622, 0.0, 0.219179, -0.125245, 0.031311, -0.031311, 0.031311, 0.031311, 0.062622, 0.187867, -0.031311, 0.031311, -0.062622, -0.062622, -0.031311, 0.0, -0.062622, 0.0, 0.125245, 0.031311, -0.093934, 0.0, 0.031311, 0.031311, 0.0, 0.0, -0.031311, 0.0, -0.062622, -0.062622, 0.031311, -0.062622, -0.031311, -0.031311, 0.093934, -0.031311, 0.062622, 0.031311, 0.031311, 0.062622, -0.125245, -0.062622, -0.031311, -0.031311, 0.093934, 0.0, 0.062622, 0.0, 0.0, 0.0, -0.062622, 0.0, 0.031311, -0.062622, 0.062622, 0.0, 0.0, 0.0, 0.0, -0.031311, 0.031311, -0.031311, 0.031311, -0.031311, 0.0, -0.031311, 0.0, -0.031311, -0.031311, 0.0, 0.0, 0.062622, -0.062622, -0.093934, 0.0, 0.031311, 0.0, 0.0, 0.062622, 0.031311, -0.031311, -0.062622, 0.062622, 0.062622, 0.0, 0.0, -0.093934, -0.062622, -0.031311, 0.0, 0.0, 0.031311, 0.0, 0.031311, 0.0, 0.0, 0.0, 0.031311, 0.031311, -0.093934, 0.062622, -0.031311, 0.031311, 0.0, 0.093934, -0.062622, 0.031311, 0.0, 0.062622, 0.0, -0.093934, 0.0, 0.031311, 0.062622, 0.0, 0.031311, 0.0, 0.031311, 0.0, -0.062622, 0.0, 0.093934, -0.031311, 0.0, 0.0, -0.093934, 0.062622, 0.0, 0.0, -0.031311, -0.031311, 0.031311, 0.031311, -0.062622, 0.031311, 0.031311, 0.031311, 0.031311, -0.031311, 0.0, 0.0, -0.062622, 0.0, 0.0, -0.187867, 0.031311, 0.0, 0.062622, 0.093934, 0.031311, 0.0, -0.031311, -0.062622, 0.031311, 0.031311, 0.031311, 0.031311, 0.031311, -0.031311]",12,6,6,106,137,0.529,0.5687,0.5073,0.471,1.0,0.3564,0.0,0.4797,2026-09-19T15:26:20
d89466c3-2426-49c2-8237-000921df2cba,P-FB0E050FB9,T1,low,small,google/gemma-3-4b-it,1,Neutral Engagement Agent,"You are at a supermarket in Greece, choosing pasta. You notice both branded options and supermarket own brands. What factors do you consider before deciding?","[0.062137, -0.062137, 0.031068, -0.031068, 0.0, 0.031068, 0.031068, -0.031068, 0.031068, -0.031068, 0.0, -0.062137, 0.124274, 0.031068, -0.062137, 0.0, -0.031068, 0.031068, -0.031068, -0.031068, 0.031068, 0.031068, -0.124274, -0.031068, -0.031068, -0.031068, 0.0, 0.0, 0.0, 0.031068, 0.0, 0.0, -0.031068, 0.093205, 0.124274, -0.031068, 0.062137, 0.031068, 0.031068, -0.031068, 0.093205, 0.0, 0.062137, 0.031068, 0.031068, 0.0, 0.0, -0.062137, -0.031068, 0.031068, 0.062137, 0.031068, 0.0, 0.0, 0.0, 0.031068, 0.0, -0.031068, 0.0, -0.031068, -0.031068, 0.031068, 0.062137, -0.031068, -0.031068, -0.031068, 0.031068, -0.062137, -0.031068, 0.0, 0.031068, 0.031068, 0.0, -0.031068, 0.031068, 0.031068, 0.0, 0.062137, 0.0, 0.062137, 0.0, 0.093205, 0.0, -0.093205, 0.031068, -0.093205, 0.031068, -0.155342, 0.031068, -0.124274, 0.031068, 0.093205, -0.062137, 0.062137, -0.031068, -0.031068, 0.062137, 0.0, 0.031068, -0.031068, 0.031068, 0.062137, 0.0, 0.0, 0.062137, -0.062137, -0.031068, -0.031068, 0.031068, 0.0, 0.062137, -0.093205, 0.0, 0.0, -0.062137, 0.031068, -0.031068, -0.031068, -0.093205, 0.0, 0.093205, 0.0, 0.031068, 0.0, 0.062137, 0.031068, -0.062137, -0.031068, -0.031068, 0.062137, -0.031068, -0.031068, 0.0, 0.124274, 0.0, -0.093205, -0.031068, 0.0, -0.093205, 0.031068, 0.0, 0.031068, -0.093205, -0.062137, -0.031068, -0.031068, 0.0, 0.0, 0.0, 0.031068, 0.0, -0.062137, -0.062137, 0.0, -0.031068, 0.031068, 0.062137, 0.031068, 0.124274, 0.031068, -0.093205, 0.0, -0.031068, 0.031068, 0.0, 0.062137, 0.0, 0.031068, 0.0, -0.124274, 0.031068, -0.031068, -0.031068, 0.124274, 0.0, 0.031068, -0.031068, 0.0, 0.0, 0.124274, -0.031068, 0.0, 0.0, 0.0, 0.0, -0.031068, 0.093205, 0.062137, 0.062137, -0.062137, 0.0, 0.031068, 0.093205, 0.031068, -0.062137, -0.031068, 0.031068, -0.031068, 0.0, 0.031068, 0.0, -0.031068, 0.093205, 0.0, -0.062137, 0.0, 0.062137, -0.031068, -0.093205, -0.062137, 0.0, 0.093205, -0.062137, 0.0, 0.031068, -0.031068, -0.031068, 0.031068, -0.062137, 0.062137, 0.062137, 0.0, 0.0, -0.093205, 0.062137, -0.062137, 0.0, 0.186411, -0.124274, 0.031068, -0.031068, 0.031068, 0.031068, 0.093205, 0.186411, -0.031068, 0.031068, -0.062137, -0.062137, -0.031068, 0.0, -0.062137, 0.0, 0.093205, 0.031068, -0.062137, 0.0, 0.0, 0.031068, 0.0, 0.0, -0.062137, 0.0, -0.062137, -0.062137, 0.031068, -0.062137, -0.062137, -0.031068, 0.093205, -0.062137, 0.062137, 0.0, 0.0, 0.0, -0.124274, -0.062137, -0.031068, -0.031068, 0.062137, 0.0, 0.062137, 0.0, 0.0, 0.0, -0.062137, 0.0, 0.031068, -0.062137, 0.062137, 0.0, 0.0, 0.0, 0.0, -0.031068, 0.031068, -0.031068, 0.031068, -0.031068, 0.0, -0.031068, 0.0, -0.031068, -0.031068, 0.0, 0.0, 0.031068, -0.031068, -0.093205, 0.0, 0.031068, 0.0, -0.031068, 0.062137, -0.031068, -0.031068, -0.062137, 0.062137, 0.031068, 0.0, 0.031068, -0.093205, -0.062137, -0.031068, 0.0, 0.0, 0.031068, -0.031068, 0.031068, 0.0, 0.031068, 0.0, 0.031068, 0.031068, -0.093205, 0.062137, -0.031068, 0.031068, 0.0, 0.093205, -0.062137, 0.031068, 0.0, 0.093205, 0.0, -0.093205, 0.0, 0.031068, 0.062137, 0.0, 0.031068, 0.0, 0.031068, 0.0, -0.093205, 0.0, 0.124274, -0.031068, -0.031068, 0.0, -0.093205, 0.062137, 0.0, 0.0, -0.031068, -0.031068, 0.031068, 0.031068, -0.031068, 0.031068, 0.031068, 0.031068, 0.031068, -0.031068, 0.0, 0.0, -0.062137, 0.0, 0.0, -0.186411, 0.031068, 0.0, 0.062137, 0.062137, 0.062137, 0.0, -0.031068, -0.062137, 0.031068, 0.0, 0.031068, 0.031068, 0.031068, 0.0]",12,6,6,67,87,0.5411,0.5616,0.5227,0.4589,1.0,0.4746,0.3333,0.5348,2026-09-19T15:26:20
e5c6ef80-1415-433a-aa2a-bbee8af31115,P-FB0E050FB9,T7,high,medium,google/gemma-4-31b-it,1,Neutral Engagement Agent,You are organizing a small birthday celebration at home. How do you make sure everything is ready?,"[0.0411, 0.0, 0.0, -0.0411, -0.082199, 0.0, 0.0, 0.0, 0.0411, -0.0411, 0.0, 0.0411, 0.082199, 0.0, -0.0411, 0.0411, -0.0411, 0.0, 0.0, 0.0411, 0.0411, 0.082199, -0.082199, 0.0, 0.0, 0.0, 0.0, 0.0, 0.0, 0.0411, -0.0411, 0.0, 0.0, 0.082199, 0.123299, -0.082199, -0.0411, 0.0411, 0.0411, 0.0411, 0.0, -0.0411, 0.0411, 0.0, 0.0, -0.082199, 0.0411, -0.0411, 0.0, -0.0411, 0.0, 0.0411, 0.0, 0.0, 0.0, -0.0411, 0.0, -0.0411, 0.0411, -0.0411, 0.0, 0.0, 0.0411, 0.0411, 0.0, -0.123299, 0.0, -0.0411, 0.0, -0.082199, -0.0411, 0.0411, 0.0, -0.0411, 0.0, -0.082199, 0.082199, -0.082199, -0.123299, -0.0411, 0.0411, 0.082199, -0.0411, -0.0411, 0.0, -0.123299, 0.0, -0.123299, 0.0411, -0.082199, 0.0, 0.123299, -0.082199, -0.082199, -0.0411, 0.0, 0.0, -0.082199, 0.0411, 0.0, 0.0411, 0.0, -0.0411, 0.0411, 0.0411, 0.0411, 0.0, 0.0, 0.0411, 0.0411, 0.0411, 0.0, 0.0, 0.0411, -0.082199, 0.082199, -0.082199, -0.0411, -0.0411, 0.0, 0.0, -0.0411, -0.0411, 0.0, 0.0, 0.0, -0.082199, 0.0, -0.0411, 0.0411, 0.082199, 0.0, -0.0411, 0.164399, -0.0411, 0.0411, 0.0, -0.082199, 0.0, 0.0, -0.082199, 0.0, 0.0, 0.0411, 0.0411, 0.0, 0.0, -0.0411, 0.0411, 0.0411, 0.0, -0.164399, 0.0, 0.0411, 0.0, -0.0411, 0.0, 0.0411, 0.123299, -0.082199, 0.0, -0.0411, 0.0, 0.0, -0.0411, 0.0411, 0.0411, 0.0411, 0.0, 0.0411, 0.0411, 0.0411, 0.0, 0.0411, 0.0, 0.0, 0.164399, 0.082199, -0.0411, 0.0, -0.123299, 0.0, 0.082199, 0.0411, -0.082199, 0.0, 0.0411, 0.082199, 0.0411, 0.0411, 0.0, 0.123299, 0.082199, -0.0411, -0.082199, 0.0, 0.082199, 0.0, 0.0, 0.0, 0.0, -0.0411, 0.0411, -0.0411, -0.0411, 0.0411, 0.0, 0.0, 0.0, -0.082199, 0.0411, 0.0, 0.0, 0.0, 0.0411, 0.082199, -0.0411, -0.082199, -0.0411, 0.0, 0.0411, 0.0, 0.082199, -0.082199, -0.0411, 0.0, -0.0411, 0.164399, -0.164399, 0.0411, 0.0, -0.082199, -0.123299, -0.082199, 0.0, -0.082199, 0.0, 0.0, 0.0, 0.0411, 0.0, -0.0411, 0.082199, 0.082199, 0.0411, -0.0411, 0.0, 0.082199, 0.0411, 0.0411, -0.0411, 0.0, 0.0411, 0.0411, 0.0411, -0.082199, -0.0411, -0.0411, -0.0411, 0.0411, 0.0, -0.0411, 0.0, 0.0411, 0.0, -0.082199, -0.0411, 0.0411, 0.0411, 0.082199, -0.0411, -0.0411, 0.0411, -0.0411, -0.0411, -0.0411, 0.0, -0.082199, 0.0, 0.0411, 0.0411, -0.0411, 0.0, 0.0, 0.0, 0.0411, -0.0411, 0.0, 0.0, 0.0, 0.0, 0.0411, 0.0, 0.0411, 0.0, 0.0, -0.0411, 0.123299, 0.0, 0.0, 0.0, 0.0411, 0.0, 0.0, 0.0, 0.082199, -0.0411, 0.0411, 0.0, 0.0, 0.082199, 0.0, -0.123299, 0.0411, -0.123299, 0.0411, 0.0, 0.0, 0.0, 0.0, 0.0, -0.0411, 0.0, 0.0411, -0.082199, 0.0, -0.0411, 0.0411, 0.0, 0.0, 0.0411, 0.123299, 0.0, -0.0411, 0.082199, -0.0411, 0.0, -0.0411, 0.0, 0.0, 0.0, -0.082199, -0.0411, -0.082199, 0.0, 0.0, 0.0, 0.0, -0.0411, -0.0411, 0.0, 0.0, 0.0, -0.0411, -0.0411, -0.0411, 0.0, 0.0411, 0.0, 0.0411, 0.0, 0.0411, 0.0, 0.0, 0.0, -0.0411, -0.0411, -0.082199, 0.0, -0.123299, 0.0, 0.0, 0.0411, -0.082199, 0.0, 0.0, -0.082199, 0.0, 0.0, 0.0, 0.0411, 0.0, -0.0411, -0.082199]",12,6,6,119,155,0.5393,0.5568,0.5303,0.4607,1.0,0.24,0.3333,0.5365,2026-09-19T15:26:20
